traffic_multiplier,power_threat,backup_duration_s,metric,mean,sd,ci95_low,ci95_high,n
0.5,0.0,0.0,control_on_time_fraction,0.999277108433735,0.016164346825299686,0.9978602409638554,1.0006939759036144,500
0.5,0.0,0.0,control_delivery_fraction,1.0,0.0,1.0,1.0,500
0.5,0.0,0.0,control_latency_p95_ms,105.96402002074284,49.85312878648643,101.59420061432354,110.33383942716213,500
0.5,0.0,0.0,attempt_drop_fraction,0.0,0.0,0.0,0.0,500
0.5,0.0,0.0,algebraic_support,1.0,0.0,1.0,1.0,500
0.5,0.0,60.0,control_on_time_fraction,0.999435582822086,0.01262075177484544,0.9983293251533744,1.0005418404907978,500
0.5,0.0,60.0,control_delivery_fraction,1.0,0.0,1.0,1.0,500
0.5,0.0,60.0,control_latency_p95_ms,105.84290062614585,54.07012727993478,101.10344500426585,110.58235624802585,500
0.5,0.0,60.0,attempt_drop_fraction,0.0,0.0,0.0,0.0,500
0.5,0.0,60.0,algebraic_support,1.0,0.0,1.0,1.0,500
0.5,0.0,300.0,control_on_time_fraction,0.9990666666666667,0.02086996778999804,0.9972373333333333,1.000896,500
0.5,0.0,300.0,control_delivery_fraction,1.0,0.0,1.0,1.0,500
0.5,0.0,300.0,control_latency_p95_ms,105.86260881667785,58.986610973797404,100.6922043982078,111.03301323514789,500
0.5,0.0,300.0,attempt_drop_fraction,0.0,0.0,0.0,0.0,500
0.5,0.0,300.0,algebraic_support,1.0,0.0,1.0,1.0,500
0.5,0.4494256856758202,0.0,control_on_time_fraction,0.9977416666666667,0.00909997772915966,0.9952192815299801,1.0002640518033534,50
0.5,0.4494256856758202,0.0,control_delivery_fraction,1.0,0.0,1.0,1.0,50
0.5,0.4494256856758202,0.0,control_latency_p95_ms,220.24948854144614,66.98869365504979,201.68116999929106,238.81780708360122,50
0.5,0.4494256856758202,0.0,attempt_drop_fraction,0.0,0.0,0.0,0.0,50
0.5,0.4494256856758202,0.0,algebraic_support,1.0,0.0,1.0,1.0,50
0.5,0.4494256856758202,60.0,control_on_time_fraction,0.9987487781036168,0.006195091144548133,0.9970315864479324,1.0004659697593012,50
0.5,0.4494256856758202,60.0,control_delivery_fraction,1.0,0.0,1.0,1.0,50
0.5,0.4494256856758202,60.0,control_latency_p95_ms,175.1369573978317,52.74354957818033,160.51719134216427,189.75672345349915,50
0.5,0.4494256856758202,60.0,attempt_drop_fraction,0.0,0.0,0.0,0.0,50
0.5,0.4494256856758202,60.0,algebraic_support,1.0,0.0,1.0,1.0,50
0.5,0.4494256856758202,300.0,control_on_time_fraction,1.0,0.0,1.0,1.0,50
0.5,0.4494256856758202,300.0,control_delivery_fraction,1.0,0.0,1.0,1.0,50
0.5,0.4494256856758202,300.0,control_latency_p95_ms,133.65746040214967,37.748253751784155,123.19417828946152,144.12074251483781,50
0.5,0.4494256856758202,300.0,attempt_drop_fraction,0.0,0.0,0.0,0.0,50
0.5,0.4494256856758202,300.0,algebraic_support,1.0,0.0,1.0,1.0,50
0.5,0.46412724129324684,0.0,control_on_time_fraction,0.9950245672907649,0.012737156344503966,0.991494007678066,0.9985551269034639,50
0.5,0.46412724129324684,0.0,control_delivery_fraction,1.0,0.0,1.0,1.0,50
0.5,0.46412724129324684,0.0,control_latency_p95_ms,234.4086785394017,67.8429448213556,215.60357365457435,253.21378342422906,50
0.5,0.46412724129324684,0.0,attempt_drop_fraction,0.0,0.0,0.0,0.0,50
0.5,0.46412724129324684,0.0,algebraic_support,1.0,0.0,1.0,1.0,50
0.5,0.46412724129324684,60.0,control_on_time_fraction,0.9953315348097956,0.013160383204006724,0.9916836626968215,0.9989794069227698,50
0.5,0.46412724129324684,60.0,control_delivery_fraction,1.0,0.0,1.0,1.0,50
0.5,0.46412724129324684,60.0,control_latency_p95_ms,199.2419617183273,63.25634779049754,181.70819666783115,216.77572676882346,50
0.5,0.46412724129324684,60.0,attempt_drop_fraction,0.0,0.0,0.0,0.0,50
0.5,0.46412724129324684,60.0,algebraic_support,1.0,0.0,1.0,1.0,50
0.5,0.46412724129324684,300.0,control_on_time_fraction,1.0,0.0,1.0,1.0,50
0.5,0.46412724129324684,300.0,control_delivery_fraction,1.0,0.0,1.0,1.0,50
0.5,0.46412724129324684,300.0,control_latency_p95_ms,132.58154924095405,40.78566116158408,121.27634074860114,143.88675773330695,50
0.5,0.46412724129324684,300.0,attempt_drop_fraction,0.0,0.0,0.0,0.0,50
0.5,0.46412724129324684,300.0,algebraic_support,1.0,0.0,1.0,1.0,50
0.5,0.4717503709822307,0.0,control_on_time_fraction,0.9979616036137776,0.008420874580803117,0.9956274562660915,1.0002957509614636,50
0.5,0.4717503709822307,0.0,control_delivery_fraction,1.0,0.0,1.0,1.0,50
0.5,0.4717503709822307,0.0,control_latency_p95_ms,232.36868491404041,67.4334702294596,213.67708059538913,251.0602892326917,50
0.5,0.4717503709822307,0.0,attempt_drop_fraction,0.0,0.0,0.0,0.0,50
0.5,0.4717503709822307,0.0,algebraic_support,1.0,0.0,1.0,1.0,50
0.5,0.4717503709822307,60.0,control_on_time_fraction,0.9992857142857143,0.005050762722761052,0.9978857142857144,1.0006857142857144,50
0.5,0.4717503709822307,60.0,control_delivery_fraction,1.0,0.0,1.0,1.0,50
0.5,0.4717503709822307,60.0,control_latency_p95_ms,194.05435728107025,68.48439938149107,175.0714502634793,213.0372642986612,50
0.5,0.4717503709822307,60.0,attempt_drop_fraction,0.0,0.0,0.0,0.0,50
0.5,0.4717503709822307,60.0,algebraic_support,1.0,0.0,1.0,1.0,50
0.5,0.4717503709822307,300.0,control_on_time_fraction,1.0,0.0,1.0,1.0,50
0.5,0.4717503709822307,300.0,control_delivery_fraction,1.0,0.0,1.0,1.0,50
0.5,0.4717503709822307,300.0,control_latency_p95_ms,126.39608543301755,38.390178482635406,115.75487086289246,137.03730000314263,50
0.5,0.4717503709822307,300.0,attempt_drop_fraction,0.0,0.0,0.0,0.0,50
0.5,0.4717503709822307,300.0,algebraic_support,1.0,0.0,1.0,1.0,50
0.5,0.4994479106030631,0.0,control_on_time_fraction,0.9762475893493534,0.1390744636549568,0.937698114783955,1.0147970639147519,50
0.5,0.4994479106030631,0.0,control_delivery_fraction,0.9939344262295083,0.042890083449020094,0.9820459016393444,1.0058229508196723,50
0.5,0.4994479106030631,0.0,control_latency_p95_ms,373.7939762538294,1000.8244077304549,96.3796038644092,651.2083486432496,50
0.5,0.4994479106030631,0.0,attempt_drop_fraction,0.012140845070422535,0.0858487387863104,-0.011655211267605626,0.0359369014084507,50
0.5,0.4994479106030631,0.0,algebraic_support,0.993456000620759,0.04627306337141826,0.9806297618374468,1.0062822394040714,50
0.5,0.4994479106030631,60.0,control_on_time_fraction,0.9820260576782315,0.11575223881598408,0.9499411740205431,1.01411094133592,50
0.5,0.4994479106030631,60.0,control_delivery_fraction,0.9980165289256198,0.01402525846981582,0.9941289256198347,1.0019041322314048,50
0.5,0.4994479106030631,60.0,control_latency_p95_ms,329.13799141519746,936.4784558054889,69.55940693341171,588.7165758969832,50
0.5,0.4994479106030631,60.0,attempt_drop_fraction,0.008092056421677802,0.05721947969512522,-0.007768374164810686,0.02395248700816629,50
0.5,0.4994479106030631,60.0,algebraic_support,0.9974856737700435,0.01777897127317497,0.9925575943593287,1.0024137531807584,50
0.5,0.4994479106030631,300.0,control_on_time_fraction,0.9920538922155688,0.049479742698142974,0.9783388072710256,1.005768977160112,50
0.5,0.4994479106030631,300.0,control_delivery_fraction,1.0,0.0,1.0,1.0,50
0.5,0.4994479106030631,300.0,control_latency_p95_ms,158.9617441426669,124.83606258590821,124.35895299734631,193.5645352879875,50
0.5,0.4994479106030631,300.0,attempt_drop_fraction,0.0,0.0,0.0,0.0,50
0.5,0.4994479106030631,300.0,algebraic_support,1.0,0.0,1.0,1.0,50
0.5,0.5688634704442851,0.0,control_on_time_fraction,0.9914073431441852,0.02201272538122464,0.9853057269675164,0.997508959320854,50
0.5,0.5688634704442851,0.0,control_delivery_fraction,1.0,0.0,1.0,1.0,50
0.5,0.5688634704442851,0.0,control_latency_p95_ms,322.08392543925015,94.87980570351202,295.7845850670889,348.3832658114114,50
0.5,0.5688634704442851,0.0,attempt_drop_fraction,0.0,0.0,0.0,0.0,50
0.5,0.5688634704442851,0.0,algebraic_support,1.0,0.0,1.0,1.0,50
0.5,0.5688634704442851,60.0,control_on_time_fraction,0.9914345422873978,0.01797289323614431,0.9864527104509486,0.996416374123847,50
0.5,0.5688634704442851,60.0,control_delivery_fraction,1.0,0.0,1.0,1.0,50
0.5,0.5688634704442851,60.0,control_latency_p95_ms,250.37295867711225,88.21870575648514,225.919981010491,274.8259363437335,50
0.5,0.5688634704442851,60.0,attempt_drop_fraction,0.0,0.0,0.0,0.0,50
0.5,0.5688634704442851,60.0,algebraic_support,1.0,0.0,1.0,1.0,50
0.5,0.5688634704442851,300.0,control_on_time_fraction,1.0,0.0,1.0,1.0,50
0.5,0.5688634704442851,300.0,control_delivery_fraction,1.0,0.0,1.0,1.0,50
0.5,0.5688634704442851,300.0,control_latency_p95_ms,147.73169394121155,49.29208448020591,134.06862520086023,161.39476268156287,50
0.5,0.5688634704442851,300.0,attempt_drop_fraction,0.0,0.0,0.0,0.0,50
0.5,0.5688634704442851,300.0,algebraic_support,1.0,0.0,1.0,1.0,50
0.5,0.5929419665133093,0.0,control_on_time_fraction,0.9862671164739676,0.033512555890948884,0.9769779099080174,0.9955563230399178,50
0.5,0.5929419665133093,0.0,control_delivery_fraction,1.0,0.0,1.0,1.0,50
0.5,0.5929419665133093,0.0,control_latency_p95_ms,313.5724571892265,110.80860417960383,282.85787914097466,344.28703523747834,50
0.5,0.5929419665133093,0.0,attempt_drop_fraction,0.0,0.0,0.0,0.0,50
0.5,0.5929419665133093,0.0,algebraic_support,1.0,0.0,1.0,1.0,50
0.5,0.5929419665133093,60.0,control_on_time_fraction,0.9956995592065718,0.013178474371253815,0.992046672477878,0.9993524459352656,50
0.5,0.5929419665133093,60.0,control_delivery_fraction,1.0,0.0,1.0,1.0,50
0.5,0.5929419665133093,60.0,control_latency_p95_ms,239.39270204412037,76.63008785250673,218.15192537685644,260.6334787113843,50
0.5,0.5929419665133093,60.0,attempt_drop_fraction,0.0,0.0,0.0,0.0,50
0.5,0.5929419665133093,60.0,algebraic_support,1.0,0.0,1.0,1.0,50
0.5,0.5929419665133093,300.0,control_on_time_fraction,1.0,0.0,1.0,1.0,50
0.5,0.5929419665133093,300.0,control_delivery_fraction,1.0,0.0,1.0,1.0,50
0.5,0.5929419665133093,300.0,control_latency_p95_ms,145.88381225564817,51.53015051264131,131.60038326133173,160.1672412499646,50
0.5,0.5929419665133093,300.0,attempt_drop_fraction,0.0,0.0,0.0,0.0,50
0.5,0.5929419665133093,300.0,algebraic_support,1.0,0.0,1.0,1.0,50
0.5,0.7795591201968467,0.0,control_on_time_fraction,0.897931400759958,0.08368260673299031,0.8747357655941583,0.9211270359257577,50
0.5,0.7795591201968467,0.0,control_delivery_fraction,1.0,0.0,1.0,1.0,50
0.5,0.7795591201968467,0.0,control_latency_p95_ms,590.5418694418082,203.3373630742611,534.179627948835,646.9041109347814,50
0.5,0.7795591201968467,0.0,attempt_drop_fraction,0.0,0.0,0.0,0.0,50
0.5,0.7795591201968467,0.0,algebraic_support,1.0,0.0,1.0,1.0,50
0.5,0.7795591201968467,60.0,control_on_time_fraction,0.9426098553270381,0.058163362595874485,0.9264877937486414,0.9587319169054348,50
0.5,0.7795591201968467,60.0,control_delivery_fraction,1.0,0.0,1.0,1.0,50
0.5,0.7795591201968467,60.0,control_latency_p95_ms,447.0194136962013,179.5398455260152,397.2535075284661,496.7853198639365,50
0.5,0.7795591201968467,60.0,attempt_drop_fraction,0.0,0.0,0.0,0.0,50
0.5,0.7795591201968467,60.0,algebraic_support,1.0,0.0,1.0,1.0,50
0.5,0.7795591201968467,300.0,control_on_time_fraction,1.0,0.0,1.0,1.0,50
0.5,0.7795591201968467,300.0,control_delivery_fraction,1.0,0.0,1.0,1.0,50
0.5,0.7795591201968467,300.0,control_latency_p95_ms,168.90236545570636,51.84715151437959,154.53106826666487,183.27366264474784,50
0.5,0.7795591201968467,300.0,attempt_drop_fraction,0.0,0.0,0.0,0.0,50
0.5,0.7795591201968467,300.0,algebraic_support,1.0,0.0,1.0,1.0,50
0.5,0.8329233627577894,0.0,control_on_time_fraction,0.8090068048593051,0.15588347443357906,0.7657981102153189,0.8522154995032913,50
0.5,0.8329233627577894,0.0,control_delivery_fraction,1.0,0.0,1.0,1.0,50
0.5,0.8329233627577894,0.0,control_latency_p95_ms,800.1685880115475,490.76153837371726,664.1364298135453,936.2007462095497,50
0.5,0.8329233627577894,0.0,attempt_drop_fraction,0.0,0.0,0.0,0.0,50
0.5,0.8329233627577894,0.0,algebraic_support,1.0,0.0,1.0,1.0,50
0.5,0.8329233627577894,60.0,control_on_time_fraction,0.8992576114726809,0.08369565060642055,0.8760583607296298,0.922456862215732,50
0.5,0.8329233627577894,60.0,control_delivery_fraction,1.0,0.0,1.0,1.0,50
0.5,0.8329233627577894,60.0,control_latency_p95_ms,622.6749518828217,291.75419534853813,541.8048148543559,703.5450889112875,50
0.5,0.8329233627577894,60.0,attempt_drop_fraction,0.0,0.0,0.0,0.0,50
0.5,0.8329233627577894,60.0,algebraic_support,1.0,0.0,1.0,1.0,50
0.5,0.8329233627577894,300.0,control_on_time_fraction,0.9982213438735178,0.008804328701023526,0.9957809084664285,1.0006617792806072,50
0.5,0.8329233627577894,300.0,control_delivery_fraction,1.0,0.0,1.0,1.0,50
0.5,0.8329233627577894,300.0,control_latency_p95_ms,181.23450323351335,59.41641133095318,164.76511426608596,197.70389220094074,50
0.5,0.8329233627577894,300.0,attempt_drop_fraction,0.0,0.0,0.0,0.0,50
0.5,0.8329233627577894,300.0,algebraic_support,1.0,0.0,1.0,1.0,50
0.5,0.8798162352262834,0.0,control_on_time_fraction,0.7052774750761707,0.17992297021972517,0.6554053721614023,0.7551495779909391,50
0.5,0.8798162352262834,0.0,control_delivery_fraction,1.0,0.0,1.0,1.0,50
0.5,0.8798162352262834,0.0,control_latency_p95_ms,1174.93367888558,823.9355293227001,946.5504020680935,1403.3169557030667,50
0.5,0.8798162352262834,0.0,attempt_drop_fraction,0.0,0.0,0.0,0.0,50
0.5,0.8798162352262834,0.0,algebraic_support,1.0,0.0,1.0,1.0,50
0.5,0.8798162352262834,60.0,control_on_time_fraction,0.837601145670765,0.09951933191321195,0.8100157942444102,0.8651864970971199,50
0.5,0.8798162352262834,60.0,control_delivery_fraction,1.0,0.0,1.0,1.0,50
0.5,0.8798162352262834,60.0,control_latency_p95_ms,890.421851360077,853.1412791725662,653.9431537053468,1126.900549014807,50
0.5,0.8798162352262834,60.0,attempt_drop_fraction,0.0,0.0,0.0,0.0,50
0.5,0.8798162352262834,60.0,algebraic_support,1.0,0.0,1.0,1.0,50
0.5,0.8798162352262834,300.0,control_on_time_fraction,0.9989844683393071,0.005213704520944158,0.997539303177137,1.0004296335014773,50
0.5,0.8798162352262834,300.0,control_delivery_fraction,1.0,0.0,1.0,1.0,50
0.5,0.8798162352262834,300.0,control_latency_p95_ms,183.69398652565428,50.98025373296481,169.56298114214772,197.82499190916084,50
0.5,0.8798162352262834,300.0,attempt_drop_fraction,0.0,0.0,0.0,0.0,50
0.5,0.8798162352262834,300.0,algebraic_support,1.0,0.0,1.0,1.0,50
0.5,1.0,0.0,control_on_time_fraction,0.2838821501809601,0.1434687253597499,0.24411464841365282,0.32364965194826734,50
0.5,1.0,0.0,control_delivery_fraction,1.0,0.0,1.0,1.0,50
0.5,1.0,0.0,control_latency_p95_ms,3898.666714372693,2376.6719877243763,3239.8868497356943,4557.446579009692,50
0.5,1.0,0.0,attempt_drop_fraction,0.0,0.0,0.0,0.0,50
0.5,1.0,0.0,algebraic_support,1.0,0.0,1.0,1.0,50
0.5,1.0,60.0,control_on_time_fraction,0.644075196526646,0.12788315274437795,0.6086277950806607,0.6795225979726314,50
0.5,1.0,60.0,control_delivery_fraction,0.9993103448275862,0.004876598490941702,0.9979586206896551,1.0006620689655172,50
0.5,1.0,60.0,control_latency_p95_ms,2492.283018455048,1701.364922504535,2020.6887222565024,2963.8773146535937,50
0.5,1.0,60.0,attempt_drop_fraction,0.0,0.0,0.0,0.0,50
0.5,1.0,60.0,algebraic_support,1.0,0.0,1.0,1.0,50
0.5,1.0,300.0,control_on_time_fraction,0.9992857142857143,0.005050762722761052,0.9978857142857144,1.0006857142857144,50
0.5,1.0,300.0,control_delivery_fraction,1.0,0.0,1.0,1.0,50
0.5,1.0,300.0,control_latency_p95_ms,179.9973377601062,57.2152174545886,164.13808860641882,195.8565869137936,50
0.5,1.0,300.0,attempt_drop_fraction,0.0,0.0,0.0,0.0,50
0.5,1.0,300.0,algebraic_support,1.0,0.0,1.0,1.0,50
1.0,0.0,0.0,control_on_time_fraction,0.9979664823194235,0.044600811965278764,0.9940570487811063,1.0018759158577406,500
1.0,0.0,0.0,control_delivery_fraction,0.999031339031339,0.021659917730767194,0.9971327635327635,1.0009299145299144,500
1.0,0.0,0.0,control_latency_p95_ms,141.08149058266963,169.00040380426626,126.2679520503245,155.89502911501478,500
1.0,0.0,0.0,attempt_drop_fraction,0.001540049078210533,0.034436544275646415,-0.0014784471150821109,0.0045585452715031765,500
1.0,0.0,0.0,algebraic_support,0.9990417470615311,0.02142718710055113,0.9971635713021323,1.00091992282093,500
1.0,0.0,60.0,control_on_time_fraction,0.9980106666666667,0.04448284563239582,0.9941115733333333,1.00190976,500
1.0,0.0,60.0,control_delivery_fraction,0.9990986666666667,0.020154426037198102,0.9973320533333334,1.00086528,500
1.0,0.0,60.0,control_latency_p95_ms,139.7040540225225,171.38211651687536,124.68174916626921,154.7263588787758,500
1.0,0.0,60.0,attempt_drop_fraction,0.0015341630367143747,0.03430492838660847,-0.0014727965152457995,0.004541122588674549,500
1.0,0.0,60.0,algebraic_support,0.9990417470615311,0.02142718710055113,0.9971635713021323,1.00091992282093,500
1.0,0.0,300.0,control_on_time_fraction,0.9979166666666668,0.044737390764741855,0.9939952614687382,1.0018380718645954,500
1.0,0.0,300.0,control_delivery_fraction,0.999079754601227,0.020577312676378433,0.9972760736196319,1.000883435582822,500
1.0,0.0,300.0,control_latency_p95_ms,138.5752081935086,167.5618438834267,123.88776499785345,153.26265138916372,500
1.0,0.0,300.0,attempt_drop_fraction,0.0015392070484581497,0.034417715917992364,-0.001477638766519824,0.0045560528634361235,500
1.0,0.0,300.0,algebraic_support,0.9990417470615311,0.02142718710055113,0.9971635713021323,1.00091992282093,500
1.0,0.4494256856758202,0.0,control_on_time_fraction,0.983981499043886,0.01919461866750369,0.97866102219523,0.989301975892542,50
1.0,0.4494256856758202,0.0,control_delivery_fraction,1.0,0.0,1.0,1.0,50
1.0,0.4494256856758202,0.0,control_latency_p95_ms,334.9118199682278,77.07860801004655,313.54671985616494,356.27692008029067,50
1.0,0.4494256856758202,0.0,attempt_drop_fraction,0.0,0.0,0.0,0.0,50
1.0,0.4494256856758202,0.0,algebraic_support,1.0,0.0,1.0,1.0,50
1.0,0.4494256856758202,60.0,control_on_time_fraction,0.9885464954249885,0.017046584179653455,0.9838214233593444,0.9932715674906326,50
1.0,0.4494256856758202,60.0,control_delivery_fraction,1.0,0.0,1.0,1.0,50
1.0,0.4494256856758202,60.0,control_latency_p95_ms,289.66357104533853,80.58800645783327,267.32571531267195,312.0014267780051,50
1.0,0.4494256856758202,60.0,attempt_drop_fraction,0.0,0.0,0.0,0.0,50
1.0,0.4494256856758202,60.0,algebraic_support,1.0,0.0,1.0,1.0,50
1.0,0.4494256856758202,300.0,control_on_time_fraction,0.9982842456859882,0.007543929294910259,0.9961931751699888,1.0003753162019875,50
1.0,0.4494256856758202,300.0,control_delivery_fraction,1.0,0.0,1.0,1.0,50
1.0,0.4494256856758202,300.0,control_latency_p95_ms,180.5756128870313,51.97434157005914,166.1690604132486,194.982165360814,50
1.0,0.4494256856758202,300.0,attempt_drop_fraction,0.0,0.0,0.0,0.0,50
1.0,0.4494256856758202,300.0,algebraic_support,1.0,0.0,1.0,1.0,50
1.0,0.46412724129324684,0.0,control_on_time_fraction,0.9336105095454222,0.13523537497676036,0.8961251760700921,0.9710958430207524,50
1.0,0.46412724129324684,0.0,control_delivery_fraction,1.0,0.0,1.0,1.0,50
1.0,0.46412724129324684,0.0,control_latency_p95_ms,487.0138473354003,346.36016133674923,391.0077087602802,583.0199859105205,50
1.0,0.46412724129324684,0.0,attempt_drop_fraction,0.0,0.0,0.0,0.0,50
1.0,0.46412724129324684,0.0,algebraic_support,1.0,0.0,1.0,1.0,50
1.0,0.46412724129324684,60.0,control_on_time_fraction,0.9725260761166638,0.06525071242057034,0.954439501394567,0.9906126508387605,50
1.0,0.46412724129324684,60.0,control_delivery_fraction,1.0,0.0,1.0,1.0,50
1.0,0.46412724129324684,60.0,control_latency_p95_ms,378.1987629733758,432.0915764170889,258.4290885323571,497.96843741439443,50
1.0,0.46412724129324684,60.0,attempt_drop_fraction,0.0,0.0,0.0,0.0,50
1.0,0.46412724129324684,60.0,algebraic_support,1.0,0.0,1.0,1.0,50
1.0,0.46412724129324684,300.0,control_on_time_fraction,0.9994495412844038,0.0038923309056140155,0.998370642201835,1.0005284403669725,50
1.0,0.46412724129324684,300.0,control_delivery_fraction,1.0,0.0,1.0,1.0,50
1.0,0.46412724129324684,300.0,control_latency_p95_ms,192.37899538793678,49.14583686792776,178.75646441750817,206.0015263583654,50
1.0,0.46412724129324684,300.0,attempt_drop_fraction,0.0,0.0,0.0,0.0,50
1.0,0.46412724129324684,300.0,algebraic_support,1.0,0.0,1.0,1.0,50
1.0,0.4717503709822307,0.0,control_on_time_fraction,0.9610309567195161,0.0625592833433638,0.943690408076037,0.9783715053629952,50
1.0,0.4717503709822307,0.0,control_delivery_fraction,1.0,0.0,1.0,1.0,50
1.0,0.4717503709822307,0.0,control_latency_p95_ms,416.3506401910623,165.44378857302883,370.4919616674309,462.2093187146937,50
1.0,0.4717503709822307,0.0,attempt_drop_fraction,0.0,0.0,0.0,0.0,50
1.0,0.4717503709822307,0.0,algebraic_support,1.0,0.0,1.0,1.0,50
1.0,0.4717503709822307,60.0,control_on_time_fraction,0.9812288854655621,0.048938247195994315,0.967663895416507,0.9947938755146172,50
1.0,0.4717503709822307,60.0,control_delivery_fraction,1.0,0.0,1.0,1.0,50
1.0,0.4717503709822307,60.0,control_latency_p95_ms,356.83116354986834,367.8404430853273,254.87099464335103,458.79133245638565,50
1.0,0.4717503709822307,60.0,attempt_drop_fraction,0.0,0.0,0.0,0.0,50
1.0,0.4717503709822307,60.0,algebraic_support,1.0,0.0,1.0,1.0,50
1.0,0.4717503709822307,300.0,control_on_time_fraction,0.9995833333333334,0.0029462782549439536,0.9987666666666667,1.0004,50
1.0,0.4717503709822307,300.0,control_delivery_fraction,1.0,0.0,1.0,1.0,50
1.0,0.4717503709822307,300.0,control_latency_p95_ms,176.59538342470202,31.945673355636035,167.7404945390405,185.45027231036354,50
1.0,0.4717503709822307,300.0,attempt_drop_fraction,0.0,0.0,0.0,0.0,50
1.0,0.4717503709822307,300.0,algebraic_support,1.0,0.0,1.0,1.0,50
1.0,0.4994479106030631,0.0,control_on_time_fraction,0.9469288588258159,0.1414994016618867,0.9077072257378239,0.9861504919138079,50
1.0,0.4994479106030631,0.0,control_delivery_fraction,0.9865682656826569,0.0949767041888942,0.9602420664206642,1.0128944649446494,50
1.0,0.4994479106030631,0.0,control_latency_p95_ms,548.6634615198233,950.3619287384143,285.23657467797926,812.0903483616673,50
1.0,0.4994479106030631,0.0,attempt_drop_fraction,0.017150735294117647,0.12127401228806045,-0.016464705882352937,0.05076617647058823,50
1.0,0.4994479106030631,0.0,algebraic_support,0.9867280003103795,0.09384720980436385,0.9607148809187235,1.0127411197020357,50
1.0,0.4994479106030631,60.0,control_on_time_fraction,0.9657796848703027,0.14017627871374447,0.926924802752229,1.0046345669883765,50
1.0,0.4994479106030631,60.0,control_delivery_fraction,0.9883974358974359,0.08204251756074685,0.9656564102564102,1.0111384615384615,50
1.0,0.4994479106030631,60.0,control_latency_p95_ms,454.09927774185724,919.5417110676924,199.2153193857575,708.9832360979569,50
1.0,0.4994479106030631,60.0,attempt_drop_fraction,0.016048873615883925,0.1134826736419739,-0.015406918671248562,0.04750466590301641,50
1.0,0.4994479106030631,60.0,algebraic_support,0.9887428368850217,0.07960016375524225,0.9666787971796643,1.0108068765903793,50
1.0,0.4994479106030631,300.0,control_on_time_fraction,0.9801544401544402,0.1403292994323882,0.9412571428571429,1.0190517374517376,50
1.0,0.4994479106030631,300.0,control_delivery_fraction,0.991119691119691,0.06279326628297525,0.9737142857142856,1.0085250965250965,50
1.0,0.4994479106030631,300.0,control_latency_p95_ms,274.52936742087564,621.7038227365333,102.20185975380767,446.85687508794365,50
1.0,0.4994479106030631,300.0,attempt_drop_fraction,0.014875833802137748,0.10518802957295664,-0.01428080045005224,0.044032468054327735,50
1.0,0.4994479106030631,300.0,algebraic_support,0.9907576734596639,0.0653531177061206,0.9726427134406052,1.0088726334787226,50
1.0,0.5688634704442851,0.0,control_on_time_fraction,0.8736827420382055,0.22691094996136005,0.8107862356324872,0.9365792484439238,50
1.0,0.5688634704442851,0.0,control_delivery_fraction,0.997911562432839,0.008483465975901994,0.9955600656355849,1.000263059230093,50
1.0,0.5688634704442851,0.0,control_latency_p95_ms,992.9733951202605,1789.887029535838,496.8420227123467,1489.1047675281743,50
1.0,0.5688634704442851,0.0,attempt_drop_fraction,0.007611267103202346,0.03243259022324676,-0.0013785882522921577,0.016601122458696847,50
1.0,0.5688634704442851,0.0,algebraic_support,0.9985532601984559,0.00805689262257743,0.9963200035022391,1.0007865168946728,50
1.0,0.5688634704442851,60.0,control_on_time_fraction,0.9333240688199467,0.11153764159453346,0.9024074119101594,0.964240725729734,50
1.0,0.5688634704442851,60.0,control_delivery_fraction,0.9997530864197531,0.0017459426695964214,0.9992691358024692,1.000237037037037,50
1.0,0.5688634704442851,60.0,control_latency_p95_ms,682.780783158553,1066.3342298096516,387.2080145139354,978.3535518031707,50
1.0,0.5688634704442851,60.0,attempt_drop_fraction,0.0010363247863247865,0.0073279228392195625,-0.0009948717948717943,0.003067521367521367,50
1.0,0.5688634704442851,60.0,algebraic_support,1.0,0.0,1.0,1.0,50
1.0,0.5688634704442851,300.0,control_on_time_fraction,0.997552649050868,0.0072858872827110234,0.9955331041314782,0.9995721939702579,50
1.0,0.5688634704442851,300.0,control_delivery_fraction,1.0,0.0,1.0,1.0,50
1.0,0.5688634704442851,300.0,control_latency_p95_ms,196.76576968145298,57.905119569512564,180.71528941794907,212.8162499449569,50
1.0,0.5688634704442851,300.0,attempt_drop_fraction,0.0,0.0,0.0,0.0,50
1.0,0.5688634704442851,300.0,algebraic_support,1.0,0.0,1.0,1.0,50
1.0,0.5929419665133093,0.0,control_on_time_fraction,0.9131361065290627,0.059648103570567025,0.8966024957493539,0.9296697173087716,50
1.0,0.5929419665133093,0.0,control_delivery_fraction,1.0,0.0,1.0,1.0,50
1.0,0.5929419665133093,0.0,control_latency_p95_ms,566.093513414579,148.4406697300169,524.9478589799517,607.2391678492063,50
1.0,0.5929419665133093,0.0,attempt_drop_fraction,0.0,0.0,0.0,0.0,50
1.0,0.5929419665133093,0.0,algebraic_support,1.0,0.0,1.0,1.0,50
1.0,0.5929419665133093,60.0,control_on_time_fraction,0.9422104901441447,0.04264096450280371,0.9303910178028879,0.9540299624854015,50
1.0,0.5929419665133093,60.0,control_delivery_fraction,1.0,0.0,1.0,1.0,50
1.0,0.5929419665133093,60.0,control_latency_p95_ms,503.3840759118095,171.874355209564,455.7429352561562,551.0252165674627,50
1.0,0.5929419665133093,60.0,attempt_drop_fraction,0.0,0.0,0.0,0.0,50
1.0,0.5929419665133093,60.0,algebraic_support,1.0,0.0,1.0,1.0,50
1.0,0.5929419665133093,300.0,control_on_time_fraction,0.9988181818181817,0.004754914191953975,0.9975001868470981,1.0001361767892654,50
1.0,0.5929419665133093,300.0,control_delivery_fraction,1.0,0.0,1.0,1.0,50
1.0,0.5929419665133093,300.0,control_latency_p95_ms,197.84772031194777,41.12561894639907,186.44828032925062,209.2471602946449,50
1.0,0.5929419665133093,300.0,attempt_drop_fraction,0.0,0.0,0.0,0.0,50
1.0,0.5929419665133093,300.0,algebraic_support,1.0,0.0,1.0,1.0,50
1.0,0.7795591201968467,0.0,control_on_time_fraction,0.29456436959147964,0.18112981053291533,0.24435774760875892,0.3447709915742003,50
1.0,0.7795591201968467,0.0,control_delivery_fraction,0.984452416437386,0.047456148132547005,0.9712982432892072,0.9976065895855648,50
1.0,0.7795591201968467,0.0,control_latency_p95_ms,4276.164830737444,3544.1977991561444,3293.7633220587436,5258.566339416146,50
1.0,0.7795591201968467,0.0,attempt_drop_fraction,0.0357978117687507,0.10256201820073674,0.0073690707324784305,0.06422655280502297,50
1.0,0.7795591201968467,0.0,algebraic_support,0.9789515361388442,0.05366227331358385,0.9640771128561072,0.9938259594215813,50
1.0,0.7795591201968467,60.0,control_on_time_fraction,0.6246848338622469,0.12425293535760969,0.5902436773381567,0.6591259903863371,50
1.0,0.7795591201968467,60.0,control_delivery_fraction,0.9972385351576528,0.010593861218922706,0.9943020666437679,1.0001750036715378,50
1.0,0.7795591201968467,60.0,control_latency_p95_ms,3375.372371072578,2683.4045141091015,2631.570587864068,4119.174154281088,50
1.0,0.7795591201968467,60.0,attempt_drop_fraction,0.008344676911274447,0.033467673000077976,-0.0009320887520500639,0.01762144257459896,50
1.0,0.7795591201968467,60.0,algebraic_support,1.0,0.0,1.0,1.0,50
1.0,0.7795591201968467,300.0,control_on_time_fraction,0.9946942713499695,0.011850257396543133,0.99140954758332,0.9979789951166189,50
1.0,0.7795591201968467,300.0,control_delivery_fraction,1.0,0.0,1.0,1.0,50
1.0,0.7795591201968467,300.0,control_latency_p95_ms,236.30494771141574,66.62203394033824,217.83826205695956,254.7716333658719,50
1.0,0.7795591201968467,300.0,attempt_drop_fraction,0.0,0.0,0.0,0.0,50
1.0,0.7795591201968467,300.0,algebraic_support,1.0,0.0,1.0,1.0,50
1.0,0.8329233627577894,0.0,control_on_time_fraction,0.06349364560098833,0.07459699109975099,0.04281641460199172,0.08417087659998494,50
1.0,0.8329233627577894,0.0,control_delivery_fraction,0.9447094400513566,0.09796928926564293,0.9175537385265536,0.9718651415761596,50
1.0,0.8329233627577894,0.0,control_latency_p95_ms,9913.041378518887,4113.183115371585,8772.925186647513,11053.15757039026,50
1.0,0.8329233627577894,0.0,attempt_drop_fraction,0.11683885495289804,0.19505258759496688,0.06277303606135545,0.17090467384444064,50
1.0,0.8329233627577894,0.0,algebraic_support,0.9376950209379978,0.11781026912291315,0.90503968038343,0.9703503614925657,50
1.0,0.8329233627577894,60.0,control_on_time_fraction,0.5415606370767221,0.07368760435642753,0.5211354752226321,0.561985798930812,50
1.0,0.8329233627577894,60.0,control_delivery_fraction,0.9770317748521359,0.055643780703120246,0.9616081057430508,0.992455443961221,50
1.0,0.8329233627577894,60.0,control_latency_p95_ms,6033.8520086654225,4127.566871943508,4889.74884288416,7177.955174446685,50
1.0,0.8329233627577894,60.0,attempt_drop_fraction,0.04318501491918836,0.10914056200247793,0.012932794573358868,0.07343723526501784,50
1.0,0.8329233627577894,60.0,algebraic_support,1.0,0.0,1.0,1.0,50
1.0,0.8329233627577894,300.0,control_on_time_fraction,0.9955406080939778,0.010418088568961821,0.9926528612729247,0.9984283549150309,50
1.0,0.8329233627577894,300.0,control_delivery_fraction,1.0,0.0,1.0,1.0,50
1.0,0.8329233627577894,300.0,control_latency_p95_ms,260.5092854870798,66.41796310915814,242.099165381103,278.9194055930566,50
1.0,0.8329233627577894,300.0,attempt_drop_fraction,0.0,0.0,0.0,0.0,50
1.0,0.8329233627577894,300.0,algebraic_support,1.0,0.0,1.0,1.0,50
1.0,0.8798162352262834,0.0,control_on_time_fraction,0.026566361158459877,0.030061091534569758,0.01823385170226607,0.03489887061465369,50
1.0,0.8798162352262834,0.0,control_delivery_fraction,0.8863150449985286,0.10540546722097609,0.857098140105262,0.9155319498917953,50
1.0,0.8798162352262834,0.0,control_latency_p95_ms,14671.96729956026,2153.4176836511288,14075.070370800257,15268.864228320263,50
1.0,0.8798162352262834,0.0,attempt_drop_fraction,0.22323773377916636,0.2001347312326875,0.16776321654177884,0.2787122510165539,50
1.0,0.8798162352262834,0.0,algebraic_support,0.8327551174302465,0.10003421835883693,0.8050270467625726,0.8604831880979205,50
1.0,0.8798162352262834,60.0,control_on_time_fraction,0.5237565961124157,0.0703202011520475,0.5042648308055219,0.5432483614193094,50
1.0,0.8798162352262834,60.0,control_delivery_fraction,0.9592408166061039,0.056307475505266415,0.9436331806836864,0.9748484525285215,50
1.0,0.8798162352262834,60.0,control_latency_p95_ms,10446.920481355999,3648.5432449446857,9435.595890734518,11458.24507197748,50
1.0,0.8798162352262834,60.0,attempt_drop_fraction,0.07299134548142136,0.12472137442798462,0.038420344271583085,0.10756234669125964,50
1.0,0.8798162352262834,60.0,algebraic_support,0.9997618788683718,0.0016837706691814887,0.9992951614503804,1.000228596286363,50
1.0,0.8798162352262834,300.0,control_on_time_fraction,0.9933168488020214,0.012496654655460997,0.9898529528564044,0.9967807447476384,50
1.0,0.8798162352262834,300.0,control_delivery_fraction,1.0,0.0,1.0,1.0,50
1.0,0.8798162352262834,300.0,control_latency_p95_ms,266.94608906282093,78.12659048680288,245.29050302853346,288.6016750971084,50
1.0,0.8798162352262834,300.0,attempt_drop_fraction,0.0,0.0,0.0,0.0,50
1.0,0.8798162352262834,300.0,algebraic_support,1.0,0.0,1.0,1.0,50
1.0,1.0,0.0,control_on_time_fraction,0.006823215193078258,0.014429955939017193,0.0028234354719710144,0.0108229949141855,50
1.0,1.0,0.0,control_delivery_fraction,0.6303558232341768,0.0695132528810166,0.611087732576332,0.6496239138920217,50
1.0,1.0,0.0,control_latency_p95_ms,24041.725538727525,3826.144179634289,22981.172480602523,25102.278596852528,50
1.0,1.0,0.0,attempt_drop_fraction,0.6034935801564147,0.03910914396710726,0.5926530785214421,0.6143340817913874,50
1.0,1.0,0.0,algebraic_support,0.6053125,0.02010416115928161,0.5997399108351683,0.6108850891648318,50
1.0,1.0,60.0,control_on_time_fraction,0.505673633166063,0.07054448096685664,0.4861197006662187,0.5252275656659072,50
1.0,1.0,60.0,control_delivery_fraction,0.8324133224777995,0.05933646567656959,0.8159660933151939,0.8488605516404052,50
1.0,1.0,60.0,control_latency_p95_ms,20436.182702449332,2075.715824030221,19860.823630334038,21011.541774564626,50
1.0,1.0,60.0,attempt_drop_fraction,0.29202753283770044,0.05942430796169792,0.27555595503590297,0.3084991106394979,50
1.0,1.0,60.0,algebraic_support,1.0,0.0,1.0,1.0,50
1.0,1.0,300.0,control_on_time_fraction,0.9951913544774026,0.010325946883373727,0.9923291480285475,0.9980535609262576,50
1.0,1.0,300.0,control_delivery_fraction,1.0,0.0,1.0,1.0,50
1.0,1.0,300.0,control_latency_p95_ms,258.7935265588284,47.80147458201356,245.54363380238638,272.0434193152704,50
1.0,1.0,300.0,attempt_drop_fraction,0.0,0.0,0.0,0.0,50
1.0,1.0,300.0,algebraic_support,1.0,0.0,1.0,1.0,50
2.0,0.0,0.0,control_on_time_fraction,0.9947182208165166,0.048997914994052726,0.9904233642041642,0.999013077428869,500
2.0,0.0,0.0,control_delivery_fraction,0.9985348837209302,0.03276099594941552,0.9956632558139535,1.001406511627907,500
2.0,0.0,0.0,control_latency_p95_ms,234.44406771836245,188.07723430044638,217.95837126645708,250.92976417026782,500
2.0,0.0,0.0,attempt_drop_fraction,0.0017938082845369767,0.040110772628269654,-0.0017220559531554976,0.005309672522229451,500
2.0,0.0,0.0,algebraic_support,0.9985208735307656,0.033074273325273455,0.9956217856510662,1.001419961410465,500
2.0,0.0,60.0,control_on_time_fraction,0.994789031747317,0.04945052630829557,0.9904545020040562,0.9991235614905779,500
2.0,0.0,60.0,control_delivery_fraction,0.9985216178521619,0.03305762979288393,0.995623988842399,1.0014192468619247,500
2.0,0.0,60.0,control_latency_p95_ms,236.1384654573754,196.29244043530332,218.93267443829487,253.3442564764559,500
2.0,0.0,60.0,attempt_drop_fraction,0.001801771516994824,0.04028883591923344,-0.0017297006563150306,0.0053332436903046785,500
2.0,0.0,60.0,algebraic_support,0.9985208735307656,0.033074273325273455,0.9956217856510662,1.001419961410465,500
2.0,0.0,300.0,control_on_time_fraction,0.9940611363901125,0.051338422453799507,0.989561125253512,0.998561147526713,500
2.0,0.0,300.0,control_delivery_fraction,0.9985830985915493,0.031682878667109705,0.9958059718309858,1.0013602253521126,500
2.0,0.0,300.0,control_latency_p95_ms,233.73238962242274,179.90037036807126,217.96342689546321,249.50135234938227,500
2.0,0.0,300.0,attempt_drop_fraction,0.0017981502515008925,0.040207861961143385,-0.001726224241440856,0.005322524744442641,500
2.0,0.0,300.0,algebraic_support,0.9985208735307656,0.033074273325273455,0.9956217856510662,1.001419961410465,500
2.0,0.4494256856758202,0.0,control_on_time_fraction,0.21934624699091199,0.15079177399587562,0.17754889970257587,0.2611435942792481,50
2.0,0.4494256856758202,0.0,control_delivery_fraction,0.9885020614338512,0.034229412486939274,0.9790141523571171,0.9979899705105854,50
2.0,0.4494256856758202,0.0,control_latency_p95_ms,3544.2520720721477,1491.9831148359024,3130.69545192896,3957.808692215335,50
2.0,0.4494256856758202,0.0,attempt_drop_fraction,0.02911036905410561,0.08970601461462081,0.004245130405196189,0.05397560770301503,50
2.0,0.4494256856758202,0.0,algebraic_support,0.9898315500724635,0.034832980504076114,0.980176340476902,0.9994867596680249,50
2.0,0.4494256856758202,60.0,control_on_time_fraction,0.6537884565989032,0.11448927923679791,0.6220536474760752,0.6855232657217312,50
2.0,0.4494256856758202,60.0,control_delivery_fraction,0.9965718973539829,0.01614375917588487,0.9920970756118355,1.0010467190961303,50
2.0,0.4494256856758202,60.0,control_latency_p95_ms,2483.3600350594597,1573.6164047092163,2047.1758214029974,2919.544248715922,50
2.0,0.4494256856758202,60.0,attempt_drop_fraction,0.008328745814336428,0.03295732913926595,-0.0008065597479389782,0.017464051376611833,50
2.0,0.4494256856758202,60.0,algebraic_support,1.0,0.0,1.0,1.0,50
2.0,0.4494256856758202,300.0,control_on_time_fraction,0.9813563561041281,0.02885437656708541,0.9733583309718296,0.9893543812364266,50
2.0,0.4494256856758202,300.0,control_delivery_fraction,1.0,0.0,1.0,1.0,50
2.0,0.4494256856758202,300.0,control_latency_p95_ms,341.8199328960176,104.51351537037704,312.85026444195466,370.7896013500805,50
2.0,0.4494256856758202,300.0,attempt_drop_fraction,0.0,0.0,0.0,0.0,50
2.0,0.4494256856758202,300.0,algebraic_support,1.0,0.0,1.0,1.0,50
2.0,0.46412724129324684,0.0,control_on_time_fraction,0.16469256928087703,0.11443143279779222,0.1329737943728901,0.19641134418886397,50
2.0,0.46412724129324684,0.0,control_delivery_fraction,0.9470585960793249,0.11668595106783364,0.9147149005897722,0.9794022915688775,50
2.0,0.46412724129324684,0.0,control_latency_p95_ms,4463.198136805955,1816.1052158174639,3959.7994539324627,4966.596819679447,50
2.0,0.46412724129324684,0.0,attempt_drop_fraction,0.11753843225765298,0.2277997164726359,0.05439557234374488,0.1806812921715611,50
2.0,0.46412724129324684,0.0,algebraic_support,0.9418257475540284,0.1256717914239777,0.9069913041934841,0.9766601909145727,50
2.0,0.46412724129324684,60.0,control_on_time_fraction,0.5311068693662704,0.16701772527149364,0.484811917848083,0.5774018208844578,50
2.0,0.46412724129324684,60.0,control_delivery_fraction,0.9749025761136463,0.07082795707233677,0.9552700680462182,0.9945350841810744,50
2.0,0.46412724129324684,60.0,control_latency_p95_ms,3626.8633800291364,1801.815781765783,3127.4255261968106,4126.301233861463,50
2.0,0.46412724129324684,60.0,attempt_drop_fraction,0.06416330462377008,0.15691144397035225,0.02066967136150412,0.10765693788603604,50
2.0,0.46412724129324684,60.0,algebraic_support,0.9769517856798068,0.07436184595046483,0.9563397335908226,0.997563837768791,50
2.0,0.46412724129324684,300.0,control_on_time_fraction,0.8921195281603679,0.26427469856294566,0.8188663190320111,0.9653727372887246,50
2.0,0.46412724129324684,300.0,control_delivery_fraction,0.9933519059373862,0.02680017354287706,0.9859232768333215,1.000780535041451,50
2.0,0.46412724129324684,300.0,control_latency_p95_ms,710.1216781116395,1095.7241136751456,406.4024492846281,1013.840906938651,50
2.0,0.46412724129324684,300.0,attempt_drop_fraction,0.023060494459840087,0.0848643027901689,-0.0004626901417298865,0.04658367906141006,50
2.0,0.46412724129324684,300.0,algebraic_support,0.9909630382510067,0.034636382569319675,0.9813623228227161,1.0005637536792975,50
2.0,0.4717503709822307,0.0,control_on_time_fraction,0.12786134359079596,0.11658727297839322,0.09554500027215292,0.160177686909439,50
2.0,0.4717503709822307,0.0,control_delivery_fraction,0.9501521806417758,0.09078604187651702,0.9249875737093711,0.9753167875741804,50
2.0,0.4717503709822307,0.0,control_latency_p95_ms,4861.605953065314,1816.6072791043512,4358.068105348762,5365.143800781865,50
2.0,0.4717503709822307,0.0,attempt_drop_fraction,0.12438496708121466,0.2083124584928831,0.06664369949487879,0.1821262346675505,50
2.0,0.4717503709822307,0.0,algebraic_support,0.9435233323466258,0.10367867519743827,0.9147850697823797,0.9722615949108718,50
2.0,0.4717503709822307,60.0,control_on_time_fraction,0.5442742380228485,0.14931619622084066,0.5028859000264634,0.5856625760192335,50
2.0,0.4717503709822307,60.0,control_delivery_fraction,0.9801106439299611,0.0433998725177886,0.9680808130192567,0.9921404748406654,50
2.0,0.4717503709822307,60.0,control_latency_p95_ms,3909.1113987229473,2008.0145807723018,3352.518153823009,4465.704643622886,50
2.0,0.4717503709822307,60.0,attempt_drop_fraction,0.06373879244564057,0.11910076748837384,0.03072574399410441,0.09675184089717673,50
2.0,0.4717503709822307,60.0,algebraic_support,0.9879650690808751,0.042042722450459986,0.9763114209763235,0.9996187171854267,50
2.0,0.4717503709822307,300.0,control_on_time_fraction,0.9170328341596004,0.207575309132858,0.8594958939512631,0.9745697743679376,50
2.0,0.4717503709822307,300.0,control_delivery_fraction,0.9993412110981258,0.00333164738003991,0.9984177255597859,1.0002646966364657,50
2.0,0.4717503709822307,300.0,control_latency_p95_ms,596.9376576721178,804.4567720410905,373.9536169088931,819.9216984353425,50
2.0,0.4717503709822307,300.0,attempt_drop_fraction,0.0030122786837866768,0.017589549640740953,-0.0018632957291755715,0.007887853096748925,50
2.0,0.4717503709822307,300.0,algebraic_support,0.9990323870783417,0.006842056584682679,0.9971358657518916,1.0009289084047919,50
2.0,0.4994479106030631,0.0,control_on_time_fraction,0.06819943354796573,0.07036096040299938,0.04869637035311619,0.08770249674281527,50
2.0,0.4994479106030631,0.0,control_delivery_fraction,0.9551119418755653,0.12554250475257794,0.9203133349519899,0.9899105487991406,50
2.0,0.4994479106030631,0.0,control_latency_p95_ms,6116.39220067207,1316.103473722956,5751.586929795102,6481.197471549039,50
2.0,0.4994479106030631,0.0,attempt_drop_fraction,0.12030272467431996,0.1807428604543611,0.07020335978121359,0.17040208956742633,50
2.0,0.4994479106030631,0.0,algebraic_support,0.9327848418270871,0.12614690642041285,0.8978187033085002,0.967750980345674,50
2.0,0.4994479106030631,60.0,control_on_time_fraction,0.517237171084719,0.11566362023099307,0.4851768512455661,0.5492974909238719,50
2.0,0.4994479106030631,60.0,control_delivery_fraction,0.9756280920451106,0.11109596157365957,0.94483386259097,1.0064223214992511,50
2.0,0.4994479106030631,60.0,control_latency_p95_ms,4576.135502778022,1658.0334916022293,4116.552066442255,5035.718939113789,50
2.0,0.4994479106030631,60.0,attempt_drop_fraction,0.04613760754954824,0.14366045450084233,0.0063169611757205035,0.08595825392337597,50
2.0,0.4994479106030631,60.0,algebraic_support,0.9814145309620858,0.11168659369774894,0.9504565866357342,1.0123724752884373,50
2.0,0.4994479106030631,300.0,control_on_time_fraction,0.9452855370310074,0.16314473421689799,0.9000641238621864,0.9905069501998284,50
2.0,0.4994479106030631,300.0,control_delivery_fraction,0.9847777777777778,0.1076373655806189,0.9549422222222222,1.0146133333333334,50
2.0,0.4994479106030631,300.0,control_latency_p95_ms,481.2254592806332,654.4193223922268,299.82967776423794,662.6212407970283,50
2.0,0.4994479106030631,300.0,attempt_drop_fraction,0.017957939856674033,0.12698181048794388,-0.017239622262407075,0.05315550197575514,50
2.0,0.4994479106030631,300.0,algebraic_support,0.985378836729832,0.10338723697171506,0.9567213567203026,1.0140363167393613,50
2.0,0.5688634704442851,0.0,control_on_time_fraction,0.019781811526830798,0.022346858418468212,0.01358757839747229,0.025976044656189304,50
2.0,0.5688634704442851,0.0,control_delivery_fraction,0.81884418090431,0.12089343913849923,0.785334229222918,0.852354132585702,50
2.0,0.5688634704442851,0.0,control_latency_p95_ms,8245.623776412724,537.8236875851563,8096.546655995629,8394.700896829818,50
2.0,0.5688634704442851,0.0,attempt_drop_fraction,0.412547095255034,0.15903778580056188,0.36846407010768145,0.4566301204023866,50
2.0,0.5688634704442851,0.0,algebraic_support,0.8002096087564192,0.10554067027593769,0.7709552274883283,0.8294639900245101,50
2.0,0.5688634704442851,60.0,control_on_time_fraction,0.4632415332781828,0.1330010503300537,0.4263755229976036,0.500107543558762,50
2.0,0.5688634704442851,60.0,control_delivery_fraction,0.9317379921947766,0.0736234701972342,0.9113306074226442,0.952145376966909,50
2.0,0.5688634704442851,60.0,control_latency_p95_ms,7567.5518888345605,770.9198276330001,7353.863814789341,7781.23996287978,50
2.0,0.5688634704442851,60.0,attempt_drop_fraction,0.19085855408239144,0.15668017222700809,0.14742902607678757,0.23428808208799531,50
2.0,0.5688634704442851,60.0,algebraic_support,0.9705781744771772,0.07985288454246135,0.9484440841435231,0.9927122648108313,50
2.0,0.5688634704442851,300.0,control_on_time_fraction,0.8941442865764024,0.23249229409888983,0.8297007105058731,0.9585878626469317,50
2.0,0.5688634704442851,300.0,control_delivery_fraction,0.9902937722194008,0.04011149359861327,0.9791754334415775,1.001412110997224,50
2.0,0.5688634704442851,300.0,control_latency_p95_ms,724.4959688494885,1078.697653466593,425.4962340079207,1023.4957036910562,50
2.0,0.5688634704442851,300.0,attempt_drop_fraction,0.024201937566613416,0.09697768751056735,-0.002678905974691337,0.05108278110791817,50
2.0,0.5688634704442851,300.0,algebraic_support,0.9914491607253857,0.03484959474946963,0.9817893458959561,1.0011089755548153,50
2.0,0.5929419665133093,0.0,control_on_time_fraction,0.019101001095904412,0.025548044359131782,0.012019444494244864,0.02618255769756396,50
2.0,0.5929419665133093,0.0,control_delivery_fraction,0.8616327685793332,0.05080231391326352,0.847551085597463,0.8757144515612035,50
2.0,0.5929419665133093,0.0,control_latency_p95_ms,8725.295693280139,593.5014717048908,8560.785478487744,8889.805908072534,50
2.0,0.5929419665133093,0.0,attempt_drop_fraction,0.3911328361998136,0.06177176075397617,0.37401057768114554,0.40825509471848165,50
2.0,0.5929419665133093,0.0,algebraic_support,0.822350226564447,0.019447806746288095,0.8169595695608808,0.8277408835680132,50
2.0,0.5929419665133093,60.0,control_on_time_fraction,0.5001342634947359,0.05565931528184769,0.48470628842011404,0.5155622385693578,50
2.0,0.5929419665133093,60.0,control_delivery_fraction,0.9507614681264446,0.02891957015851827,0.942745372252554,0.9587775640003352,50
2.0,0.5929419665133093,60.0,control_latency_p95_ms,7807.702401039823,638.4400579854533,7630.735845641825,7984.66895643782,50
2.0,0.5929419665133093,60.0,attempt_drop_fraction,0.16707078405362982,0.0669415058187252,0.14851554531238417,0.18562602279487547,50
2.0,0.5929419665133093,60.0,algebraic_support,0.9992581866353832,0.0052454126049531775,0.9978042324407344,1.0007121408300321,50
2.0,0.5929419665133093,300.0,control_on_time_fraction,0.9667747475214865,0.037590518690101965,0.9563551873372429,0.9771943077057301,50
2.0,0.5929419665133093,300.0,control_delivery_fraction,1.0,0.0,1.0,1.0,50
2.0,0.5929419665133093,300.0,control_latency_p95_ms,422.6286269487022,116.989384169825,390.20082409436026,455.0564298030442,50
2.0,0.5929419665133093,300.0,attempt_drop_fraction,0.0,0.0,0.0,0.0,50
2.0,0.5929419665133093,300.0,algebraic_support,1.0,0.0,1.0,1.0,50
2.0,0.7795591201968467,0.0,control_on_time_fraction,0.005362656559705907,0.0071074443981857666,0.003392573484407417,0.007332739635004398,50
2.0,0.7795591201968467,0.0,control_delivery_fraction,0.5774189407630683,0.0875129880451107,0.553161578065939,0.6016763034601976,50
2.0,0.7795591201968467,0.0,control_latency_p95_ms,13033.057471797605,1425.1216990230732,12638.033890578645,13428.081053016565,50
2.0,0.7795591201968467,0.0,attempt_drop_fraction,0.7140453110318602,0.04169850999833882,0.7024870737512616,0.7256035483124588,50
2.0,0.7795591201968467,0.0,algebraic_support,0.5424899858606946,0.05074954876366903,0.5284229286320992,0.5565570430892901,50
2.0,0.7795591201968467,60.0,control_on_time_fraction,0.43182316108709756,0.1334234961197272,0.39484005480775414,0.468806267366441,50
2.0,0.7795591201968467,60.0,control_delivery_fraction,0.8093711302261357,0.06423462708350441,0.7915661999902236,0.8271760604620478,50
2.0,0.7795591201968467,60.0,control_latency_p95_ms,11893.502408701563,635.5794102019479,11717.328784414516,12069.67603298861,50
2.0,0.7795591201968467,60.0,attempt_drop_fraction,0.4447593454331329,0.05845290819269514,0.4285570259099862,0.4609616649562796,50
2.0,0.7795591201968467,60.0,algebraic_support,0.9243270288839779,0.08647013004581157,0.9003587316763912,0.9482953260915645,50
2.0,0.7795591201968467,300.0,control_on_time_fraction,0.8209007740211044,0.2618887581491575,0.7483089138340175,0.8934926342081912,50
2.0,0.7795591201968467,300.0,control_delivery_fraction,0.997748175787728,0.009272416731857708,0.995177992998087,1.000318358577369,50
2.0,0.7795591201968467,300.0,control_latency_p95_ms,993.0319875066837,1178.4128967491768,666.3925973777057,1319.6713776356617,50
2.0,0.7795591201968467,300.0,attempt_drop_fraction,0.007459226813986957,0.030752100694683166,-0.0010648206092943088,0.015983274237268225,50
2.0,0.7795591201968467,300.0,algebraic_support,0.997842629354686,0.008107466059958292,0.9955953544168255,1.0000899042925466,50
2.0,0.8329233627577894,0.0,control_on_time_fraction,0.0021836175873549838,0.004798427569659998,0.0008535613233276688,0.003513673851382299,50
2.0,0.8329233627577894,0.0,control_delivery_fraction,0.48784619108894367,0.07678148905299162,0.466563448149987,0.5091289340279003,50
2.0,0.8329233627577894,0.0,control_latency_p95_ms,14905.926647590713,1978.4119999684863,14357.53881945656,15454.314475724866,50
2.0,0.8329233627577894,0.0,attempt_drop_fraction,0.7642187317284315,0.04027657015534178,0.7530546360635585,0.7753828273933044,50
2.0,0.8329233627577894,0.0,algebraic_support,0.4688475104689989,0.058905134561456574,0.452519840191715,0.48517518074628285,50
2.0,0.8329233627577894,60.0,control_on_time_fraction,0.3982329717651598,0.14737649767246436,0.3573822907756044,0.4390836527547152,50
2.0,0.8329233627577894,60.0,control_delivery_fraction,0.749386858470507,0.07307211707920862,0.7291323009855797,0.7696414159554343,50
2.0,0.8329233627577894,60.0,control_latency_p95_ms,13421.12978008969,744.3105089394154,13214.817432883337,13627.442127296043,50
2.0,0.8329233627577894,60.0,attempt_drop_fraction,0.49981485684661137,0.07369160542842414,0.4793885859519462,0.5202411277412765,50
2.0,0.8329233627577894,60.0,algebraic_support,0.8590416193027106,0.10792840113046438,0.8291253928084971,0.8889578457969242,50
2.0,0.8329233627577894,300.0,control_on_time_fraction,0.7518460929841084,0.28040272134052585,0.6741224240206738,0.8295697619475431,50
2.0,0.8329233627577894,300.0,control_delivery_fraction,0.9867619728962085,0.04299161435415873,0.9748453053749673,0.9986786404174497,50
2.0,0.8329233627577894,300.0,control_latency_p95_ms,1297.5627318436452,1492.7140857407799,883.803496902852,1711.3219667844385,50
2.0,0.8329233627577894,300.0,attempt_drop_fraction,0.040510147487646385,0.12763915621829736,0.00513037842814662,0.07588991654714615,50
2.0,0.8329233627577894,300.0,algebraic_support,0.9854291587830355,0.0486542014777216,0.971942902190175,0.998915415375896,50
2.0,0.8798162352262834,0.0,control_on_time_fraction,0.0010508285416908675,0.003206651542841819,0.0001619900817593315,0.0019396670016224036,50
2.0,0.8798162352262834,0.0,control_delivery_fraction,0.43109437564443,0.07250557297327616,0.4109968561737279,0.4511918951151321,50
2.0,0.8798162352262834,0.0,control_latency_p95_ms,17038.201599224863,2670.2795845573714,16298.037860878294,17778.365337571435,50
2.0,0.8798162352262834,0.0,attempt_drop_fraction,0.8000433049400347,0.03250932860521256,0.7910321787902762,0.8090544310897932,50
2.0,0.8798162352262834,0.0,algebraic_support,0.4163775587151233,0.05001710917941846,0.4025135233812863,0.43024159404896023,50
2.0,0.8798162352262834,60.0,control_on_time_fraction,0.37345088704997764,0.18036203517249996,0.3234570815394578,0.4234446925604975,50
2.0,0.8798162352262834,60.0,control_delivery_fraction,0.727461231108513,0.06977498183519001,0.7081205928858832,0.7468018693311428,50
2.0,0.8798162352262834,60.0,control_latency_p95_ms,15204.714423518297,920.8635204323192,14949.464078299054,15459.96476873754,50
2.0,0.8798162352262834,60.0,attempt_drop_fraction,0.5299877446137679,0.07015875031229016,0.5105407311964534,0.5494347580310823,50
2.0,0.8798162352262834,60.0,algebraic_support,0.8202606070836534,0.09853332265716326,0.7929485634791543,0.8475726506881526,50
2.0,0.8798162352262834,300.0,control_on_time_fraction,0.7012241327381561,0.3160964344396452,0.6136066712761006,0.7888415942002116,50
2.0,0.8798162352262834,300.0,control_delivery_fraction,0.986592171694501,0.03865208856576187,0.9758783593532067,0.9973059840357953,50
2.0,0.8798162352262834,300.0,control_latency_p95_ms,1540.1835035875886,1698.2570211395077,1069.450673696187,2010.91633347899,50
2.0,0.8798162352262834,300.0,attempt_drop_fraction,0.03733327409859535,0.10052407051856294,0.00946942333962433,0.06519712485756636,50
2.0,0.8798162352262834,300.0,algebraic_support,0.9869142699323704,0.04250115230120039,0.9751335515562054,0.9986949883085354,50
2.0,1.0,0.0,control_on_time_fraction,0.000799273170242882,0.0027511843033051694,3.668378799574171e-05,0.0015618625524900223,50
2.0,1.0,0.0,control_delivery_fraction,0.30845802585882276,0.045525613333382946,0.29583896965578377,0.32107708206186175,50
2.0,1.0,0.0,control_latency_p95_ms,23869.017490195114,2519.3579656527268,23170.687090309355,24567.347890080873,50
2.0,1.0,0.0,attempt_drop_fraction,0.8584820464327239,0.011031754735185884,0.8554242000287222,0.8615398928367255,50
2.0,1.0,0.0,algebraic_support,0.30265625,0.010052080579640806,0.29986995541758416,0.3054425445824159,50
2.0,1.0,60.0,control_on_time_fraction,0.34747586201357444,0.10017807323641707,0.3197079168081986,0.3752438072189503,50
2.0,1.0,60.0,control_delivery_fraction,0.6629132386213974,0.04753489778626359,0.6497372371828682,0.6760892400599265,50
2.0,1.0,60.0,control_latency_p95_ms,21041.906784478702,1492.6332044732992,20628.16996868145,21455.643600275955,50
2.0,1.0,60.0,attempt_drop_fraction,0.5804243902409159,0.021631821108115814,0.5744283553420904,0.5864204251397414,50
2.0,1.0,60.0,algebraic_support,0.756640625,0.025130201449102017,0.7496748885439602,0.7636063614560397,50
2.0,1.0,300.0,control_on_time_fraction,0.7262153034220381,0.13874042670332837,0.6877584191757558,0.7646721876683205,50
2.0,1.0,300.0,control_delivery_fraction,0.999542753810385,0.0022763213714703375,0.9989117897174379,1.0001737179033323,50
2.0,1.0,300.0,control_latency_p95_ms,1111.2483912433577,472.8285399074555,980.1870066157761,1242.3097758709391,50
2.0,1.0,300.0,attempt_drop_fraction,0.0,0.0,0.0,0.0,50
2.0,1.0,300.0,algebraic_support,1.0,0.0,1.0,1.0,50
4.0,0.0,0.0,control_on_time_fraction,0.056513758579121345,0.055762617546568596,0.05162594964437331,0.06140156751386938,500
4.0,0.0,0.0,control_delivery_fraction,0.9252110273518603,0.08638359825991974,0.917639171116132,0.9327828835875887,500
4.0,0.0,0.0,control_latency_p95_ms,3630.8800014584635,232.81972744247827,3610.472452565541,3651.287550351386,500
4.0,0.0,0.0,attempt_drop_fraction,0.2332408637139588,0.156168394019137,0.21955210043137935,0.24692962699653825,500
4.0,0.0,0.0,algebraic_support,0.9073535884084506,0.08217780200306149,0.9001503864688524,0.9145567903480488,500
4.0,0.0,60.0,control_on_time_fraction,0.05337342017300337,0.05288552251335064,0.04873779973707783,0.05800904060892892,500
4.0,0.0,60.0,control_delivery_fraction,0.9249681988262815,0.08517653973575749,0.9175021459351367,0.9324342517174262,500
4.0,0.0,60.0,control_latency_p95_ms,3631.8745978185184,221.3454242397318,3612.4728159462625,3651.2763796907743,500
4.0,0.0,60.0,attempt_drop_fraction,0.23335834493945526,0.15403598699206872,0.21985649537395013,0.24686019450496038,500
4.0,0.0,60.0,algebraic_support,0.9073535884084506,0.08217780200306149,0.9001503864688524,0.9145567903480488,500
4.0,0.0,300.0,control_on_time_fraction,0.056252558213133484,0.054289260159183575,0.051493894747500546,0.06101122167876642,500
4.0,0.0,300.0,control_delivery_fraction,0.9256716954089728,0.08514956423906943,0.9182080070243654,0.9331353837935801,500
4.0,0.0,300.0,control_latency_p95_ms,3635.352709811393,208.21894686938194,3617.101514410782,3653.6039052120045,500
4.0,0.0,300.0,attempt_drop_fraction,0.23245602365276172,0.1561391570299552,0.21876982310527676,0.24614222420024667,500
4.0,0.0,300.0,algebraic_support,0.9073535884084506,0.08217780200306149,0.9001503864688524,0.9145567903480488,500
4.0,0.4494256856758202,0.0,control_on_time_fraction,0.004773585762847646,0.0051928423823564725,0.003334203290466356,0.006212968235228935,50
4.0,0.4494256856758202,0.0,control_delivery_fraction,0.5353250199546904,0.046463876063470015,0.5224458905915715,0.5482041493178093,50
4.0,0.4494256856758202,0.0,control_latency_p95_ms,6996.309810728296,223.14996982850525,6934.45579482847,7058.163826628122,50
4.0,0.4494256856758202,0.0,attempt_drop_fraction,0.7584237534466157,0.01817557018027681,0.7533857424274647,0.7634617644657667,50
4.0,0.4494256856758202,0.0,algebraic_support,0.5167534705362299,0.023921453511379354,0.5101227819146857,0.523384159157774,50
4.0,0.4494256856758202,60.0,control_on_time_fraction,0.01150230964083577,0.011002139868211866,0.008452672059152583,0.014551947222518957,50
4.0,0.4494256856758202,60.0,control_delivery_fraction,0.6656644655939471,0.057090095940413116,0.6498398983545489,0.6814890328333453,50
4.0,0.4494256856758202,60.0,control_latency_p95_ms,6656.7253927287275,241.97449888728713,6589.65348358606,6723.797301871395,50
4.0,0.4494256856758202,60.0,attempt_drop_fraction,0.6513687162018067,0.03123018871142885,0.6427121495412966,0.6600252828623168,50
4.0,0.4494256856758202,60.0,algebraic_support,0.6481259523993415,0.030002923490288026,0.6398095663024231,0.6564423384962598,50
4.0,0.4494256856758202,300.0,control_on_time_fraction,0.01759044868510342,0.01610497363659219,0.013126377745951575,0.022054519624255267,50
4.0,0.4494256856758202,300.0,control_delivery_fraction,0.7855239614447289,0.047830098409164766,0.7722661345681923,0.7987817883212656,50
4.0,0.4494256856758202,300.0,control_latency_p95_ms,4575.842944298718,165.7211631735598,4529.907381458389,4621.778507139047,50
4.0,0.4494256856758202,300.0,attempt_drop_fraction,0.5195444532457254,0.04587404187342885,0.5068288175787836,0.5322600889126672,50
4.0,0.4494256856758202,300.0,algebraic_support,0.7794984342624532,0.03608439346919673,0.7694963506901608,0.7895005178347457,50
4.0,0.46412724129324684,0.0,control_on_time_fraction,0.004503462048737854,0.004489045157507508,0.0032591622141427867,0.005747761883332921,50
4.0,0.46412724129324684,0.0,control_delivery_fraction,0.49962666365729114,0.07746709025008998,0.4781538817621166,0.5210994455524657,50
4.0,0.46412724129324684,0.0,control_latency_p95_ms,7064.360027369504,214.54471127433797,7004.891267447264,7123.8287872917435,50
4.0,0.46412724129324684,0.0,attempt_drop_fraction,0.778201835564898,0.0398501164792827,0.7671559468282168,0.7892477243015792,50
4.0,0.46412724129324684,0.0,algebraic_support,0.48017993297921563,0.06725453588021851,0.46153792673172467,0.4988219392267066,50
4.0,0.46412724129324684,60.0,control_on_time_fraction,0.013443196681889414,0.011347788427675922,0.010297750207606904,0.016588643156171923,50
4.0,0.46412724129324684,60.0,control_delivery_fraction,0.6255814246506264,0.10355454414842932,0.5968775694577322,0.6542852798435206,50
4.0,0.46412724129324684,60.0,control_latency_p95_ms,6912.426588212668,305.1813535149671,6827.834632824316,6997.018543601021,50
4.0,0.46412724129324684,60.0,attempt_drop_fraction,0.6814584661746695,0.06460444853362171,0.6635510266627166,0.6993659056866225,50
4.0,0.46412724129324684,60.0,algebraic_support,0.6083800167447017,0.0852103823062833,0.5847609037954433,0.63199912969396,50
4.0,0.46412724129324684,300.0,control_on_time_fraction,0.012851224334005871,0.013390413224188191,0.009139591152470183,0.01656285751554156,50
4.0,0.46412724129324684,300.0,control_delivery_fraction,0.7443987365497605,0.1064062887029119,0.7149044180950933,0.7738930550044277,50
4.0,0.46412724129324684,300.0,control_latency_p95_ms,4638.44062606102,181.33761454937778,4588.176403743654,4688.7048483783865,50
4.0,0.46412724129324684,300.0,attempt_drop_fraction,0.5647280321343865,0.09566050691040558,0.538212292428175,0.591243771840598,50
4.0,0.46412724129324684,300.0,algebraic_support,0.7365801005101875,0.10316622873234815,0.7079838808591619,0.7651763201612132,50
4.0,0.4717503709822307,0.0,control_on_time_fraction,0.0036593033881047736,0.005170548756825598,0.002226100393449209,0.005092506382760338,50
4.0,0.4717503709822307,0.0,control_delivery_fraction,0.4955290767404314,0.06821784696424828,0.4766200542833759,0.514438099197487,50
4.0,0.4717503709822307,0.0,control_latency_p95_ms,7176.4886024621455,279.1798209951966,7099.103904180455,7253.873300743836,50
4.0,0.4717503709822307,0.0,attempt_drop_fraction,0.7819383674191637,0.03250451400418554,0.7729285758087229,0.7909481590296045,50
4.0,0.4717503709822307,0.0,algebraic_support,0.47591981256272575,0.05416464690956551,0.46090613842363687,0.49093348670181464,50
4.0,0.4717503709822307,60.0,control_on_time_fraction,0.01525890441942702,0.017039971234873816,0.01053566536855705,0.01998214347029699,50
4.0,0.4717503709822307,60.0,control_delivery_fraction,0.6266155342724595,0.07628413546383651,0.6054706507149542,0.6477604178299649,50
4.0,0.4717503709822307,60.0,control_latency_p95_ms,6935.068902505798,310.3590557216712,6849.041761287647,7021.096043723949,50
4.0,0.4717503709822307,60.0,attempt_drop_fraction,0.688843593463963,0.05386991823323707,0.6739116139459658,0.7037755729819601,50
4.0,0.4717503709822307,60.0,algebraic_support,0.606212168577751,0.06899327827199507,0.587088207528163,0.6253361296273389,50
4.0,0.4717503709822307,300.0,control_on_time_fraction,0.014047728160970958,0.014548442919538872,0.010015105524479309,0.018080350797462605,50
4.0,0.4717503709822307,300.0,control_delivery_fraction,0.7548919962873205,0.08644202596838405,0.7309314891325553,0.7788525034420857,50
4.0,0.4717503709822307,300.0,control_latency_p95_ms,4693.6656094686705,179.3573102443299,4643.950299499646,4743.380919437695,50
4.0,0.4717503709822307,300.0,attempt_drop_fraction,0.5661766519491414,0.08505900767991229,0.5425994979056072,0.5897538059926755,50
4.0,0.4717503709822307,300.0,algebraic_support,0.736504524592776,0.08382190963442464,0.713270276632689,0.759738772552863,50
4.0,0.4994479106030631,0.0,control_on_time_fraction,0.003186787593545522,0.004128947783231818,0.002042301658683677,0.004331273528407367,50
4.0,0.4994479106030631,0.0,control_delivery_fraction,0.4771300178510402,0.07060035505553369,0.45756059784397346,0.49669943785810694,50
4.0,0.4994479106030631,0.0,control_latency_p95_ms,7512.254103097179,308.0608204072138,7426.864000207069,7597.644205987289,50
4.0,0.4994479106030631,0.0,attempt_drop_fraction,0.7884922300642438,0.031998546983122995,0.7796226853567698,0.7973617747717179,50
4.0,0.4994479106030631,0.0,algebraic_support,0.46639242091354355,0.06307345321020642,0.4489093516542501,0.483875490172837,50
4.0,0.4994479106030631,60.0,control_on_time_fraction,0.010685377894166308,0.011163826699844413,0.007590923009293351,0.013779832779039266,50
4.0,0.4994479106030631,60.0,control_delivery_fraction,0.6178720057801513,0.09352745725872241,0.5919475172722786,0.6437964942880241,50
4.0,0.4994479106030631,60.0,control_latency_p95_ms,7244.038025331634,340.50062489346044,7149.656067394349,7338.41998326892,50
4.0,0.4994479106030631,60.0,attempt_drop_fraction,0.6882223908335593,0.05168916482100689,0.6738948853217085,0.7025498963454101,50
4.0,0.4994479106030631,60.0,algebraic_support,0.6060631201468364,0.08196208200840241,0.5833443901034192,0.6287818501902536,50
4.0,0.4994479106030631,300.0,control_on_time_fraction,0.011370921891987866,0.010139707250530051,0.008560338435598155,0.014181505348377577,50
4.0,0.4994479106030631,300.0,control_delivery_fraction,0.7574276796718468,0.1148694144358957,0.7255875024476153,0.7892678568960783,50
4.0,0.4994479106030631,300.0,control_latency_p95_ms,4695.342116247423,176.71490430125755,4646.359243837508,4744.3249886573385,50
4.0,0.4994479106030631,300.0,attempt_drop_fraction,0.552989361384869,0.08137651685328992,0.5304329417215183,0.5755457810482196,50
4.0,0.4994479106030631,300.0,algebraic_support,0.7457338193801292,0.10085071080659845,0.7177794285525881,0.7736882102076702,50
4.0,0.5688634704442851,0.0,control_on_time_fraction,0.0018001357259260179,0.00337304580723348,0.0008651751290153408,0.002735096322836695,50
4.0,0.5688634704442851,0.0,control_delivery_fraction,0.41527724598298704,0.0654526062578675,0.39713470914432875,0.43341978282164534,50
4.0,0.5688634704442851,0.0,control_latency_p95_ms,8428.688390635238,376.9259665584484,8324.2098431074,8533.166938163076,50
4.0,0.5688634704442851,0.0,attempt_drop_fraction,0.8252104556553022,0.02821820980648743,0.8173887669525143,0.83303214435809,50
4.0,0.5688634704442851,0.0,algebraic_support,0.4001048043782096,0.052770335137968846,0.38547761374416417,0.41473199501225505,50
4.0,0.5688634704442851,60.0,control_on_time_fraction,0.007745166141891777,0.007393151831102187,0.005695889006599051,0.009794443277184504,50
4.0,0.5688634704442851,60.0,control_delivery_fraction,0.5584781395409881,0.07967495906206298,0.5363933676343183,0.5805629114476579,50
4.0,0.5688634704442851,60.0,control_latency_p95_ms,8133.691409684352,405.4433099598107,8021.308257851506,8246.074561517198,50
4.0,0.5688634704442851,60.0,attempt_drop_fraction,0.7339455074280913,0.048331523280955024,0.720548692668132,0.7473423221880505,50
4.0,0.5688634704442851,60.0,algebraic_support,0.5489694088636408,0.07240427850209712,0.5288999667878659,0.5690388509394156,50
4.0,0.5688634704442851,300.0,control_on_time_fraction,0.009405299771148143,0.010766921436593965,0.006420861412303331,0.012389738129992955,50
4.0,0.5688634704442851,300.0,control_delivery_fraction,0.7042046185051434,0.10576883851739531,0.6748869922272244,0.7335222447830624,50
4.0,0.5688634704442851,300.0,control_latency_p95_ms,4866.449770641401,202.98560145503725,4810.185032494744,4922.714508788059,50
4.0,0.5688634704442851,300.0,attempt_drop_fraction,0.6082129981977148,0.08341154347815864,0.5850924979328389,0.6313334984625907,50
4.0,0.5688634704442851,300.0,algebraic_support,0.6978340133490721,0.09203822186622537,0.6723223198315679,0.7233457068665764,50
4.0,0.5929419665133093,0.0,control_on_time_fraction,0.004039387927072544,0.004410004388106322,0.002816997075978719,0.005261778778166369,50
4.0,0.5929419665133093,0.0,control_delivery_fraction,0.4299647220357211,0.04069590062300315,0.4186843938952895,0.44124505017615273,50
4.0,0.5929419665133093,0.0,control_latency_p95_ms,8797.914154688939,605.1731636768246,8630.168711940363,8965.659597437514,50
4.0,0.5929419665133093,0.0,attempt_drop_fraction,0.8174375333275166,0.008413070342951282,0.8151055492041972,0.8197695174508359,50
4.0,0.5929419665133093,0.0,algebraic_support,0.4111751132822235,0.009723903373144048,0.4084797847804404,0.4138704417840066,50
4.0,0.5929419665133093,60.0,control_on_time_fraction,0.007101208557801267,0.006540016403107639,0.005288408498299471,0.008914008617303064,50
4.0,0.5929419665133093,60.0,control_delivery_fraction,0.5821578136127445,0.03956164211929185,0.5711918858891133,0.5931237413363758,50
4.0,0.5929419665133093,60.0,control_latency_p95_ms,8378.841864222006,324.1651727221749,8288.987862614313,8468.695865829699,50
4.0,0.5929419665133093,60.0,attempt_drop_fraction,0.7133928565640248,0.014220850534373997,0.7094510379039631,0.7173346752240866,50
4.0,0.5929419665133093,60.0,algebraic_support,0.575819780397959,0.01361759436323563,0.5720451758174239,0.5795943849784941,50
4.0,0.5929419665133093,300.0,control_on_time_fraction,0.012771593010384752,0.01106156714119557,0.009705483029037598,0.015837702991731907,50
4.0,0.5929419665133093,300.0,control_delivery_fraction,0.7429877589221882,0.046206592845390686,0.7301799448286795,0.7557955730156968,50
4.0,0.5929419665133093,300.0,control_latency_p95_ms,5056.276425564129,520.5203112654971,4911.995556362392,5200.557294765866,50
4.0,0.5929419665133093,300.0,attempt_drop_fraction,0.5725175132140781,0.030496629037056047,0.5640642789214684,0.5809707475066878,50
4.0,0.5929419665133093,300.0,algebraic_support,0.7404644475136942,0.017511285353327206,0.7356105668544072,0.7453183281729813,50
4.0,0.7795591201968467,0.0,control_on_time_fraction,0.001711982378095653,0.0031290690734371153,0.0008446486815292844,0.0025793160746620217,50
4.0,0.7795591201968467,0.0,control_delivery_fraction,0.28182491874933685,0.03757083219261047,0.2714108153837959,0.2922390221148778,50
4.0,0.7795591201968467,0.0,control_latency_p95_ms,12806.45992188572,691.5919711758974,12614.760407813723,12998.159435957718,50
4.0,0.7795591201968467,0.0,attempt_drop_fraction,0.8869251328928249,0.012199525561375383,0.8835435969301557,0.8903066688554941,50
4.0,0.7795591201968467,0.0,algebraic_support,0.2712449929303473,0.025374774381834515,0.2642114643160496,0.27827852154464505,50
4.0,0.7795591201968467,60.0,control_on_time_fraction,0.00774670328289877,0.008616323910517372,0.005358380145016333,0.010135026420781207,50
4.0,0.7795591201968467,60.0,control_delivery_fraction,0.47323273820749556,0.05943204571982569,0.45675901560857074,0.4897064608064204,50
4.0,0.7795591201968467,60.0,control_latency_p95_ms,11858.563871336011,630.857496175962,11683.699094840722,12033.4286478313,50
4.0,0.7795591201968467,60.0,attempt_drop_fraction,0.787690821082756,0.029018539615385835,0.7796472922750255,0.7957343498904865,50
4.0,0.7795591201968467,60.0,algebraic_support,0.46216351444198894,0.043235065022905785,0.4501793658381956,0.47414766304578226,50
4.0,0.7795591201968467,300.0,control_on_time_fraction,0.006219687193589324,0.005875693250886728,0.004591028117174703,0.007848346270003945,50
4.0,0.7795591201968467,300.0,control_delivery_fraction,0.6523231836943828,0.0622643997681548,0.6350643726077745,0.6695819947809911,50
4.0,0.7795591201968467,300.0,control_latency_p95_ms,5395.642194657592,199.81655136339361,5340.255872380345,5451.028516934839,50
4.0,0.7795591201968467,300.0,attempt_drop_fraction,0.6598374924880894,0.0498252941641138,0.6460266255638901,0.6736483594122887,50
4.0,0.7795591201968467,300.0,algebraic_support,0.6530820359536307,0.06109535566397708,0.6361472673603419,0.6700168045469195,50
4.0,0.8329233627577894,0.0,control_on_time_fraction,0.0019109638934045811,0.003234665769272396,0.0010143602860773725,0.0028075675007317898,50
4.0,0.8329233627577894,0.0,control_delivery_fraction,0.23884988847552932,0.04474325118171042,0.2264476919969445,0.2512520849541141,50
4.0,0.8329233627577894,0.0,control_latency_p95_ms,14447.018910218636,798.9632350720849,14225.557600214857,14668.480220222415,50
4.0,0.8329233627577894,0.0,attempt_drop_fraction,0.9027872315991325,0.013848812307906803,0.8989485366741667,0.9066259265240983,50
4.0,0.8329233627577894,0.0,algebraic_support,0.23442375523449946,0.029452567280728287,0.2262599200958575,0.24258759037314143,50
4.0,0.8329233627577894,60.0,control_on_time_fraction,0.007686372139544329,0.009762301635122143,0.00498040018256044,0.010392344096528217,50
4.0,0.8329233627577894,60.0,control_delivery_fraction,0.43568286453935867,0.06692827310086354,0.41713129372037017,0.4542344353583472,50
4.0,0.8329233627577894,60.0,control_latency_p95_ms,13509.700893909372,711.4175289119646,13312.50601560151,13706.895772217234,50
4.0,0.8329233627577894,60.0,attempt_drop_fraction,0.8073980776660652,0.03087540759196008,0.7988398513146372,0.8159563040174932,50
4.0,0.8329233627577894,60.0,algebraic_support,0.4295208096513553,0.05396420056523219,0.41456269640424853,0.4444789228984621,50
4.0,0.8329233627577894,300.0,control_on_time_fraction,0.007171130294986409,0.004955331978723207,0.0057975823476736025,0.008544678242299215,50
4.0,0.8329233627577894,300.0,control_delivery_fraction,0.623395688171222,0.09199363521287333,0.5978963534434926,0.6488950228989515,50
4.0,0.8329233627577894,300.0,control_latency_p95_ms,5573.049668684362,197.66374629500612,5518.260073527586,5627.839263841137,50
4.0,0.8329233627577894,300.0,attempt_drop_fraction,0.6830711073164091,0.0568101572360246,0.6673241351270373,0.6988180795057809,50
4.0,0.8329233627577894,300.0,algebraic_support,0.6246178640682112,0.07847583384973611,0.6028654727126397,0.6463702554237827,50
4.0,0.8798162352262834,0.0,control_on_time_fraction,0.0008249932999785214,0.0019229967876506875,0.00029196578502940405,0.0013580208149276388,50
4.0,0.8798162352262834,0.0,control_delivery_fraction,0.2211276458837145,0.03903508102977419,0.2103076734475892,0.23194761831983982,50
4.0,0.8798162352262834,0.0,control_latency_p95_ms,16169.534535608276,943.5514217673793,15907.995424986148,16431.073646230405,50
4.0,0.8798162352262834,0.0,attempt_drop_fraction,0.9140538050502711,0.011633375427724387,0.9108291978982822,0.91727841220226,50
4.0,0.8798162352262834,0.0,algebraic_support,0.20818877935756164,0.02500855458970923,0.20125676169064316,0.21512079702448011,50
4.0,0.8798162352262834,60.0,control_on_time_fraction,0.006366674270704724,0.006269415915290618,0.004628880839654627,0.008104467701754822,50
4.0,0.8798162352262834,60.0,control_delivery_fraction,0.4179064049625685,0.06704191955655778,0.3993233329532241,0.43648947697191287,50
4.0,0.8798162352262834,60.0,control_latency_p95_ms,15152.658117365472,759.3465020516861,14942.178005504027,15363.138229226917,50
4.0,0.8798162352262834,60.0,attempt_drop_fraction,0.8177955380734072,0.02849194127766446,0.8098979748778579,0.8256931012689566,50
4.0,0.8798162352262834,60.0,algebraic_support,0.4101303035418267,0.04926666132858163,0.39647428173957716,0.4237863253440763,50
4.0,0.8798162352262834,300.0,control_on_time_fraction,0.005793998878380232,0.0057500703876235655,0.0042001606831319075,0.007387837073628557,50
4.0,0.8798162352262834,300.0,control_delivery_fraction,0.6219264375814677,0.07660178048426895,0.6006935073163628,0.6431593678465726,50
4.0,0.8798162352262834,300.0,control_latency_p95_ms,5720.171558726845,351.37584134329796,5622.775144584528,5817.567972869163,50
4.0,0.8798162352262834,300.0,attempt_drop_fraction,0.6915616186989445,0.051584669745727674,0.6772630777442152,0.7058601596536738,50
4.0,0.8798162352262834,300.0,algebraic_support,0.612071827726092,0.07352476806745402,0.5916918017885114,0.6324518536636726,50
4.0,1.0,0.0,control_on_time_fraction,0.000996322492950381,0.0020215567006849657,0.00043597556392026347,0.0015566694219804986,50
4.0,1.0,0.0,control_delivery_fraction,0.1554491504720289,0.025208123439225866,0.14846181514228216,0.16243648580177564,50
4.0,1.0,0.0,control_latency_p95_ms,23734.498894076114,2849.369818521599,22944.69387552843,24524.303912623796,50
4.0,1.0,0.0,attempt_drop_fraction,0.9354213323899271,0.0030774032040357473,0.9345683197417117,0.9362743450381424,50
4.0,1.0,0.0,algebraic_support,0.151328125,0.005026040289820403,0.14993497770879208,0.15272127229120794,50
4.0,1.0,60.0,control_on_time_fraction,0.007101573400789509,0.008078967465094102,0.004862197870404525,0.009340948931174493,50
4.0,1.0,60.0,control_delivery_fraction,0.3799425133631909,0.03989374490289862,0.3688845314444667,0.3910004952819151,50
4.0,1.0,60.0,control_latency_p95_ms,21505.79113240893,1535.1166677366957,21080.278501386638,21931.30376343122,50
4.0,1.0,60.0,attempt_drop_fraction,0.8349729798491032,0.009291367289681171,0.8323975442328281,0.8375484154653784,50
4.0,1.0,60.0,algebraic_support,0.3783203125,0.012565100724551009,0.3748374442719801,0.38180318072801983,50
4.0,1.0,300.0,control_on_time_fraction,0.005944826825337124,0.004969203576428573,0.004567433867309401,0.0073222197833648466,50
4.0,1.0,300.0,control_delivery_fraction,0.5961666945205861,0.04364381302122386,0.5840692467520813,0.608264142289091,50
4.0,1.0,300.0,control_latency_p95_ms,6130.271270827389,415.4581322990441,6015.112151869471,6245.430389785308,50
4.0,1.0,300.0,attempt_drop_fraction,0.6988771321908456,0.020067590119914012,0.6933146800009471,0.704439584380744,50
4.0,1.0,300.0,algebraic_support,0.6053125,0.02010416115928161,0.5997399108351683,0.6108850891648318,50
