mode,scenario_id,group,candidates,requested_jobs,selected_score,selected_cost,minimum_cost,realized_regret,exposure_regret,relative_regret_percent,maximum_absolute_score_error,twice_error_bound,centered_error_bound,exact_optimum,bound_pass
exhaustive,0,nominal,60,4,8.319592364423443,322.42013931274414,322.42013931274414,0.0,0.0,0.0,315.3773745295475,630.754749059095,1.2768275812268257,True,True
exhaustive,1,single_domain,60,4,18.312883518636227,64.98208951950073,64.98208951950073,0.0,0.0,0.0,48.37987408787012,96.75974817574024,1.7114129066467285,True,True
exhaustive,2,cascade,60,4,227.30734634399414,1330.6510314941406,1330.6510314941406,0.0,0.0,0.0,1108.4121913909912,2216.8243827819824,5.457088470458984,True,True
exhaustive,3,ood,12,4,1039.9329681396484,1971.9942626953125,1971.9942626953125,0.0,0.0,0.0,932.0612945556641,1864.1225891113281,2.4425506591796875,True,True
exhaustive,4,nominal,60,4,0.0013157848443370312,67.0156078338623,66.92461204528809,0.09099578857421875,0.09099578857421875,0.1359675996517419,67.36347420859965,134.7269484171993,0.44035482201434206,False,True
exhaustive,5,single_domain,60,4,32.011380672454834,2123.2020416259766,2123.2020416259766,0.0,0.0,0.0,2093.5644278526306,4187.128855705261,2.3737668991088867,True,True
exhaustive,6,cascade,12,4,281.04521560668945,2775.9183959960938,2775.9183959960938,0.0,0.0,0.0,2499.005289077759,4998.010578155518,4.132108688354492,True,True
exhaustive,7,ood,12,4,1150.991455078125,2602.4781188964844,2602.4781188964844,0.0,0.0,0.0,1452.011962890625,2904.02392578125,1.1026763916015625,True,True
exhaustive,8,nominal,60,4,0.001362460780001129,1094.4252166748047,1094.3655395507812,0.0596771240234375,0.0596771240234375,0.0054531252919325255,1094.778436588742,2189.556873177484,0.41425970286763913,False,True
exhaustive,9,single_domain,60,4,6.531389219220728,205.67415237426758,205.67415237426758,0.0,0.0,0.0,202.95412639901042,405.90825279802084,3.8113632439635694,True,True
exhaustive,10,cascade,12,4,251.2132453918457,387.9162292480469,387.9162292480469,0.0,0.0,0.0,136.70298385620117,273.40596771240234,0.2303009033203125,True,True
exhaustive,11,ood,60,4,1015.9326324462891,1924.2977600097656,1924.2977600097656,0.0,0.304840087890625,0.0,916.800537109375,1833.60107421875,9.2525634765625,True,True
exhaustive,12,nominal,60,4,20.042226744699292,2110.8782653808594,2110.8782653808594,0.0,0.0,0.0,2092.31274399627,4184.62548799254,1.4767053601099178,True,True
exhaustive,13,single_domain,60,4,0.2895903028547764,55.17072010040283,55.17072010040283,0.0,0.0,0.0,57.15175870805979,114.30351741611958,2.270628910511732,True,True
exhaustive,14,cascade,60,4,218.42228889465332,981.0483779907227,981.0483779907227,0.0,0.0,0.0,850.856990814209,1701.713981628418,88.48253440856934,True,True
exhaustive,15,ood,60,4,1221.2704010009766,2433.0174102783203,2433.0174102783203,0.0,0.0,0.0,1211.7470092773438,2423.4940185546875,9.235916137695312,True,True
exhaustive,16,nominal,60,4,0.01035710028372705,1309.1060943603516,1309.1060943603516,0.0,0.0,0.0,1309.200789910974,2618.401579821948,0.10505265090614557,True,True
exhaustive,17,single_domain,60,4,15.113205661531538,14.44521689414978,14.44521689414978,0.0,0.0,0.0,2.332192888017744,4.664385776035488,1.6642041206359863,True,True
exhaustive,18,cascade,60,4,327.09406661987305,1636.134620666504,1636.134620666504,0.0,0.051666259765625,0.0,1309.7279205322266,2619.455841064453,6.226985931396484,True,True
exhaustive,19,ood,60,4,1040.9093475341797,2815.0616760253906,2815.0616760253906,0.0,0.0,0.0,1829.0877838134766,3658.175567626953,57.03797912597656,True,True
exhaustive,20,nominal,60,4,0.0023112181515898556,39.05950598148776,39.05950598148776,0.0,0.0,0.0,39.237953800787835,78.47590760157567,0.180759037451665,True,True
exhaustive,21,single_domain,60,4,27.235079050064087,453.04898834228516,453.04898834228516,0.0,0.0,0.0,432.80281162261963,865.6056232452393,6.98890233039856,True,True
exhaustive,22,cascade,12,4,263.7341728210449,1945.6124877929688,1945.6124877929688,0.0,0.0,0.0,1696.1286354064941,3392.2572708129883,14.250320434570312,True,True
exhaustive,23,ood,12,4,1132.2507934570312,2592.617645263672,2592.617645263672,0.0,0.0,0.0,1466.1201629638672,2932.2403259277344,5.7533111572265625,True,True
exhaustive,24,nominal,60,4,0.008389510912820697,1400.4039916992188,1400.4036865234375,0.00030517578125,0.00030517578125,2.1791986424115464e-05,1400.5307535895263,2801.0615071790526,0.1354599111364223,False,True
exhaustive,25,single_domain,60,4,45.13462018966675,1342.2017669677734,1342.2017669677734,0.0,0.0,0.0,1306.8418624401093,2613.6837248802185,9.774715662002563,True,True
exhaustive,26,cascade,3,4,160.04985332489014,1889.9267272949219,1889.9267272949219,0.0,0.0,0.0,1748.3793315887451,3496.7586631774902,18.50245761871338,True,True
exhaustive,27,ood,3,4,1352.8341217041016,2818.536346435547,2818.536346435547,0.0,0.0,0.0,1466.9210662841797,2933.8421325683594,1.218841552734375,True,True
exhaustive,28,nominal,60,4,3.2576953035750194,723.0732154846191,723.0732154846191,0.0,0.0,0.0,719.89101469054,1439.78202938108,0.07549450949591119,True,True
exhaustive,29,single_domain,60,4,16.69025658816099,371.5441951751709,371.5441951751709,0.0,0.0,0.0,355.134862460196,710.269724920392,0.28092387318611145,True,True
exhaustive,30,cascade,12,4,232.6808261871338,1751.8830108642578,1751.8830108642578,0.0,0.0,0.0,1529.6261501312256,3059.252300262451,10.423965454101562,True,True
exhaustive,31,ood,12,4,1032.6082458496094,2900.6908264160156,2900.6908264160156,0.0,0.0,0.0,1917.4300079345703,3834.8600158691406,49.34742736816406,True,True
exhaustive,32,nominal,60,4,0.0009311347821494564,30.476296796786784,30.476296796786784,0.0,0.0,0.0,30.475365662004634,60.95073132400927,0.00029147479756375105,True,True
exhaustive,33,single_domain,60,4,26.11921478435397,1554.4263343811035,1554.4263343811035,0.0,0.0,0.0,1529.9143986590207,3059.8287973180413,1.6072790622711182,True,True
exhaustive,34,cascade,60,4,253.70697402954102,867.7127838134766,867.7127838134766,0.0,0.0,0.0,633.5967864990234,1267.1935729980469,19.59097671508789,True,True
exhaustive,35,ood,12,4,1327.9694366455078,4142.121307373047,4142.094390869141,0.02691650390625,0.0,0.0006498283565334705,2815.975112915039,5631.950225830078,2.060455322265625,False,True
exhaustive,36,nominal,60,4,8.931143442809116,867.7139587402344,867.7139587402344,0.0,0.0,0.0,859.815485936706,1719.630971873412,1.0326706392806955,True,True
exhaustive,37,single_domain,60,4,12.940483294427395,1870.9324035644531,1870.9293365478516,0.0030670166015625,0.0030670166015625,0.00016393011439018915,1857.997938349843,3715.995876699686,0.01829635351896286,False,True
exhaustive,38,cascade,12,4,211.81717109680176,684.3194580078125,684.3194580078125,0.0,0.0,0.0,491.64184951782227,983.2836990356445,19.139562606811523,True,True
exhaustive,39,ood,60,4,951.3438568115234,2804.3380126953125,2804.3380126953125,0.0,0.0,0.0,1973.6483154296875,3947.296630859375,120.65415954589844,True,True
exhaustive,40,nominal,60,4,0.004954906995408237,1673.2378692626953,1673.2378692626953,0.0,0.0,0.0,1673.471450700541,3346.942901401082,0.23853634484112263,True,True
exhaustive,41,single_domain,60,4,0.059368247631937265,21.105784946696133,21.105784946696133,0.0,0.0,0.0,21.217877753479243,42.435755506958486,0.17146105441504744,True,True
exhaustive,42,cascade,60,4,299.87574577331543,1800.076187133789,1800.076187133789,0.0,0.0,0.0,1525.49556350708,3050.99112701416,26.042322158813477,True,True
exhaustive,43,ood,12,4,1112.4847259521484,3512.7642822265625,3512.7642822265625,0.0,0.0,0.0,2434.309799194336,4868.619598388672,34.030242919921875,True,True
exhaustive,44,nominal,60,4,0.004820270405616611,599.6282501220703,599.6282501220703,0.0,0.0,0.0,599.971255389275,1199.94251077855,0.3478255376103334,True,True
exhaustive,45,single_domain,60,4,1.594983333721757,1082.4427108764648,1082.4427108764648,0.0,0.0,0.0,1083.064869172871,2166.129738345742,2.217141630128026,True,True
exhaustive,46,cascade,60,4,255.49796676635742,1219.5779037475586,1219.5779037475586,0.0,0.0,0.0,970.1380023956299,1940.2760047912598,6.746425628662109,True,True
exhaustive,47,ood,12,4,1175.8093566894531,1876.520248413086,1876.520248413086,0.0,0.0,0.0,703.3358459472656,1406.6716918945312,8.257110595703125,True,True
exhaustive,48,nominal,60,4,2.2958579139085487,419.2177200317383,419.2177200317383,0.0,0.0,0.0,417.5280573996715,835.056114799343,0.6061952818417922,True,True
exhaustive,49,single_domain,60,4,14.462298110127449,120.65873908996582,120.65873908996582,0.0,0.0,0.0,109.27286653220654,218.54573306441307,3.076425552368164,True,True
exhaustive,50,cascade,60,4,296.9084701538086,428.0616226196289,428.0616226196289,0.0,0.0,0.0,139.23294067382812,278.46588134765625,8.4154052734375,True,True
exhaustive,51,ood,12,4,1012.9333801269531,1612.1773147583008,1612.1773147583008,0.0,0.0,0.0,599.2439346313477,1198.4878692626953,28.70844268798828,True,True
exhaustive,52,nominal,60,4,0.002467241050908342,603.785831451416,603.785831451416,0.0,0.0,0.0,604.2140745814977,1208.4281491629954,0.4307103711325908,True,True
exhaustive,53,single_domain,60,4,0.4634990766644478,1.5629925206303596,1.5629925206303596,0.0,0.0,0.0,1.2114428356289864,2.4228856712579727,0.1119493916630745,True,True
exhaustive,54,cascade,60,4,281.229061126709,2065.5665130615234,2065.5665130615234,0.0,0.0,0.0,1893.6881637573242,3787.3763275146484,109.35071182250977,True,True
exhaustive,55,ood,12,4,1078.079345703125,3454.6109619140625,3454.6109619140625,0.0,0.0,0.0,2424.6868896484375,4849.373779296875,48.1552734375,True,True
exhaustive,56,nominal,60,4,0.2411495913984254,300.2785732746124,300.2785732746124,0.0,0.0,0.0,300.0550333884312,600.1100667768624,0.017609705217182636,True,True
exhaustive,57,single_domain,12,4,0.7357032783329487,45.67328514158726,45.67328514158726,0.0,0.0,0.0,45.24618750438094,90.49237500876188,0.3086056411266327,True,True
exhaustive,58,cascade,60,4,322.6119499206543,1056.995018005371,1056.995018005371,0.0,0.0,0.0,737.6582221984863,1475.3164443969727,5.866325378417969,True,True
exhaustive,59,ood,12,4,931.2470092773438,1768.0654602050781,1768.0654602050781,0.0,0.0,0.0,848.631591796875,1697.26318359375,11.813140869140625,True,True
exhaustive,60,nominal,60,4,0.004979700257536024,1286.0266036987305,1286.0266036987305,0.0,0.0,0.0,1286.3083339197328,2572.6166678394657,0.2867099212598987,True,True
exhaustive,61,single_domain,60,4,9.695216545835137,910.2374038696289,910.2374038696289,0.0,0.0,0.0,901.9018678665161,1803.8037357330322,1.3596805427223444,True,True
exhaustive,62,cascade,60,4,263.2511520385742,579.5183181762695,579.5183181762695,0.0,0.0,0.0,323.8714599609375,647.742919921875,7.846271514892578,True,True
exhaustive,63,ood,12,4,1031.7103271484375,1056.7263793945312,1056.7263793945312,0.0,0.0,0.0,43.41065979003906,86.82131958007812,26.407798767089844,True,True
portfolio,0,nominal,6,15,8.315586684670848,315.1555128097534,315.15351963043213,0.0019931793212890625,0.009815216064453125,0.0006324471081986912,307.406318954031,614.812637908062,0.5683974877603077,False,True
portfolio,1,single_domain,6,25,2.3807868286967278,41.04297942109406,41.02267459779978,0.02030482329428196,0.0,0.049496585713528767,42.81433421373367,85.62866842746735,4.358261808753014,False,True
portfolio,2,cascade,6,36,150.23198246955872,1136.3598327636719,1136.3598327636719,0.0,40.26652526855469,0.0,1043.331272482872,2086.662544965744,57.20342218875885,True,True
portfolio,3,ood,6,36,662.8349075317383,1704.2539443969727,1704.2539443969727,0.0,18.0208740234375,0.0,1053.7612209320068,2107.5224418640137,12.342184066772461,True,True
portfolio,4,nominal,6,17,0.0003040257051907247,64.82206439971924,64.77932548522949,0.042738914489746094,0.042738914489746094,0.06597616472479496,64.95201888097199,129.90403776194398,0.17302084021912378,False,True
portfolio,5,single_domain,6,31,18.04769676923752,2061.7073974609375,2061.7073974609375,0.0,0.0,0.0,2073.5407544970512,4147.0815089941025,29.881053805351257,True,True
portfolio,6,cascade,6,33,157.7482634782791,2185.9402770996094,2185.9402770996094,0.0,0.0,0.0,2065.1783726215363,4130.3567452430725,36.986359000205994,True,True
portfolio,7,ood,6,33,718.213794708252,2035.0740661621094,2035.0740661621094,0.0,192.98513793945312,0.0,1380.3368530273438,2760.6737060546875,70.27999114990234,True,True
portfolio,8,nominal,6,17,0.0010068233533786497,1092.339096069336,1092.3185272216797,0.02056884765625,0.0,0.0018830448393626553,1092.3380892459825,2184.676178491965,0.020574793879632125,False,True
portfolio,9,single_domain,6,36,6.504964134073816,188.78437280654907,188.78437280654907,0.0,0.0,0.0,190.9451919896528,381.8903839793056,8.665783317177556,True,True
portfolio,10,cascade,6,36,87.8182202577591,188.04645800590515,188.04645800590515,0.0,0.0,0.0,109.7366681098938,219.4733362197876,10.075422406196594,True,True
portfolio,11,ood,6,36,781.4299774169922,1614.5430603027344,1614.5430603027344,0.0,48.28538513183594,0.0,833.8367309570312,1667.6734619140625,3.0103759765625,True,True
portfolio,12,nominal,6,17,20.034096754927532,2110.4378967285156,2110.3142700195312,0.123626708984375,0.0,0.005858213193205144,2091.6838489944557,4183.3676979889115,1.4045547348569016,False,True
portfolio,13,single_domain,6,36,0.07010108442045748,47.228229224681854,47.228229224681854,0.0,0.0,0.0,48.42989537259564,96.85979074519128,1.2717672323342413,True,True
portfolio,14,cascade,6,32,134.44240009784698,751.8068466186523,751.8068466186523,0.0,13.252586364746094,0.0,643.1986541748047,1286.3973083496094,29.145796298980713,True,True
portfolio,15,ood,6,36,674.4751968383789,1765.41357421875,1765.41357421875,0.0,0.0,0.0,1112.3542861938477,2224.7085723876953,24.426422119140625,True,True
portfolio,16,nominal,6,19,0.007101926472387277,1308.9617767333984,1308.9425506591797,0.01922607421875,0.0563201904296875,0.0014688249082488612,1308.9917345613067,2617.9834691226133,0.057148294494254515,False,True
portfolio,17,single_domain,6,28,4.845463534351438,5.627057075500488,5.627057075500488,0.0,0.0,0.0,0.78159354114905,1.5631870822981,0.9095838963985443,True,True
portfolio,18,cascade,6,31,197.4561264514923,1575.8003234863281,1567.3837280273438,8.416595458984375,7.266670227050781,0.5369837206091974,1378.3441970348358,2756.6883940696716,20.34093976020813,False,True
portfolio,19,ood,6,36,733.8414459228516,2567.4940490722656,2567.4940490722656,0.0,0.0,0.0,1833.652603149414,3667.305206298828,39.363677978515625,True,True
portfolio,20,nominal,6,15,0.0008232406426031957,38.75929832501502,38.74658441589009,0.012713909124926204,0.012713909124926204,0.03281298033514456,38.79325190699186,77.58650381398373,0.0475137011531217,False,True
portfolio,21,single_domain,6,27,13.04858524352312,404.19374084472656,404.19374084472656,0.0,0.0,0.0,403.2044582515955,806.408916503191,12.059302650392056,True,True
portfolio,22,cascade,6,31,186.76469802856445,1806.3759155273438,1806.3759155273438,0.0,0.0,0.0,1623.686559677124,3247.373119354248,4.822319030761719,True,True
portfolio,23,ood,6,33,926.1511154174805,2363.0156860351562,2363.0156860351562,0.0,46.9776611328125,0.0,1436.8645706176758,2873.7291412353516,15.012641906738281,True,True
portfolio,24,nominal,6,19,0.004693610665821524,1399.1881103515625,1399.1881103515625,0.0,0.0284423828125,0.0,1399.4943674680544,2798.988734936109,0.31095072715766037,True,True
portfolio,25,single_domain,6,30,32.09448632411659,1259.1278533935547,1253.8591766357422,5.2686767578125,5.2686767578125,0.4201968495336937,1247.7581310085952,2495.5162620171905,27.564788645133376,False,True
portfolio,26,cascade,6,32,113.69070768356323,1588.591323852539,1557.0033264160156,31.587997436523438,31.587997436523438,2.0287687829951007,1503.140235900879,3006.280471801758,65.717449426651,False,True
portfolio,27,ood,6,36,705.9104919433594,1692.3618621826172,1692.3618621826172,0.0,212.18914794921875,0.0,1082.98335647583,2165.96671295166,96.53198623657227,True,True
portfolio,28,nominal,6,15,3.2563796962051583,721.3470993041992,721.3313789367676,0.015720367431640625,0.0,0.0021793544396768415,718.1470588905808,1436.2941177811615,0.07206452615253056,False,True
portfolio,29,single_domain,6,36,16.468311957549304,353.08944511413574,353.08944511413574,0.0,0.0,0.0,344.291247128509,688.582494257018,7.670113971922547,True,True
portfolio,30,cascade,6,36,164.1381378173828,1530.7819519042969,1530.7819519042969,0.0,54.162384033203125,0.0,1434.3974967002869,2868.7949934005737,67.7536826133728,True,True
portfolio,31,ood,6,33,594.3681497573853,1936.4892578125,1936.4892578125,0.0,62.80401611328125,0.0,1418.2321968078613,2836.4643936157227,76.11108875274658,True,True
portfolio,32,nominal,6,13,0.0004915489206496204,30.476291898882582,30.476291898882582,0.0,9.909946285802107e-08,0.0,30.475800349961933,60.951600699923866,0.00011136117146293145,True,True
portfolio,33,single_domain,6,25,3.2428946755826473,1322.8053092956543,1322.8053092956543,0.0,0.0,0.0,1355.234417559579,2710.468835119158,35.672002939507365,True,True
portfolio,34,cascade,6,31,145.8613805770874,708.4227066040039,707.4598159790039,0.962890625,0.962890625,0.1361053452438883,567.0131096839905,1134.026219367981,5.46328592300415,False,True
portfolio,35,ood,6,36,1017.2742614746094,3548.542938232422,3548.542938232422,0.0,0.0,0.0,2637.7019958496094,5275.403991699219,106.43331909179688,True,True
portfolio,36,nominal,6,13,8.929867789108073,867.6268615722656,867.6268615722656,0.0,0.0,0.0,858.8054673137918,1717.6109346275837,0.10847353063434184,True,True
portfolio,37,single_domain,6,27,12.584961264859885,1868.8824462890625,1868.8824462890625,0.0,0.0,0.0,1856.8772831577808,3713.7545663155615,0.5797981335781515,True,True
portfolio,38,cascade,6,33,149.11875009536743,459.0798511505127,459.0798511505127,0.0,0.0,0.0,330.82561111450195,661.6512222290039,20.86451005935669,True,True
portfolio,39,ood,6,36,639.2672080993652,1846.7202758789062,1827.106674194336,19.613601684570312,73.23928833007812,1.0734787389038982,1232.724594116211,2465.449188232422,55.28436851501465,False,True
portfolio,40,nominal,6,15,0.0023634964213670173,1672.3265533447266,1672.3265533447266,0.0,0.0118408203125,0.0,1672.4468333058785,3344.893666611757,0.12264345757330375,True,True
portfolio,41,single_domain,6,35,0.01553829771000892,19.28456707044267,18.237590960971865,1.0469761094708048,1.0221786140125424,5.7407588080647045,19.435435545226238,38.870871090452475,1.2220374010650552,False,True
portfolio,42,cascade,6,36,133.88499116897583,1555.7384338378906,1550.621810913086,5.1166229248046875,5.1166229248046875,0.3299723303770477,1444.1671619415283,2888.3343238830566,40.67952585220337,False,True
portfolio,43,ood,6,36,860.2731094360352,2882.2206420898438,2882.2206420898438,0.0,0.0,0.0,2030.6457824707031,4061.2915649414062,8.698249816894531,True,True
portfolio,44,nominal,6,18,0.0013430005365080433,598.7330436706543,598.6909255981445,0.042118072509765625,0.0,0.007035027709445569,598.7317006701178,1197.4634013402356,0.0421765586188485,False,True
portfolio,45,single_domain,6,33,1.5345728216925636,1062.2228698730469,1059.0851745605469,3.1376953125,3.1376953125,0.2962646808649686,1067.2876213668496,2134.5752427336993,9.738579425902572,False,True
portfolio,46,cascade,6,36,166.87681436538696,1125.4320220947266,1103.4534530639648,21.97856903076172,21.97856903076172,1.9917984732145895,980.1728363037109,1960.3456726074219,49.069682121276855,False,True
portfolio,47,ood,6,36,678.4841690063477,1386.257064819336,1386.257064819336,0.0,33.346435546875,0.0,727.4222030639648,1454.8444061279297,19.649307250976562,True,True
portfolio,48,nominal,6,17,2.2939138128540435,418.3225917816162,418.3225917816162,0.0,0.0,0.0,416.0305385865013,832.0610771730026,0.0018606177391120582,True,True
portfolio,49,single_domain,6,35,5.547299772500992,95.24182605743408,95.24182605743408,0.0,0.03217172622680664,0.0,92.8176992982626,185.6353985965252,3.669340640306473,True,True
portfolio,50,cascade,6,36,136.9861159324646,254.93614387512207,253.65394020080566,1.2822036743164062,0.0,0.5054933005579756,128.45723581314087,256.91447162628174,16.25528359413147,False,True
portfolio,51,ood,6,36,632.8450393676758,1354.219367980957,1354.219367980957,0.0,83.75666809082031,0.0,726.2940559387207,1452.5881118774414,14.479301452636719,True,True
portfolio,52,nominal,6,23,0.0013223142886999995,601.5761795043945,601.5761795043945,0.0,0.0,0.0,602.0826055294165,1204.165211058833,0.5077483393106377,True,True
portfolio,53,single_domain,6,35,0.161158693023026,0.36908014863729477,0.3524835482239723,0.01659660041332245,0.06316114962100983,4.7084751889687535,0.3360668160021305,0.672133632004261,0.15105896815657616,False,True
portfolio,54,cascade,6,33,197.86438059806824,1847.8167572021484,1847.8167572021484,0.0,0.0,0.0,1685.6712045669556,3371.342409133911,35.718827962875366,True,True
portfolio,55,ood,6,33,724.5873718261719,2430.4898376464844,2430.4898376464844,0.0,81.466552734375,0.0,1801.5293807983398,3603.0587615966797,95.62691497802734,True,True
portfolio,56,nominal,6,23,0.2349089356357581,298.60437965393066,298.60437965393066,0.0,0.0,0.0,298.6304032613298,597.2608065226595,0.260932543034869,True,True
portfolio,57,single_domain,6,36,0.5535910911858082,43.549724370241165,43.549724370241165,0.0,0.12074749171733856,0.0,43.275800317991525,86.55160063598305,0.27966703893616796,True,True
portfolio,58,cascade,6,36,199.8880636692047,891.8931198120117,891.8931198120117,0.0,0.0,0.0,743.210373878479,1486.420747756958,51.205317735672,True,True
portfolio,59,ood,6,36,526.6007180213928,947.8780059814453,923.1285133361816,24.749492645263672,24.749492645263672,2.681045194435511,461.79665660858154,923.5933132171631,74.82969427108765,False,True
portfolio,60,nominal,6,22,0.002634071636975932,1285.2079391479492,1285.2079391479492,0.0,0.0480499267578125,0.0,1285.3798827593862,2570.7597655187724,0.17457768307394872,True,True
portfolio,61,single_domain,6,33,9.606435527675785,889.3601303100586,888.5681457519531,0.7919845581054688,0.0,0.08913042425522127,887.6295187659562,1775.2590375319123,8.706508080707863,False,True
portfolio,62,cascade,6,36,129.12267196178436,402.2009735107422,402.2009735107422,0.0,2.700389862060547,0.0,280.7158131599426,561.4316263198853,7.637511610984802,True,True
portfolio,63,ood,6,36,601.8807935714722,760.9462471008301,760.9462471008301,0.0,0.0,0.0,159.0654535293579,318.1309070587158,18.272143363952637,True,True
portfolio,64,nominal,6,17,1.211314129707148,267.3736963272095,267.3617887496948,0.011907577514648438,0.0,0.004453731990025082,266.3058569466432,532.6117138932864,0.1554108899940161,False,True
portfolio,65,single_domain,6,28,0.10842769787996076,259.2945331649389,259.1701347519411,0.12439841299783438,0.0,0.047998745348070124,265.1669761535013,530.3339523070026,6.160772041999735,False,True
portfolio,66,cascade,6,33,118.5386233329773,251.48881912231445,238.7995662689209,12.689252853393555,12.689252853393555,5.31376712766041,133.91525077819824,267.8305015563965,23.045807123184204,False,True
portfolio,67,ood,6,33,657.7260894775391,2334.4237670898438,2334.4237670898438,0.0,0.0,0.0,1734.094440460205,3468.18888092041,57.39676284790039,True,True
portfolio,68,nominal,6,21,0.0009423945921298582,493.4227795600891,493.4178228378296,0.004956722259521484,0.004956722259521484,0.0010045689535520888,493.46208038814075,986.9241607762815,0.045275042233697604,False,True
portfolio,69,single_domain,6,33,8.085901803104207,893.2411651611328,893.2411651611328,0.0,0.9785003662109375,0.0,886.167713181756,1772.335426363512,1.0124498237273656,True,True
portfolio,70,cascade,6,23,124.24359512329102,445.4144096374512,445.27515983581543,0.1392498016357422,0.1392498016357422,0.03127275316392839,322.99712896347046,645.9942579269409,2.072972059249878,False,True
portfolio,71,ood,6,36,842.4817390441895,2023.5401153564453,2023.5401153564453,0.0,59.62495422363281,0.0,1213.7007675170898,2427.4015350341797,32.642391204833984,True,True
portfolio,72,nominal,6,15,0.002841865561649115,971.4296035766602,971.4184684753418,0.011135101318359375,0.011135101318359375,0.0011462723511769454,971.4523320334168,1942.9046640668337,0.036946398501982,False,True
portfolio,73,single_domain,6,31,11.29825346916914,986.0844116210938,985.5888366699219,0.495574951171875,3.9122161865234375,0.05028211894589927,979.2771493196487,1958.5542986392975,5.120432540774345,False,True
portfolio,74,cascade,6,32,66.27087032794952,79.37316131591797,79.37316131591797,0.0,0.0,0.0,20.111178040504456,40.22235608100891,7.33704674243927,True,True
portfolio,75,ood,6,36,742.588809967041,1191.7256927490234,1191.7256927490234,0.0,84.4349365234375,0.0,471.4546127319336,942.9092254638672,22.317729949951172,True,True
portfolio,76,nominal,6,18,2.0589777114073513,226.06068325614814,226.06068325614814,0.0,0.026958472097021513,0.0,224.1783102429846,448.3566204859692,0.17660469824380698,True,True
portfolio,77,single_domain,6,36,0.12280940311029553,1400.4132690429688,1400.4132690429688,0.0,0.0,0.0,1401.520598584786,2803.041197169572,1.230138944927603,True,True
portfolio,78,cascade,6,32,143.38815450668335,245.17902040481567,245.17902040481567,0.0,0.0,0.0,109.98367023468018,219.96734046936035,8.192804336547852,True,True
portfolio,79,ood,6,36,694.9948234558105,1429.3686981201172,1411.4489440917969,17.919754028320312,0.0,1.2695998748896198,757.3736343383789,1514.7472686767578,57.25624084472656,False,True
portfolio,80,nominal,6,30,8.4605929717236,740.9637813568115,740.8923950195312,0.07138633728027344,0.0,0.00963518289027539,733.0518321219679,1466.1036642439358,0.6200704880584453,False,True
portfolio,81,single_domain,6,23,2.157910025678575,1.8736106005962938,1.8736106005962938,0.0,0.0,0.0,0.4034338667988777,0.8068677335977554,0.1957151023671031,True,True
portfolio,82,cascade,6,33,158.02915811538696,1523.700454711914,1518.3844451904297,5.316009521484375,8.68499755859375,0.3501095877478949,1372.9270887374878,2745.8541774749756,22.794643878936768,False,True
portfolio,83,ood,6,33,859.3836936950684,1636.3772888183594,1636.3772888183594,0.0,3.940185546875,0.0,779.0508499145508,1558.1016998291016,2.0572547912597656,True,True
portfolio,84,nominal,6,17,7.3293868733289855,1883.4532775878906,1883.4527893066406,0.00048828125,0.01171875,2.5924793696567885e-05,1876.1349873209365,3752.269974641873,0.011590099344175542,False,True
portfolio,85,single_domain,6,23,8.054426088929176,8.780830532312393,8.780830532312393,0.0,0.0,0.0,1.4635990411043167,2.9271980822086334,2.1900034844875336,True,True
portfolio,86,cascade,6,36,179.28707361221313,990.3581848144531,985.2549743652344,5.10321044921875,28.870132446289062,0.5179583541312818,862.6229996681213,1725.2459993362427,60.0675048828125,False,True
portfolio,87,ood,6,36,487.74785232543945,768.980167388916,768.980167388916,0.0,105.46596145629883,0.0,299.0493230819702,598.0986461639404,21.587960243225098,True,True
portfolio,88,nominal,6,24,0.00033757478649931727,112.40428161621094,112.40428161621094,0.0,0.06759166717529297,0.0,113.41734621542491,226.83469243084983,1.0134021740004755,True,True
portfolio,89,single_domain,6,36,0.06124901934526861,1322.809799194336,1319.4195098876953,3.390289306640625,3.390289306640625,0.256953098027874,1325.0516301435418,2650.1032602870837,5.700095592066646,False,True
portfolio,90,cascade,6,36,84.0356764793396,179.25776624679565,175.5952169895172,3.6625492572784424,3.6625492572784424,2.085791014169305,96.8629355430603,193.7258710861206,5.729746222496033,False,True
portfolio,91,ood,6,33,568.5245380401611,1659.048110961914,1659.048110961914,0.0,89.7728271484375,0.0,1210.3622131347656,2420.7244262695312,119.8386402130127,True,True
portfolio,92,nominal,6,15,0.00033747073757695034,501.9071159362793,501.9071159362793,0.0,0.0088958740234375,0.0,502.1072007879229,1004.2144015758458,0.2004223223812005,True,True
portfolio,93,single_domain,6,36,31.27282693888992,679.4014587402344,675.9521636962891,3.4492950439453125,3.4492950439453125,0.5102868559638356,648.5626905355603,1297.1253810711205,3.9107950821053237,False,True
portfolio,94,cascade,6,36,142.67648434638977,1843.570785522461,1843.570785522461,0.0,0.0,0.0,1710.5709760189056,3421.1419520378113,10.626621127128601,True,True
portfolio,95,ood,6,35,959.5993118286133,2115.551483154297,2104.8844146728516,10.667068481445312,83.57080078125,0.5067769235729376,1171.565773010254,2343.131546020508,32.22968292236328,False,True
portfolio,96,nominal,6,15,11.490940106574271,1550.10400390625,1550.10400390625,0.0,0.024566650390625,0.0,1538.7345293883118,3077.4690587766236,0.12146558863605605,True,True
portfolio,97,single_domain,6,36,2.630947799421847,831.4293746948242,831.4293746948242,0.0,0.0,0.0,834.462849302683,1668.925698605366,5.664422407280654,True,True
portfolio,98,cascade,6,36,208.77578449249268,1976.1727447509766,1976.1727447509766,0.0,78.1134033203125,0.0,1882.7299151420593,3765.4598302841187,115.33295488357544,True,True
portfolio,99,ood,6,36,738.9893569946289,2202.4258880615234,2202.4258880615234,0.0,0.0,0.0,1478.1727600097656,2956.3455200195312,14.736228942871094,True,True
portfolio,100,nominal,6,28,2.977690801359131,1577.8019104003906,1577.7632751464844,0.03863525390625,0.0,0.002448735784058796,1574.8330421128921,3149.6660842257843,0.047491284742136486,False,True
portfolio,101,single_domain,6,33,5.535497680306435,2.6671508699655533,2.660955920815468,0.006194949150085449,0.0,0.23280916085926615,6.5128151178359985,13.025630235671997,3.644468307495117,False,True
portfolio,102,cascade,6,36,155.79276943206787,1700.5828399658203,1699.9808807373047,0.601959228515625,0.0,0.03540976462362019,1601.5241513252258,3203.0483026504517,63.65845513343811,False,True
portfolio,103,ood,6,36,762.0499725341797,2455.6385803222656,2398.1158752441406,57.522705078125,92.73089599609375,2.398662452967119,1746.7853546142578,3493.5707092285156,126.32572174072266,False,True
portfolio,104,nominal,6,24,0.0009126675104198512,373.935387134552,373.935387134552,0.0,0.0,0.0,374.24775621158915,748.4955124231783,0.31328174454756663,True,True
portfolio,105,single_domain,6,27,4.576604828238487,341.49181747436523,341.49181747436523,0.0,0.0,0.0,352.628471493721,705.256942987442,15.713258847594261,True,True
portfolio,106,cascade,6,36,226.94156217575073,2443.0181579589844,2443.0181579589844,0.0,0.0,0.0,2322.9756360054016,4645.951272010803,107.91607284545898,True,True
portfolio,107,ood,6,36,684.7258377075195,1860.4784851074219,1823.9627380371094,36.5157470703125,34.80162048339844,2.0020007157388306,1177.750919342041,2355.501838684082,44.98235321044922,False,True
portfolio,108,nominal,6,11,32.08746583233369,968.6016998291016,968.6016998291016,0.0,0.0,0.0,936.516352833125,1873.03270566625,0.0024203742541430984,True,True
portfolio,109,single_domain,6,33,0.0863456791266799,1298.2294158935547,1298.0227127075195,0.20670318603515625,0.0,0.015924466036807493,1298.9302060967311,2597.8604121934623,0.9971462851390243,False,True
portfolio,110,cascade,6,33,366.4423007965088,2530.4022064208984,2530.4022064208984,0.0,0.0,0.0,2226.1845026016235,4452.369005203247,62.22459697723389,True,True
portfolio,111,ood,6,36,645.7829761505127,1828.2572021484375,1828.2572021484375,0.0,0.0,0.0,1198.7180471420288,2397.4360942840576,22.394134521484375,True,True
portfolio,112,nominal,6,17,6.242578467141925,1470.398910522461,1470.398910522461,0.0,0.0,0.0,1464.4380886574218,2928.8761773148435,0.2817566021026323,True,True
portfolio,113,single_domain,6,36,3.944874867796898,45.69297628104687,45.69297628104687,0.0,0.0,0.0,42.19828121364117,84.39656242728233,0.5201622545719147,True,True
portfolio,114,cascade,6,36,181.93899703025818,1766.9484252929688,1766.9484252929688,0.0,0.0,0.0,1612.8769931793213,3225.7539863586426,28.430381774902344,True,True
portfolio,115,ood,6,36,792.3412590026855,1309.1377563476562,1309.1377563476562,0.0,53.38262939453125,0.0,520.842456817627,1041.684913635254,24.989734649658203,True,True
portfolio,116,nominal,6,22,0.005382517927500885,1264.0928649902344,1264.0928649902344,0.0,0.0,0.0,1264.4448001312267,2528.8896002624533,0.35731765891978284,True,True
portfolio,117,single_domain,6,36,6.230409865267575,631.4913787841797,631.4913787841797,0.0,0.0,0.0,627.5446902699769,1255.0893805399537,2.2837213510647416,True,True
portfolio,118,cascade,6,36,123.16625928878784,358.2047920227051,358.2047920227051,0.0,0.0,0.0,270.9119248390198,541.8238496780396,35.87339210510254,True,True
portfolio,119,ood,6,36,545.7030830383301,1924.5277862548828,1924.5277862548828,0.0,166.46498107910156,0.0,1464.0013885498047,2928.0027770996094,85.17668533325195,True,True
portfolio,120,nominal,6,25,0.00196218434803086,416.7675247192383,416.6477813720703,0.11974334716796875,0.12526321411132812,0.02873970593906435,416.77696485982165,833.5539297196433,0.13146474638983818,False,True
portfolio,121,single_domain,6,32,11.778656736714765,2038.9377136230469,2038.5271606445312,0.410552978515625,0.494598388671875,0.02013968645803171,2028.4883333402686,4056.976666680537,1.7461592240724713,False,True
portfolio,122,cascade,6,35,117.18436843156815,1075.639965057373,1075.639965057373,0.0,0.0,0.0,1017.8096172213554,2035.6192344427109,61.249767422676086,True,True
portfolio,123,ood,6,36,663.5818901062012,3106.5960693359375,3106.5960693359375,0.0,32.532867431640625,0.0,2520.0215492248535,5040.043098449707,101.13472747802734,True,True
portfolio,124,nominal,6,17,0.003476655923805083,1043.1785736083984,1043.1654357910156,0.0131378173828125,0.0,0.0012594183944419424,1043.5890293760676,2087.1780587521353,0.4270852512163401,False,True
portfolio,125,single_domain,6,33,0.026616794988512993,657.678861618042,657.4542980194092,0.2245635986328125,0.056674957275390625,0.03415653366466896,658.6102240653709,1317.2204481307417,1.1932262083282694,False,True
portfolio,126,cascade,6,36,176.4413080215454,1093.7361755371094,1093.7361755371094,0.0,0.0,0.0,940.1114287376404,1880.2228574752808,22.816561222076416,True,True
portfolio,127,ood,6,36,834.6106872558594,2706.0216674804688,2706.0216674804688,0.0,161.0621337890625,0.0,1945.2873153686523,3890.5746307373047,73.87633514404297,True,True
