condition,policy,comparator,metric,group,family,n_pairs,policy_mean,comparator_mean,mean_difference,ci95_low,ci95_high,reduction_percent,paired_t_p,wilcoxon_p,holm_t,holm_wilcoxon,family_size
primary,pc_rollout,forecast_matched,cost,all,primary_cost_15,4096,1112.535292946131,1113.6788626183961,-1.1435696722652247,-1.5256661681097055,-0.7704412841973292,0.1026839702763642,1.7302006462993053e-09,1.0875769182073836e-23,1.3841605170394442e-08,9.788192263866453e-23,15
primary,pc_rollout,forecast_matched,cost,nominal,primary_cost_15,1024,747.2310138362393,747.2296837622732,0.0013300739662478608,-0.0041939923381774415,0.007542247419065961,-0.00017800068642227765,0.6580063968753334,4.712051319881678e-18,1.0,3.769641055905342e-17,15
primary,pc_rollout,forecast_matched,cost,single_domain,primary_cost_15,1024,775.3496328630891,775.4517807419918,-0.10214787890264176,-0.26021830913962335,0.0509600402448851,0.013172692543809941,0.1953476115068232,0.0004890850769161351,0.5860428345204696,0.0019563403076645405,15
primary,pc_rollout,forecast_matched,cost,cascade,primary_cost_15,1024,1072.1910002859076,1072.9855816296185,-0.7945813437108873,-1.7624151261174128,0.13270708010240817,0.07405331043722888,0.09859101290650145,0.03278260339714798,0.3943640516260058,0.09834781019144395,15
primary,pc_rollout,forecast_matched,cost,ood,primary_cost_15,1024,1855.3695247992873,1859.048404339701,-3.6788795404136168,-4.855408977542542,-2.588958170765545,0.19789046545672306,2.1582173208686922e-10,1.912606507325014e-12,1.942395588781823e-09,1.1475639043950085e-11,15
primary,pc_rollout,exposure_matched,cost,all,primary_cost_15,4096,1112.535292946131,1120.233025275979,-7.697732329848017,-8.384277878811586,-7.007734285207286,0.6871545612531478,2.024678106455556e-98,3.4674565088833285e-148,2.8345493490377786e-97,5.201184763324993e-147,15
primary,pc_rollout,exposure_matched,cost,nominal,primary_cost_15,1024,747.2310138362393,747.2291203642696,0.0018934719698260468,-0.003680139239797586,0.008134116950032648,-0.0002533991139027064,0.531255688842269,1.0975665012054329e-16,1.0,7.68296550843803e-16,15
primary,pc_rollout,exposure_matched,cost,single_domain,primary_cost_15,1024,775.3496328630891,775.5800821751467,-0.23044931205752042,-0.41689745195587224,-0.0532585671268592,0.02971315501182234,0.012525722394113814,6.215901892168709e-07,0.06262861197056907,3.1079509460843546e-06,15
primary,pc_rollout,exposure_matched,cost,cascade,primary_cost_15,1024,1072.1910002859076,1080.5787503959727,-8.387750110065095,-9.690207705860661,-7.124544021414474,0.7762275638856905,2.1681444731952554e-35,1.2603985357023409e-45,2.384958920514781e-34,1.386438389272575e-44,15
primary,pc_rollout,exposure_matched,cost,ood,primary_cost_15,1024,1855.3695247992873,1877.5441481685266,-22.174623369239278,-24.394474245805768,-20.00790666398825,1.1810440458015214,5.1395531852339034e-73,1.6326332798303493e-77,6.167463822280684e-72,1.959159935796419e-76,15
primary,pc_rollout,exposure_central,cost,all,primary_cost_15,4096,1112.535292946131,1124.6283546276716,-12.09306168154066,-13.161605509183202,-11.070430962731365,1.0752940410740655,1.319483414213783e-105,9.395364957234924e-141,1.9792251213206744e-104,1.3153510940128893e-139,15
primary,pc_rollout,exposure_central,cost,nominal,primary_cost_15,1024,747.2310138362393,747.2207116767435,0.01030215949592803,0.00474421685507591,0.01650463025717867,-0.0013787304520521463,0.0005990197968755542,0.46914892242303263,0.003594118781253325,0.46914892242303263,15
primary,pc_rollout,exposure_central,cost,single_domain,primary_cost_15,1024,775.3496328630891,775.7288710809312,-0.37923821784202877,-0.5914513815405007,-0.17734532021593763,0.048887985477913606,0.00044016310989137224,0.07202711255401378,0.0030811417692396055,0.14405422510802757,15
primary,pc_rollout,exposure_central,cost,cascade,primary_cost_15,1024,1072.1910002859076,1080.7683293455048,-8.577329059597105,-9.979149451070407,-7.22950742795947,0.7936325322182037,4.8384122933688224e-33,2.2765056559746657e-41,4.8384122933688226e-32,2.276505655974666e-40,15
primary,pc_rollout,exposure_central,cost,ood,primary_cost_15,1024,1855.3695247992873,1894.7955064075068,-39.425981608219445,-42.96405213966499,-36.01400083175394,2.080751272361327,4.266567033978229e-90,9.941749190717625e-97,5.5465371441716975e-89,1.2924273947932913e-95,15
primary,pc_rollout,forecast_matched,unserved_energy,all,physical_secondary_9,4096,294.35890859860956,294.3957604458901,-0.03685184728055897,-0.05777731059820331,-0.015917798303871786,0.012517791433118255,0.0005273077556025668,1.7963918114832432e-13,0.0036911542892179676,1.2574742680382702e-12,9
primary,pc_rollout,forecast_matched,losses_mwh,all,physical_secondary_9,4096,0.8416708395648367,0.8416693142612378,1.5253035989654898e-06,6.01314840877294e-07,2.4571248197925498e-06,-0.00018122361990876445,0.0011768519160586816,2.5028335376256705e-15,0.00706111149635209,2.0022668301005364e-14,9
primary,pc_rollout,forecast_matched,min_voltage_pu,all,physical_secondary_9,4096,0.9890984730794106,0.9890986474831642,-1.7440375376458184e-07,-4.103334337082397e-07,5.084948780506842e-08,1.763259450494299e-05,0.1427012656341963,0.0023371401967016096,0.7135063281709815,0.011685700983508048,9
primary,pc_rollout,forecast_matched,mean_control_action_fraction,all,physical_secondary_9,4096,0.9764115907843613,0.9764007489551052,1.0841829255998139e-05,-2.0768500144186796e-05,4.309801455140673e-05,-0.0011103872326604129,0.5048260516636043,0.36446594148393197,1.0,1.0,9
primary,pc_rollout,forecast_matched,mean_smartds_projection_fraction,all,physical_secondary_9,4096,1.0,1.0,0.0,0.0,0.0,-0.0,1.0,1.0,1.0,1.0,9
primary,pc_rollout,forecast_matched,smartds_curtailed_energy_kwh,all,physical_secondary_9,4096,0.0,0.0,0.0,0.0,0.0,,1.0,1.0,1.0,1.0,9
primary,pc_rollout,forecast_matched,crew_completion_fraction,all,physical_secondary_9,4096,0.8119980562151314,0.8109776755483252,0.0010203806668060997,0.0005778568095703624,0.001470478206159903,-0.12582105495273851,8.134706891573275e-06,0.00021953489666140446,6.50776551325862e-05,0.0013172093799684267,9
primary,pc_rollout,forecast_matched,crew_mean_completion_h,all,physical_secondary_9,4096,3.09667379825993,3.1188567860038168,-0.02218298774388692,-0.02642723220809106,-0.018019638172722324,0.7112538108012944,2.3490984104158348e-24,9.542360640692149e-19,2.1141885693742512e-23,8.588124576622934e-18,9
primary,pc_rollout,forecast_matched,crew_total_travel_h,all,physical_secondary_9,4096,2.6213012695312496,2.6192667643229166,0.0020345052083333335,-0.0035847981770833334,0.007645670572916666,-0.07767460863648439,0.47177356658147096,0.25282880548286524,1.0,1.0,9
reference_1024,pc_rollout,forecast_matched,cost,all,reference_subset_descriptive_1,1024,1134.7295212331285,1135.8594469898233,-1.1299257566946734,-1.9426071614800637,-0.3833808712765777,0.09947760347366262,0.004279347232989908,4.371054244107404e-06,0.004279347232989908,4.371054244107404e-06,1
primary,robust_pc_rollout,pc_rollout,cost,all,sensitivity_cost,4096,1112.9022813176869,1112.535292946131,0.36698837155596087,0.07882343839563645,0.6626683705960621,-0.032986672322469004,0.014381886927063213,0.01231294729468787,0.2588739646871378,0.18469420942031806,45
electrical_stress,pc_rollout,forecast_matched,cost,all,sensitivity_cost,1024,19497.876185332163,19501.668170026358,-3.7919846941982094,-9.983342287056319,2.204618322517119,0.019444411940238056,0.21299101517325372,0.1269936759664675,1.0,1.0,45
electrical_stress,robust_pc_rollout,pc_rollout,cost,all,sensitivity_cost,1024,19497.248555600163,19497.876185332163,-0.6276297319975876,-6.5896672879212,5.324224389484892,0.003218964599178961,0.8375894268993074,0.8741339298904839,1.0,1.0,45
backup_0,pc_rollout,forecast_matched,cost,all,sensitivity_cost,1024,1403.9223066704747,1405.6863661790308,-1.7640595085558626,-2.1646114137182755,-1.388570576426874,0.12549453071462663,4.743013861549035e-18,8.504306617639201e-37,2.039495960466085e-16,3.656851845584857e-35,45
backup_0,robust_pc_rollout,pc_rollout,cost,all,sensitivity_cost,1024,1404.0849176413833,1403.9223066704747,0.16261097090851728,-0.044813551329576,0.4039815853801305,-0.011582618933818603,0.15406198519414807,0.20046346200157839,1.0,1.0,45
backup_60,pc_rollout,forecast_matched,cost,all,sensitivity_cost,1024,1230.4814410268405,1231.5073272995214,-1.0258862726811082,-1.6008856582593305,-0.490040970391237,0.08330330237910123,0.00029581988624099846,1.8442489726898517e-13,0.008578776700988956,7.1925709934904215e-12,45
backup_60,robust_pc_rollout,pc_rollout,cost,all,sensitivity_cost,1024,1230.7018165231507,1230.4814410268405,0.22037549631009845,-0.16684346023004162,0.6232922997123335,-0.017909696884675842,0.27266011213625224,0.5353268697806886,1.0,1.0,45
backup_300,pc_rollout,forecast_matched,cost,all,sensitivity_cost,1024,1101.3411121021447,1103.2878508040817,-1.9467387019370106,-2.8291906744925837,-1.089357613769644,0.17644884791563847,1.3605426075044993e-05,3.766611180968409e-12,0.00046258448655152974,1.3559800251486273e-10,45
backup_300,robust_pc_rollout,pc_rollout,cost,all,sensitivity_cost,1024,1102.1565107185652,1101.3411121021447,0.8153986164205509,0.09443652967460237,1.5803961478823934,-0.07403688171271373,0.03252674559611983,0.0065616266460645474,0.5204279295379173,0.10498602633703276,45
matrix_scale_075,pc_rollout,forecast_matched,cost,all,sensitivity_cost,1024,1139.3838663394577,1135.6059925828697,3.7778737565881673,2.4719569373425556,5.091906072925218,-0.3326746936228835,2.1901587662938787e-08,6.195476317731314e-06,8.541619188546127e-07,0.00017347333689647678,45
matrix_scale_075,robust_pc_rollout,pc_rollout,cost,all,sensitivity_cost,1024,1135.6929820046498,1139.3838663394577,-3.6908843348079787,-4.777288029617683,-2.6813311054997744,0.32393686130257615,9.789828131477331e-12,2.2818190380178377e-15,4.0138295339057055e-10,9.12727615207135e-14,45
matrix_scale_125,pc_rollout,forecast_matched,cost,all,sensitivity_cost,1024,1135.1987197997055,1136.4724199317038,-1.2737001319986665,-2.095872330017389,-0.5635204171811148,0.11207488273892378,0.0011557436610205528,2.4039592478009913e-08,0.03236082250857548,7.692669592963172e-07,45
matrix_scale_125,robust_pc_rollout,pc_rollout,cost,all,sensitivity_cost,1024,1138.6556519114529,1135.1987197997055,3.4569321117476433,2.482603133857092,4.503242852440173,-0.304522199633698,2.546524948987034e-11,1.2655320516844367e-12,1.0186099795948136e-09,4.682468591232416e-11,45
matrix_noise_015,pc_rollout,forecast_matched,cost,all,sensitivity_cost,1024,1134.0963418260487,1135.9304703560044,-1.8341285299554646,-2.634888820821145,-1.1320777438106504,0.16146485879374664,1.7792292247671785e-06,5.188037964829293e-16,6.761071054115278e-05,2.12709556558001e-14,45
matrix_noise_015,robust_pc_rollout,pc_rollout,cost,all,sensitivity_cost,1024,1135.3614720603314,1134.0963418260487,1.265130234282688,0.6918593285635773,1.8547241197654112,-0.11155403536931059,2.0653887996169754e-05,5.076093418905214e-07,0.0006402705278812623,1.5228280256715644e-05,45
crews_12,pc_rollout,forecast_matched,cost,all,sensitivity_cost,1024,1068.8829845259118,1069.2678438311805,-0.3848593052685486,-0.47167130863179413,-0.30679674843042753,0.03599278772749772,1.9052532931257232e-19,2.3167579413249188e-54,8.383114489753182e-18,1.0193734941829643e-52,45
crews_12,robust_pc_rollout,pc_rollout,cost,all,sensitivity_cost,1024,1068.9108394826726,1068.8829845259118,0.027854956760752905,-0.027327489193834882,0.08735468174641711,-0.0026059874807631616,0.3415497142439906,0.6048564160882852,1.0,1.0,45
crews_24,pc_rollout,forecast_matched,cost,all,sensitivity_cost,1024,1064.5067512284186,1065.1186924609042,-0.6119412324857071,-0.7337354830721583,-0.5022291497971842,0.05745286763035273,1.6732095840925594e-24,3.3015228753573896e-76,7.529443128416517e-23,1.4856852939108253e-74,45
crews_24,robust_pc_rollout,pc_rollout,cost,all,sensitivity_cost,1024,1064.483158184529,1064.5067512284186,-0.02359304388965486,-0.053847560382451,-0.00034030668126303775,0.002216335768883474,0.08225873921512064,0.005495256491395085,1.0,0.09341936035371644,45
zero_comm_persistence,pc_rollout,forecast_matched,cost,all,sensitivity_cost,1024,1063.904165358438,1065.308339182467,-1.4041738240289698,-2.0789423090947503,-0.7983285857703547,0.1318091459892779,1.9359220544151655e-05,2.3907886874581256e-11,0.0006314864934733373,8.36776040610344e-10,45
zero_comm_persistence,robust_pc_rollout,pc_rollout,cost,all,sensitivity_cost,1024,1064.620290779017,1063.904165358438,0.7161254205792204,0.22494695169305592,1.2241203249071,-0.06731108345063692,0.005194700141275148,0.0017260736944019405,0.1194781032493284,0.03106932649923493,45
zero_pc_coupling,pc_rollout,forecast_matched,cost,all,sensitivity_cost,1024,1073.9027897780718,1075.4149252267755,-1.5121354487036647,-2.1856960293500016,-0.9005321481469257,0.14060949064704462,4.263496040421583e-06,8.111243258828512e-13,0.00015348585745517698,3.0822724383548346e-11,45
zero_pc_coupling,robust_pc_rollout,pc_rollout,cost,all,sensitivity_cost,1024,1074.684784892811,1073.9027897780718,0.7819951147391643,0.2951778203659163,1.2914689893445692,-0.07281805412767091,0.002163321363746709,0.0003318346211730544,0.05624635545741444,0.006304857802288033,45
zero_rc_coupling,pc_rollout,forecast_matched,cost,all,sensitivity_cost,1024,1130.956883648043,1132.0622704552293,-1.105386807186281,-1.9120095931932442,-0.3670562016842068,0.0976436399334975,0.004767698321191293,3.0467739873578058e-05,0.11442475970859103,0.0006702902772187173,45
zero_rc_coupling,robust_pc_rollout,pc_rollout,cost,all,sensitivity_cost,1024,1131.2299676004714,1130.956883648043,0.2730839524283507,-0.31544047714130513,0.8675575544133834,-0.0241462743961984,0.36790523194727587,0.6472658426502822,1.0,1.0,45
zero_cr_coupling,pc_rollout,forecast_matched,cost,all,sensitivity_cost,1024,1103.8717950420007,1105.2868049197023,-1.4150098777018758,-2.1974478277651386,-0.7114683042176682,0.12802196420002268,0.0001739134402730131,3.5790227985188466e-09,0.005217403208190393,1.1810775235112195e-07,45
zero_cr_coupling,robust_pc_rollout,pc_rollout,cost,all,sensitivity_cost,1024,1104.4238836118893,1103.8717950420007,0.5520885698888984,-0.012069533337654486,1.1335768197493765,-0.050013830624949726,0.06020709936945742,0.029574853674955045,0.9031064905418613,0.4140479514493706,45
zero_cp_coupling,pc_rollout,forecast_matched,cost,all,sensitivity_cost,1024,1122.013883006306,1122.956888012186,-0.94300500587997,-1.6911429909991096,-0.252300901038329,0.08397517446544545,0.009944341659194784,2.013599288194956e-05,0.20883117484309047,0.0005033998220487389,45
zero_cp_coupling,robust_pc_rollout,pc_rollout,cost,all,sensitivity_cost,1024,1122.324926175772,1122.013883006306,0.3110431694658493,-0.2648281232875875,0.8932386850414371,-0.027721864602285064,0.2972222530278068,0.5998811392783344,1.0,1.0,45
zero_all_unsupported,pc_rollout,forecast_matched,cost,all,sensitivity_cost,1024,1014.9347682042367,1016.1092780149934,-1.1745098107567173,-1.71759916185747,-0.6814714818667235,0.11558892691651879,9.840369610985612e-06,2.986969133464794e-11,0.0003444129363844964,1.01556950537803e-09,45
zero_all_unsupported,robust_pc_rollout,pc_rollout,cost,all,sensitivity_cost,1024,1015.6632652872445,1014.9347682042367,0.7284970830078226,0.2994704546903422,1.1792005053604941,-0.07177772462133508,0.0012073703465570191,4.055556606988719e-05,0.03259899935703952,0.000851666887467631,45
expanded_unsupported,pc_rollout,forecast_matched,cost,all,sensitivity_cost,1024,1276.0195100272517,1275.7358218013842,0.283688225867399,-0.7187515710743108,1.2761399071796153,-0.02223722349246423,0.5782858448194308,0.5419663118156919,1.0,1.0,45
expanded_unsupported,robust_pc_rollout,pc_rollout,cost,all,sensitivity_cost,1024,1273.9587312088256,1276.0195100272517,-2.060778818426188,-2.9542863258772374,-1.2203693060229184,0.1615005728542643,3.4010557471442743e-06,7.1899058966265e-08,0.00012583906264433816,2.228870827954215e-06,45
nonlinear_ood,pc_rollout,forecast_matched,cost,all,sensitivity_cost,1024,987.5941203135433,989.1089674319378,-1.5148471183944126,-1.9600546914123271,-1.1039573691915414,0.1531527029147728,8.929084929446103e-12,1.078541382605495e-20,3.7502156703673633e-10,4.529873806943079e-19,45
nonlinear_ood,robust_pc_rollout,pc_rollout,cost,all,sensitivity_cost,1024,988.3754080037786,987.5941203135433,0.7812876902352603,0.4315367377387721,1.1491870997786273,-0.07911020065482119,1.9135954347676886e-05,1.5851675298395085e-06,0.0006314864934733373,4.596985836534575e-05,45
weight_mobility_x2,pc_rollout,forecast_matched,cost,all,sensitivity_cost,1024,1144.6088502496812,1145.7870882643222,-1.1782380146409128,-2.0283943976457337,-0.39499557282579884,0.1028321951529187,0.004367300934228088,2.5832328459735724e-05,0.10918252335570221,0.0006006858568374868,45
weight_mobility_x2,robust_pc_rollout,pc_rollout,cost,all,sensitivity_cost,1024,1144.922542254513,1144.6088502496812,0.31369200483197845,-0.32825359347324645,0.9611631809902499,-0.027406043974197013,0.3416330902958251,0.7519468489484366,1.0,1.0,45
weight_energy_x2,pc_rollout,forecast_matched,cost,all,sensitivity_cost,1024,1917.4446686664653,1918.5904996711904,-1.1458310047250013,-2.0653296891002038,-0.3006221109560026,0.05972254136155552,0.010079488856696694,2.5028577368228617e-05,0.20883117484309047,0.0006006858568374868,45
weight_energy_x2,robust_pc_rollout,pc_rollout,cost,all,sensitivity_cost,1024,1917.6270025927417,1917.4446686664653,0.18233392627658818,-0.48272544078712915,0.8507841086590318,-0.009509214490314177,0.597533899022523,0.9801542954649335,1.0,1.0,45
weight_communication_x2,pc_rollout,forecast_matched,cost,all,sensitivity_cost,1024,1290.0880973986407,1291.4163529327923,-1.3282555341514963,-2.3909690369777388,-0.34475536685865443,0.10285261845531403,0.01042973156100032,9.997111170204696e-06,0.20883117484309047,0.0002599248904253221,45
weight_communication_x2,robust_pc_rollout,pc_rollout,cost,all,sensitivity_cost,1024,1290.344009160142,1290.0880973986407,0.2559117615011608,-0.5376367587124238,1.053384814196133,-0.019836766343103728,0.5284522876793458,0.7335357324218086,1.0,1.0,45
weight_power_x2,pc_rollout,forecast_matched,cost,all,sensitivity_cost,1024,1162.7188869773813,1164.1898836704027,-1.4709966930214624,-2.563066122622414,-0.475354881823086,0.1263536742291364,0.005443209487560928,7.489414396051685e-06,0.11975060872634043,0.0002022141886933955,45
weight_power_x2,robust_pc_rollout,pc_rollout,cost,all,sensitivity_cost,1024,1163.0531281815374,1162.7188869773813,0.33424120415629854,-0.47711271182681997,1.1526379242021456,-0.028746518861940587,0.42106049652946764,0.7104873663977114,1.0,1.0,45
weight_cascade_half,pc_rollout,forecast_matched,cost,all,sensitivity_cost,1024,1055.330654378909,1056.1859774065745,-0.8553230276652986,-1.5908597922472933,-0.18569358533850952,0.08098223664789723,0.01623238804618028,5.6464787012545845e-05,0.27595059678506473,0.001129295740250917,45
weight_cascade_half,robust_pc_rollout,pc_rollout,cost,all,sensitivity_cost,1024,1055.491084995656,1055.330654378909,0.16043061674686504,-0.3921897486919983,0.7155330062420892,-0.015201928995541484,0.5738784742974452,0.8620284586810691,1.0,1.0,45
backup_60,pc_rollout,same_policy_no_backup,cost,all,backup_effect_2,1024,1230.4814410268405,1403.9223066704747,-173.44086564363425,-186.04515845855576,-161.05873130495598,12.354021644898893,2.0971506212442267e-125,7.4040165784461945e-121,2.0971506212442267e-125,7.4040165784461945e-121,2
backup_300,pc_rollout,same_policy_no_backup,cost,all,backup_effect_2,1024,1101.3411121021447,1403.9223066704747,-302.58119456833003,-323.84928419409346,-281.6588223829094,21.552559791284175,1.0289214655520035e-131,1.726751377415738e-136,2.057842931104007e-131,3.453502754831476e-136,2
