mapping_index,station_index,station_id,smartds_load_index,smartds_load_name
0,0,B000,4,load_p1ulv157
0,1,B001,11,load_p1ulv579
0,2,B002,3,load_p1ulv156
0,3,B003,9,load_p1umv5
0,4,B004,15,load_p1ulv648
0,5,B005,14,load_p1ulv647
0,6,B006,14,load_p1ulv647
0,7,B007,7,load_p1ulv493
0,8,B008,7,load_p1ulv493
0,9,B009,20,load_p1umv10
0,10,B010,13,load_p1ulv646
0,11,B011,21,load_p1ulv1893
0,12,B012,21,load_p1ulv1893
0,13,B013,21,load_p1ulv1893
0,14,B014,21,load_p1ulv1893
0,15,B015,21,load_p1ulv1893
0,16,B016,21,load_p1ulv1893
0,17,B017,21,load_p1ulv1893
0,18,B018,21,load_p1ulv1893
0,19,B019,4,load_p1ulv157
0,20,B020,15,load_p1ulv648
0,21,B021,15,load_p1ulv648
0,22,B022,24,load_p1ulv1912
0,23,B023,0,load_p1ulv2
0,24,B024,0,load_p1ulv2
0,25,B025,19,load_p1ulv1845
0,26,B026,19,load_p1ulv1845
0,27,B027,4,load_p1ulv157
0,28,B028,4,load_p1ulv157
0,29,B029,11,load_p1ulv579
0,30,B030,11,load_p1ulv579
0,31,B031,4,load_p1ulv157
0,32,B032,10,load_p1ulv530
0,33,B033,10,load_p1ulv530
0,34,B034,18,load_p1ulv1841
0,35,B035,21,load_p1ulv1893
0,36,B036,8,load_p1umv3
0,37,B037,12,load_p1umv9
0,38,B038,12,load_p1umv9
0,39,B039,24,load_p1ulv1912
0,40,B040,15,load_p1ulv648
0,41,B041,4,load_p1ulv157
0,42,B042,10,load_p1ulv530
0,43,B043,10,load_p1ulv530
0,44,B044,18,load_p1ulv1841
0,45,B045,21,load_p1ulv1893
0,46,B046,8,load_p1umv3
0,47,B047,12,load_p1umv9
0,48,B048,12,load_p1umv9
0,49,B049,24,load_p1ulv1912
1,0,B000,12,load_p1umv9
1,1,B001,18,load_p1ulv1841
1,2,B002,13,load_p1ulv646
1,3,B003,24,load_p1ulv1912
1,4,B004,4,load_p1ulv157
1,5,B005,10,load_p1ulv530
1,6,B006,10,load_p1ulv530
1,7,B007,12,load_p1umv9
1,8,B008,12,load_p1umv9
1,9,B009,20,load_p1umv10
1,10,B010,0,load_p1ulv2
1,11,B011,14,load_p1ulv647
1,12,B012,14,load_p1ulv647
1,13,B013,14,load_p1ulv647
1,14,B014,14,load_p1ulv647
1,15,B015,14,load_p1ulv647
1,16,B016,14,load_p1ulv647
1,17,B017,14,load_p1ulv647
1,18,B018,14,load_p1ulv647
1,19,B019,14,load_p1ulv647
1,20,B020,14,load_p1ulv647
1,21,B021,14,load_p1ulv647
1,22,B022,4,load_p1ulv157
1,23,B023,8,load_p1umv3
1,24,B024,8,load_p1umv3
1,25,B025,19,load_p1ulv1845
1,26,B026,19,load_p1ulv1845
1,27,B027,15,load_p1ulv648
1,28,B028,15,load_p1ulv648
1,29,B029,0,load_p1ulv2
1,30,B030,0,load_p1ulv2
1,31,B031,14,load_p1ulv647
1,32,B032,11,load_p1ulv579
1,33,B033,11,load_p1ulv579
1,34,B034,9,load_p1umv5
1,35,B035,15,load_p1ulv648
1,36,B036,3,load_p1ulv156
1,37,B037,7,load_p1ulv493
1,38,B038,7,load_p1ulv493
1,39,B039,21,load_p1ulv1893
1,40,B040,14,load_p1ulv647
1,41,B041,12,load_p1umv9
1,42,B042,11,load_p1ulv579
1,43,B043,11,load_p1ulv579
1,44,B044,9,load_p1umv5
1,45,B045,15,load_p1ulv648
1,46,B046,3,load_p1ulv156
1,47,B047,7,load_p1ulv493
1,48,B048,7,load_p1ulv493
1,49,B049,21,load_p1ulv1893
2,0,B000,11,load_p1ulv579
2,1,B001,0,load_p1ulv2
2,2,B002,21,load_p1ulv1893
2,3,B003,19,load_p1ulv1845
2,4,B004,15,load_p1ulv648
2,5,B005,14,load_p1ulv647
2,6,B006,14,load_p1ulv647
2,7,B007,12,load_p1umv9
2,8,B008,12,load_p1umv9
2,9,B009,8,load_p1umv3
2,10,B010,3,load_p1ulv156
2,11,B011,3,load_p1ulv156
2,12,B012,3,load_p1ulv156
2,13,B013,3,load_p1ulv156
2,14,B014,3,load_p1ulv156
2,15,B015,3,load_p1ulv156
2,16,B016,3,load_p1ulv156
2,17,B017,3,load_p1ulv156
2,18,B018,3,load_p1ulv156
2,19,B019,4,load_p1ulv157
2,20,B020,12,load_p1umv9
2,21,B021,12,load_p1umv9
2,22,B022,18,load_p1ulv1841
2,23,B023,11,load_p1ulv579
2,24,B024,11,load_p1ulv579
2,25,B025,18,load_p1ulv1841
2,26,B026,18,load_p1ulv1841
2,27,B027,0,load_p1ulv2
2,28,B028,0,load_p1ulv2
2,29,B029,14,load_p1ulv647
2,30,B030,14,load_p1ulv647
2,31,B031,4,load_p1ulv157
2,32,B032,9,load_p1umv5
2,33,B033,9,load_p1umv5
2,34,B034,7,load_p1ulv493
2,35,B035,10,load_p1ulv530
2,36,B036,20,load_p1umv10
2,37,B037,13,load_p1ulv646
2,38,B038,13,load_p1ulv646
2,39,B039,24,load_p1ulv1912
2,40,B040,12,load_p1umv9
2,41,B041,19,load_p1ulv1845
2,42,B042,9,load_p1umv5
2,43,B043,9,load_p1umv5
2,44,B044,7,load_p1ulv493
2,45,B045,10,load_p1ulv530
2,46,B046,20,load_p1umv10
2,47,B047,13,load_p1ulv646
2,48,B048,13,load_p1ulv646
2,49,B049,24,load_p1ulv1912
3,0,B000,18,load_p1ulv1841
3,1,B001,3,load_p1ulv156
3,2,B002,20,load_p1umv10
3,3,B003,21,load_p1ulv1893
3,4,B004,8,load_p1umv3
3,5,B005,14,load_p1ulv647
3,6,B006,14,load_p1ulv647
3,7,B007,11,load_p1ulv579
3,8,B008,11,load_p1ulv579
3,9,B009,13,load_p1ulv646
3,10,B010,24,load_p1ulv1912
3,11,B011,18,load_p1ulv1841
3,12,B012,18,load_p1ulv1841
3,13,B013,18,load_p1ulv1841
3,14,B014,18,load_p1ulv1841
3,15,B015,18,load_p1ulv1841
3,16,B016,18,load_p1ulv1841
3,17,B017,18,load_p1ulv1841
3,18,B018,18,load_p1ulv1841
3,19,B019,19,load_p1ulv1845
3,20,B020,24,load_p1ulv1912
3,21,B021,24,load_p1ulv1912
3,22,B022,7,load_p1ulv493
3,23,B023,4,load_p1ulv157
3,24,B024,4,load_p1ulv157
3,25,B025,9,load_p1umv5
3,26,B026,9,load_p1umv5
3,27,B027,13,load_p1ulv646
3,28,B028,13,load_p1ulv646
3,29,B029,24,load_p1ulv1912
3,30,B030,24,load_p1ulv1912
3,31,B031,19,load_p1ulv1845
3,32,B032,10,load_p1ulv530
3,33,B033,10,load_p1ulv530
3,34,B034,7,load_p1ulv493
3,35,B035,15,load_p1ulv648
3,36,B036,12,load_p1umv9
3,37,B037,18,load_p1ulv1841
3,38,B038,18,load_p1ulv1841
3,39,B039,0,load_p1ulv2
3,40,B040,24,load_p1ulv1912
3,41,B041,10,load_p1ulv530
3,42,B042,10,load_p1ulv530
3,43,B043,10,load_p1ulv530
3,44,B044,7,load_p1ulv493
3,45,B045,15,load_p1ulv648
3,46,B046,12,load_p1umv9
3,47,B047,18,load_p1ulv1841
3,48,B048,18,load_p1ulv1841
3,49,B049,0,load_p1ulv2
4,0,B000,19,load_p1ulv1845
4,1,B001,24,load_p1ulv1912
4,2,B002,3,load_p1ulv156
4,3,B003,10,load_p1ulv530
4,4,B004,14,load_p1ulv647
4,5,B005,7,load_p1ulv493
4,6,B006,7,load_p1ulv493
4,7,B007,9,load_p1umv5
4,8,B008,9,load_p1umv5
4,9,B009,18,load_p1ulv1841
4,10,B010,11,load_p1ulv579
4,11,B011,11,load_p1ulv579
4,12,B012,11,load_p1ulv579
4,13,B013,11,load_p1ulv579
4,14,B014,11,load_p1ulv579
4,15,B015,11,load_p1ulv579
4,16,B016,11,load_p1ulv579
4,17,B017,11,load_p1ulv579
4,18,B018,11,load_p1ulv579
4,19,B019,13,load_p1ulv646
4,20,B020,18,load_p1ulv1841
4,21,B021,18,load_p1ulv1841
4,22,B022,3,load_p1ulv156
4,23,B023,12,load_p1umv9
4,24,B024,12,load_p1umv9
4,25,B025,15,load_p1ulv648
4,26,B026,15,load_p1ulv648
4,27,B027,19,load_p1ulv1845
4,28,B028,19,load_p1ulv1845
4,29,B029,15,load_p1ulv648
4,30,B030,15,load_p1ulv648
4,31,B031,13,load_p1ulv646
4,32,B032,0,load_p1ulv2
4,33,B033,0,load_p1ulv2
4,34,B034,8,load_p1umv3
4,35,B035,19,load_p1ulv1845
4,36,B036,20,load_p1umv10
4,37,B037,21,load_p1ulv1893
4,38,B038,21,load_p1ulv1893
4,39,B039,4,load_p1ulv157
4,40,B040,18,load_p1ulv1841
4,41,B041,21,load_p1ulv1893
4,42,B042,0,load_p1ulv2
4,43,B043,0,load_p1ulv2
4,44,B044,8,load_p1umv3
4,45,B045,19,load_p1ulv1845
4,46,B046,20,load_p1umv10
4,47,B047,21,load_p1ulv1893
4,48,B048,21,load_p1ulv1893
4,49,B049,4,load_p1ulv157
5,0,B000,9,load_p1umv5
5,1,B001,4,load_p1ulv157
5,2,B002,24,load_p1ulv1912
5,3,B003,20,load_p1umv10
5,4,B004,10,load_p1ulv530
5,5,B005,3,load_p1ulv156
5,6,B006,3,load_p1ulv156
5,7,B007,0,load_p1ulv2
5,8,B008,0,load_p1ulv2
5,9,B009,19,load_p1ulv1845
5,10,B010,9,load_p1umv5
5,11,B011,10,load_p1ulv530
5,12,B012,10,load_p1ulv530
5,13,B013,10,load_p1ulv530
5,14,B014,10,load_p1ulv530
5,15,B015,10,load_p1ulv530
5,16,B016,10,load_p1ulv530
5,17,B017,10,load_p1ulv530
5,18,B018,10,load_p1ulv530
5,19,B019,15,load_p1ulv648
5,20,B020,18,load_p1ulv1841
5,21,B021,18,load_p1ulv1841
5,22,B022,21,load_p1ulv1893
5,23,B023,13,load_p1ulv646
5,24,B024,13,load_p1ulv646
5,25,B025,12,load_p1umv9
5,26,B026,12,load_p1umv9
5,27,B027,7,load_p1ulv493
5,28,B028,7,load_p1ulv493
5,29,B029,4,load_p1ulv157
5,30,B030,4,load_p1ulv157
5,31,B031,15,load_p1ulv648
5,32,B032,18,load_p1ulv1841
5,33,B033,18,load_p1ulv1841
5,34,B034,14,load_p1ulv647
5,35,B035,11,load_p1ulv579
5,36,B036,7,load_p1ulv493
5,37,B037,21,load_p1ulv1893
5,38,B038,21,load_p1ulv1893
5,39,B039,8,load_p1umv3
5,40,B040,18,load_p1ulv1841
5,41,B041,12,load_p1umv9
5,42,B042,18,load_p1ulv1841
5,43,B043,18,load_p1ulv1841
5,44,B044,14,load_p1ulv647
5,45,B045,11,load_p1ulv579
5,46,B046,7,load_p1ulv493
5,47,B047,21,load_p1ulv1893
5,48,B048,21,load_p1ulv1893
5,49,B049,8,load_p1umv3
6,0,B000,9,load_p1umv5
6,1,B001,8,load_p1umv3
6,2,B002,20,load_p1umv10
6,3,B003,4,load_p1ulv157
6,4,B004,14,load_p1ulv647
6,5,B005,24,load_p1ulv1912
6,6,B006,24,load_p1ulv1912
6,7,B007,18,load_p1ulv1841
6,8,B008,18,load_p1ulv1841
6,9,B009,10,load_p1ulv530
6,10,B010,19,load_p1ulv1845
6,11,B011,9,load_p1umv5
6,12,B012,9,load_p1umv5
6,13,B013,9,load_p1umv5
6,14,B014,9,load_p1umv5
6,15,B015,9,load_p1umv5
6,16,B016,9,load_p1umv5
6,17,B017,9,load_p1umv5
6,18,B018,9,load_p1umv5
6,19,B019,3,load_p1ulv156
6,20,B020,18,load_p1ulv1841
6,21,B021,18,load_p1ulv1841
6,22,B022,14,load_p1ulv647
6,23,B023,7,load_p1ulv493
6,24,B024,7,load_p1ulv493
6,25,B025,21,load_p1ulv1893
6,26,B026,21,load_p1ulv1893
6,27,B027,9,load_p1umv5
6,28,B028,9,load_p1umv5
6,29,B029,21,load_p1ulv1893
6,30,B030,21,load_p1ulv1893
6,31,B031,3,load_p1ulv156
6,32,B032,11,load_p1ulv579
6,33,B033,11,load_p1ulv579
6,34,B034,0,load_p1ulv2
6,35,B035,15,load_p1ulv648
6,36,B036,13,load_p1ulv646
6,37,B037,9,load_p1umv5
6,38,B038,9,load_p1umv5
6,39,B039,12,load_p1umv9
6,40,B040,18,load_p1ulv1841
6,41,B041,10,load_p1ulv530
6,42,B042,11,load_p1ulv579
6,43,B043,11,load_p1ulv579
6,44,B044,0,load_p1ulv2
6,45,B045,15,load_p1ulv648
6,46,B046,13,load_p1ulv646
6,47,B047,9,load_p1umv5
6,48,B048,9,load_p1umv5
6,49,B049,12,load_p1umv9
7,0,B000,0,load_p1ulv2
7,1,B001,18,load_p1ulv1841
7,2,B002,7,load_p1ulv493
7,3,B003,19,load_p1ulv1845
7,4,B004,0,load_p1ulv2
7,5,B005,8,load_p1umv3
7,6,B006,8,load_p1umv3
7,7,B007,11,load_p1ulv579
7,8,B008,11,load_p1ulv579
7,9,B009,10,load_p1ulv530
7,10,B010,13,load_p1ulv646
7,11,B011,21,load_p1ulv1893
7,12,B012,21,load_p1ulv1893
7,13,B013,21,load_p1ulv1893
7,14,B014,21,load_p1ulv1893
7,15,B015,21,load_p1ulv1893
7,16,B016,21,load_p1ulv1893
7,17,B017,21,load_p1ulv1893
7,18,B018,21,load_p1ulv1893
7,19,B019,9,load_p1umv5
7,20,B020,9,load_p1umv5
7,21,B021,9,load_p1umv5
7,22,B022,11,load_p1ulv579
7,23,B023,15,load_p1ulv648
7,24,B024,15,load_p1ulv648
7,25,B025,14,load_p1ulv647
7,26,B026,14,load_p1ulv647
7,27,B027,4,load_p1ulv157
7,28,B028,4,load_p1ulv157
7,29,B029,10,load_p1ulv530
7,30,B030,10,load_p1ulv530
7,31,B031,9,load_p1umv5
7,32,B032,12,load_p1umv9
7,33,B033,12,load_p1umv9
7,34,B034,3,load_p1ulv156
7,35,B035,24,load_p1ulv1912
7,36,B036,20,load_p1umv10
7,37,B037,4,load_p1ulv157
7,38,B038,4,load_p1ulv157
7,39,B039,21,load_p1ulv1893
7,40,B040,9,load_p1umv5
7,41,B041,9,load_p1umv5
7,42,B042,12,load_p1umv9
7,43,B043,12,load_p1umv9
7,44,B044,3,load_p1ulv156
7,45,B045,24,load_p1ulv1912
7,46,B046,20,load_p1umv10
7,47,B047,4,load_p1ulv157
7,48,B048,4,load_p1ulv157
7,49,B049,21,load_p1ulv1893
8,0,B000,10,load_p1ulv530
8,1,B001,20,load_p1umv10
8,2,B002,0,load_p1ulv2
8,3,B003,4,load_p1ulv157
8,4,B004,8,load_p1umv3
8,5,B005,21,load_p1ulv1893
8,6,B006,21,load_p1ulv1893
8,7,B007,10,load_p1ulv530
8,8,B008,10,load_p1ulv530
8,9,B009,9,load_p1umv5
8,10,B010,15,load_p1ulv648
8,11,B011,11,load_p1ulv579
8,12,B012,11,load_p1ulv579
8,13,B013,11,load_p1ulv579
8,14,B014,11,load_p1ulv579
8,15,B015,11,load_p1ulv579
8,16,B016,11,load_p1ulv579
8,17,B017,11,load_p1ulv579
8,18,B018,11,load_p1ulv579
8,19,B019,12,load_p1umv9
8,20,B020,21,load_p1ulv1893
8,21,B021,21,load_p1ulv1893
8,22,B022,20,load_p1umv10
8,23,B023,3,load_p1ulv156
8,24,B024,3,load_p1ulv156
8,25,B025,7,load_p1ulv493
8,26,B026,7,load_p1ulv493
8,27,B027,0,load_p1ulv2
8,28,B028,0,load_p1ulv2
8,29,B029,12,load_p1umv9
8,30,B030,12,load_p1umv9
8,31,B031,12,load_p1umv9
8,32,B032,19,load_p1ulv1845
8,33,B033,19,load_p1ulv1845
8,34,B034,24,load_p1ulv1912
8,35,B035,13,load_p1ulv646
8,36,B036,11,load_p1ulv579
8,37,B037,14,load_p1ulv647
8,38,B038,14,load_p1ulv647
8,39,B039,18,load_p1ulv1841
8,40,B040,21,load_p1ulv1893
8,41,B041,12,load_p1umv9
8,42,B042,19,load_p1ulv1845
8,43,B043,19,load_p1ulv1845
8,44,B044,24,load_p1ulv1912
8,45,B045,13,load_p1ulv646
8,46,B046,11,load_p1ulv579
8,47,B047,14,load_p1ulv647
8,48,B048,14,load_p1ulv647
8,49,B049,18,load_p1ulv1841
9,0,B000,11,load_p1ulv579
9,1,B001,0,load_p1ulv2
9,2,B002,8,load_p1umv3
9,3,B003,24,load_p1ulv1912
9,4,B004,3,load_p1ulv156
9,5,B005,18,load_p1ulv1841
9,6,B006,18,load_p1ulv1841
9,7,B007,9,load_p1umv5
9,8,B008,9,load_p1umv5
9,9,B009,14,load_p1ulv647
9,10,B010,11,load_p1ulv579
9,11,B011,3,load_p1ulv156
9,12,B012,3,load_p1ulv156
9,13,B013,3,load_p1ulv156
9,14,B014,3,load_p1ulv156
9,15,B015,3,load_p1ulv156
9,16,B016,3,load_p1ulv156
9,17,B017,3,load_p1ulv156
9,18,B018,3,load_p1ulv156
9,19,B019,13,load_p1ulv646
9,20,B020,21,load_p1ulv1893
9,21,B021,21,load_p1ulv1893
9,22,B022,20,load_p1umv10
9,23,B023,7,load_p1ulv493
9,24,B024,7,load_p1ulv493
9,25,B025,20,load_p1umv10
9,26,B026,20,load_p1umv10
9,27,B027,14,load_p1ulv647
9,28,B028,14,load_p1ulv647
9,29,B029,20,load_p1umv10
9,30,B030,20,load_p1umv10
9,31,B031,13,load_p1ulv646
9,32,B032,12,load_p1umv9
9,33,B033,12,load_p1umv9
9,34,B034,21,load_p1ulv1893
9,35,B035,15,load_p1ulv648
9,36,B036,4,load_p1ulv157
9,37,B037,10,load_p1ulv530
9,38,B038,10,load_p1ulv530
9,39,B039,19,load_p1ulv1845
9,40,B040,21,load_p1ulv1893
9,41,B041,20,load_p1umv10
9,42,B042,12,load_p1umv9
9,43,B043,12,load_p1umv9
9,44,B044,21,load_p1ulv1893
9,45,B045,15,load_p1ulv648
9,46,B046,4,load_p1ulv157
9,47,B047,10,load_p1ulv530
9,48,B048,10,load_p1ulv530
9,49,B049,19,load_p1ulv1845
10,0,B000,14,load_p1ulv647
10,1,B001,12,load_p1umv9
10,2,B002,8,load_p1umv3
10,3,B003,20,load_p1umv10
10,4,B004,3,load_p1ulv156
10,5,B005,4,load_p1ulv157
10,6,B006,4,load_p1ulv157
10,7,B007,15,load_p1ulv648
10,8,B008,15,load_p1ulv648
10,9,B009,7,load_p1ulv493
10,10,B010,21,load_p1ulv1893
10,11,B011,18,load_p1ulv1841
10,12,B012,18,load_p1ulv1841
10,13,B013,18,load_p1ulv1841
10,14,B014,18,load_p1ulv1841
10,15,B015,18,load_p1ulv1841
10,16,B016,18,load_p1ulv1841
10,17,B017,18,load_p1ulv1841
10,18,B018,18,load_p1ulv1841
10,19,B019,10,load_p1ulv530
10,20,B020,0,load_p1ulv2
10,21,B021,0,load_p1ulv2
10,22,B022,7,load_p1ulv493
10,23,B023,14,load_p1ulv647
10,24,B024,14,load_p1ulv647
10,25,B025,9,load_p1umv5
10,26,B026,9,load_p1umv5
10,27,B027,9,load_p1umv5
10,28,B028,9,load_p1umv5
10,29,B029,18,load_p1ulv1841
10,30,B030,18,load_p1ulv1841
10,31,B031,10,load_p1ulv530
10,32,B032,0,load_p1ulv2
10,33,B033,0,load_p1ulv2
10,34,B034,13,load_p1ulv646
10,35,B035,18,load_p1ulv1841
10,36,B036,11,load_p1ulv579
10,37,B037,19,load_p1ulv1845
10,38,B038,19,load_p1ulv1845
10,39,B039,24,load_p1ulv1912
10,40,B040,0,load_p1ulv2
10,41,B041,15,load_p1ulv648
10,42,B042,0,load_p1ulv2
10,43,B043,0,load_p1ulv2
10,44,B044,13,load_p1ulv646
10,45,B045,18,load_p1ulv1841
10,46,B046,11,load_p1ulv579
10,47,B047,19,load_p1ulv1845
10,48,B048,19,load_p1ulv1845
10,49,B049,24,load_p1ulv1912
11,0,B000,20,load_p1umv10
11,1,B001,14,load_p1ulv647
11,2,B002,19,load_p1ulv1845
11,3,B003,9,load_p1umv5
11,4,B004,20,load_p1umv10
11,5,B005,8,load_p1umv3
11,6,B006,8,load_p1umv3
11,7,B007,18,load_p1ulv1841
11,8,B008,18,load_p1ulv1841
11,9,B009,3,load_p1ulv156
11,10,B010,0,load_p1ulv2
11,11,B011,21,load_p1ulv1893
11,12,B012,21,load_p1ulv1893
11,13,B013,21,load_p1ulv1893
11,14,B014,21,load_p1ulv1893
11,15,B015,21,load_p1ulv1893
11,16,B016,21,load_p1ulv1893
11,17,B017,21,load_p1ulv1893
11,18,B018,21,load_p1ulv1893
11,19,B019,4,load_p1ulv157
11,20,B020,11,load_p1ulv579
11,21,B021,11,load_p1ulv579
11,22,B022,13,load_p1ulv646
11,23,B023,15,load_p1ulv648
11,24,B024,15,load_p1ulv648
11,25,B025,10,load_p1ulv530
11,26,B026,10,load_p1ulv530
11,27,B027,3,load_p1ulv156
11,28,B028,3,load_p1ulv156
11,29,B029,7,load_p1ulv493
11,30,B030,7,load_p1ulv493
11,31,B031,4,load_p1ulv157
11,32,B032,11,load_p1ulv579
11,33,B033,11,load_p1ulv579
11,34,B034,7,load_p1ulv493
11,35,B035,21,load_p1ulv1893
11,36,B036,24,load_p1ulv1912
11,37,B037,13,load_p1ulv646
11,38,B038,13,load_p1ulv646
11,39,B039,12,load_p1umv9
11,40,B040,11,load_p1ulv579
11,41,B041,20,load_p1umv10
11,42,B042,11,load_p1ulv579
11,43,B043,11,load_p1ulv579
11,44,B044,7,load_p1ulv493
11,45,B045,21,load_p1ulv1893
11,46,B046,24,load_p1ulv1912
11,47,B047,13,load_p1ulv646
11,48,B048,13,load_p1ulv646
11,49,B049,12,load_p1umv9
12,0,B000,4,load_p1ulv157
12,1,B001,7,load_p1ulv493
12,2,B002,14,load_p1ulv647
12,3,B003,12,load_p1umv9
12,4,B004,9,load_p1umv5
12,5,B005,21,load_p1ulv1893
12,6,B006,21,load_p1ulv1893
12,7,B007,19,load_p1ulv1845
12,8,B008,19,load_p1ulv1845
12,9,B009,20,load_p1umv10
12,10,B010,4,load_p1ulv157
12,11,B011,10,load_p1ulv530
12,12,B012,10,load_p1ulv530
12,13,B013,10,load_p1ulv530
12,14,B014,10,load_p1ulv530
12,15,B015,10,load_p1ulv530
12,16,B016,10,load_p1ulv530
12,17,B017,10,load_p1ulv530
12,18,B018,10,load_p1ulv530
12,19,B019,10,load_p1ulv530
12,20,B020,9,load_p1umv5
12,21,B021,9,load_p1umv5
12,22,B022,13,load_p1ulv646
12,23,B023,24,load_p1ulv1912
12,24,B024,24,load_p1ulv1912
12,25,B025,0,load_p1ulv2
12,26,B026,0,load_p1ulv2
12,27,B027,12,load_p1umv9
12,28,B028,12,load_p1umv9
12,29,B029,14,load_p1ulv647
12,30,B030,14,load_p1ulv647
12,31,B031,10,load_p1ulv530
12,32,B032,11,load_p1ulv579
12,33,B033,11,load_p1ulv579
12,34,B034,18,load_p1ulv1841
12,35,B035,15,load_p1ulv648
12,36,B036,8,load_p1umv3
12,37,B037,3,load_p1ulv156
12,38,B038,3,load_p1ulv156
12,39,B039,13,load_p1ulv646
12,40,B040,9,load_p1umv5
12,41,B041,9,load_p1umv5
12,42,B042,11,load_p1ulv579
12,43,B043,11,load_p1ulv579
12,44,B044,18,load_p1ulv1841
12,45,B045,15,load_p1ulv648
12,46,B046,8,load_p1umv3
12,47,B047,3,load_p1ulv156
12,48,B048,3,load_p1ulv156
12,49,B049,13,load_p1ulv646
13,0,B000,0,load_p1ulv2
13,1,B001,18,load_p1ulv1841
13,2,B002,7,load_p1ulv493
13,3,B003,11,load_p1ulv579
13,4,B004,14,load_p1ulv647
13,5,B005,10,load_p1ulv530
13,6,B006,10,load_p1ulv530
13,7,B007,9,load_p1umv5
13,8,B008,9,load_p1umv5
13,9,B009,15,load_p1ulv648
13,10,B010,8,load_p1umv3
13,11,B011,11,load_p1ulv579
13,12,B012,11,load_p1ulv579
13,13,B013,11,load_p1ulv579
13,14,B014,11,load_p1ulv579
13,15,B015,11,load_p1ulv579
13,16,B016,11,load_p1ulv579
13,17,B017,11,load_p1ulv579
13,18,B018,11,load_p1ulv579
13,19,B019,0,load_p1ulv2
13,20,B020,24,load_p1ulv1912
13,21,B021,24,load_p1ulv1912
13,22,B022,18,load_p1ulv1841
13,23,B023,3,load_p1ulv156
13,24,B024,3,load_p1ulv156
13,25,B025,24,load_p1ulv1912
13,26,B026,24,load_p1ulv1912
13,27,B027,10,load_p1ulv530
13,28,B028,10,load_p1ulv530
13,29,B029,11,load_p1ulv579
13,30,B030,11,load_p1ulv579
13,31,B031,0,load_p1ulv2
13,32,B032,12,load_p1umv9
13,33,B033,12,load_p1umv9
13,34,B034,20,load_p1umv10
13,35,B035,13,load_p1ulv646
13,36,B036,19,load_p1ulv1845
13,37,B037,21,load_p1ulv1893
13,38,B038,21,load_p1ulv1893
13,39,B039,4,load_p1ulv157
13,40,B040,24,load_p1ulv1912
13,41,B041,14,load_p1ulv647
13,42,B042,12,load_p1umv9
13,43,B043,12,load_p1umv9
13,44,B044,20,load_p1umv10
13,45,B045,13,load_p1ulv646
13,46,B046,19,load_p1ulv1845
13,47,B047,21,load_p1ulv1893
13,48,B048,21,load_p1ulv1893
13,49,B049,4,load_p1ulv157
14,0,B000,4,load_p1ulv157
14,1,B001,4,load_p1ulv157
14,2,B002,13,load_p1ulv646
14,3,B003,7,load_p1ulv493
14,4,B004,21,load_p1ulv1893
14,5,B005,18,load_p1ulv1841
14,6,B006,18,load_p1ulv1841
14,7,B007,11,load_p1ulv579
14,8,B008,11,load_p1ulv579
14,9,B009,24,load_p1ulv1912
14,10,B010,12,load_p1umv9
14,11,B011,10,load_p1ulv530
14,12,B012,10,load_p1ulv530
14,13,B013,10,load_p1ulv530
14,14,B014,10,load_p1ulv530
14,15,B015,10,load_p1ulv530
14,16,B016,10,load_p1ulv530
14,17,B017,10,load_p1ulv530
14,18,B018,10,load_p1ulv530
14,19,B019,20,load_p1umv10
14,20,B020,18,load_p1ulv1841
14,21,B021,18,load_p1ulv1841
14,22,B022,7,load_p1ulv493
14,23,B023,14,load_p1ulv647
14,24,B024,14,load_p1ulv647
14,25,B025,10,load_p1ulv530
14,26,B026,10,load_p1ulv530
14,27,B027,15,load_p1ulv648
14,28,B028,15,load_p1ulv648
14,29,B029,9,load_p1umv5
14,30,B030,9,load_p1umv5
14,31,B031,20,load_p1umv10
14,32,B032,9,load_p1umv5
14,33,B033,9,load_p1umv5
14,34,B034,3,load_p1ulv156
14,35,B035,8,load_p1umv3
14,36,B036,15,load_p1ulv648
14,37,B037,0,load_p1ulv2
14,38,B038,0,load_p1ulv2
14,39,B039,19,load_p1ulv1845
14,40,B040,18,load_p1ulv1841
14,41,B041,4,load_p1ulv157
14,42,B042,9,load_p1umv5
14,43,B043,9,load_p1umv5
14,44,B044,3,load_p1ulv156
14,45,B045,8,load_p1umv3
14,46,B046,15,load_p1ulv648
14,47,B047,0,load_p1ulv2
14,48,B048,0,load_p1ulv2
14,49,B049,19,load_p1ulv1845
15,0,B000,15,load_p1ulv648
15,1,B001,14,load_p1ulv647
15,2,B002,3,load_p1ulv156
15,3,B003,18,load_p1ulv1841
15,4,B004,9,load_p1umv5
15,5,B005,7,load_p1ulv493
15,6,B006,7,load_p1ulv493
15,7,B007,15,load_p1ulv648
15,8,B008,15,load_p1ulv648
15,9,B009,19,load_p1ulv1845
15,10,B010,11,load_p1ulv579
15,11,B011,13,load_p1ulv646
15,12,B012,13,load_p1ulv646
15,13,B013,13,load_p1ulv646
15,14,B014,13,load_p1ulv646
15,15,B015,13,load_p1ulv646
15,16,B016,13,load_p1ulv646
15,17,B017,13,load_p1ulv646
15,18,B018,13,load_p1ulv646
15,19,B019,20,load_p1umv10
15,20,B020,12,load_p1umv9
15,21,B021,12,load_p1umv9
15,22,B022,8,load_p1umv3
15,23,B023,24,load_p1ulv1912
15,24,B024,24,load_p1ulv1912
15,25,B025,10,load_p1ulv530
15,26,B026,10,load_p1ulv530
15,27,B027,9,load_p1umv5
15,28,B028,9,load_p1umv5
15,29,B029,20,load_p1umv10
15,30,B030,20,load_p1umv10
15,31,B031,20,load_p1umv10
15,32,B032,0,load_p1ulv2
15,33,B033,0,load_p1ulv2
15,34,B034,4,load_p1ulv157
15,35,B035,8,load_p1umv3
15,36,B036,12,load_p1umv9
15,37,B037,21,load_p1ulv1893
15,38,B038,21,load_p1ulv1893
15,39,B039,13,load_p1ulv646
15,40,B040,12,load_p1umv9
15,41,B041,3,load_p1ulv156
15,42,B042,0,load_p1ulv2
15,43,B043,0,load_p1ulv2
15,44,B044,4,load_p1ulv157
15,45,B045,8,load_p1umv3
15,46,B046,12,load_p1umv9
15,47,B047,21,load_p1ulv1893
15,48,B048,21,load_p1ulv1893
15,49,B049,13,load_p1ulv646
16,0,B000,3,load_p1ulv156
16,1,B001,11,load_p1ulv579
16,2,B002,8,load_p1umv3
16,3,B003,9,load_p1umv5
16,4,B004,10,load_p1ulv530
16,5,B005,21,load_p1ulv1893
16,6,B006,21,load_p1ulv1893
16,7,B007,4,load_p1ulv157
16,8,B008,4,load_p1ulv157
16,9,B009,24,load_p1ulv1912
16,10,B010,12,load_p1umv9
16,11,B011,14,load_p1ulv647
16,12,B012,14,load_p1ulv647
16,13,B013,14,load_p1ulv647
16,14,B014,14,load_p1ulv647
16,15,B015,14,load_p1ulv647
16,16,B016,14,load_p1ulv647
16,17,B017,14,load_p1ulv647
16,18,B018,14,load_p1ulv647
16,19,B019,3,load_p1ulv156
16,20,B020,19,load_p1ulv1845
16,21,B021,19,load_p1ulv1845
16,22,B022,3,load_p1ulv156
16,23,B023,13,load_p1ulv646
16,24,B024,13,load_p1ulv646
16,25,B025,0,load_p1ulv2
16,26,B026,0,load_p1ulv2
16,27,B027,12,load_p1umv9
16,28,B028,12,load_p1umv9
16,29,B029,21,load_p1ulv1893
16,30,B030,21,load_p1ulv1893
16,31,B031,3,load_p1ulv156
16,32,B032,15,load_p1ulv648
16,33,B033,15,load_p1ulv648
16,34,B034,20,load_p1umv10
16,35,B035,7,load_p1ulv493
16,36,B036,14,load_p1ulv647
16,37,B037,19,load_p1ulv1845
16,38,B038,19,load_p1ulv1845
16,39,B039,18,load_p1ulv1841
16,40,B040,19,load_p1ulv1845
16,41,B041,19,load_p1ulv1845
16,42,B042,15,load_p1ulv648
16,43,B043,15,load_p1ulv648
16,44,B044,20,load_p1umv10
16,45,B045,7,load_p1ulv493
16,46,B046,14,load_p1ulv647
16,47,B047,19,load_p1ulv1845
16,48,B048,19,load_p1ulv1845
16,49,B049,18,load_p1ulv1841
17,0,B000,18,load_p1ulv1841
17,1,B001,15,load_p1ulv648
17,2,B002,18,load_p1ulv1841
17,3,B003,20,load_p1umv10
17,4,B004,7,load_p1ulv493
17,5,B005,14,load_p1ulv647
17,6,B006,14,load_p1ulv647
17,7,B007,10,load_p1ulv530
17,8,B008,10,load_p1ulv530
17,9,B009,24,load_p1ulv1912
17,10,B010,0,load_p1ulv2
17,11,B011,20,load_p1umv10
17,12,B012,20,load_p1umv10
17,13,B013,20,load_p1umv10
17,14,B014,20,load_p1umv10
17,15,B015,20,load_p1umv10
17,16,B016,20,load_p1umv10
17,17,B017,20,load_p1umv10
17,18,B018,20,load_p1umv10
17,19,B019,4,load_p1ulv157
17,20,B020,8,load_p1umv3
17,21,B021,8,load_p1umv3
17,22,B022,11,load_p1ulv579
17,23,B023,19,load_p1ulv1845
17,24,B024,19,load_p1ulv1845
17,25,B025,11,load_p1ulv579
17,26,B026,11,load_p1ulv579
17,27,B027,3,load_p1ulv156
17,28,B028,3,load_p1ulv156
17,29,B029,13,load_p1ulv646
17,30,B030,13,load_p1ulv646
17,31,B031,4,load_p1ulv157
17,32,B032,12,load_p1umv9
17,33,B033,12,load_p1umv9
17,34,B034,8,load_p1umv3
17,35,B035,13,load_p1ulv646
17,36,B036,21,load_p1ulv1893
17,37,B037,3,load_p1ulv156
17,38,B038,3,load_p1ulv156
17,39,B039,9,load_p1umv5
17,40,B040,8,load_p1umv3
17,41,B041,3,load_p1ulv156
17,42,B042,12,load_p1umv9
17,43,B043,12,load_p1umv9
17,44,B044,8,load_p1umv3
17,45,B045,13,load_p1ulv646
17,46,B046,21,load_p1ulv1893
17,47,B047,3,load_p1ulv156
17,48,B048,3,load_p1ulv156
17,49,B049,9,load_p1umv5
18,0,B000,4,load_p1ulv157
18,1,B001,3,load_p1ulv156
18,2,B002,12,load_p1umv9
18,3,B003,19,load_p1ulv1845
18,4,B004,24,load_p1ulv1912
18,5,B005,8,load_p1umv3
18,6,B006,8,load_p1umv3
18,7,B007,21,load_p1ulv1893
18,8,B008,21,load_p1ulv1893
18,9,B009,11,load_p1ulv579
18,10,B010,9,load_p1umv5
18,11,B011,3,load_p1ulv156
18,12,B012,3,load_p1ulv156
18,13,B013,3,load_p1ulv156
18,14,B014,3,load_p1ulv156
18,15,B015,3,load_p1ulv156
18,16,B016,3,load_p1ulv156
18,17,B017,3,load_p1ulv156
18,18,B018,3,load_p1ulv156
18,19,B019,14,load_p1ulv647
18,20,B020,8,load_p1umv3
18,21,B021,8,load_p1umv3
18,22,B022,12,load_p1umv9
18,23,B023,0,load_p1ulv2
18,24,B024,0,load_p1ulv2
18,25,B025,20,load_p1umv10
18,26,B026,20,load_p1umv10
18,27,B027,3,load_p1ulv156
18,28,B028,3,load_p1ulv156
18,29,B029,20,load_p1umv10
18,30,B030,20,load_p1umv10
18,31,B031,14,load_p1ulv647
18,32,B032,13,load_p1ulv646
18,33,B033,13,load_p1ulv646
18,34,B034,18,load_p1ulv1841
18,35,B035,15,load_p1ulv648
18,36,B036,4,load_p1ulv157
18,37,B037,7,load_p1ulv493
18,38,B038,7,load_p1ulv493
18,39,B039,10,load_p1ulv530
18,40,B040,8,load_p1umv3
18,41,B041,10,load_p1ulv530
18,42,B042,13,load_p1ulv646
18,43,B043,13,load_p1ulv646
18,44,B044,18,load_p1ulv1841
18,45,B045,15,load_p1ulv648
18,46,B046,4,load_p1ulv157
18,47,B047,7,load_p1ulv493
18,48,B048,7,load_p1ulv493
18,49,B049,10,load_p1ulv530
19,0,B000,0,load_p1ulv2
19,1,B001,12,load_p1umv9
19,2,B002,4,load_p1ulv157
19,3,B003,18,load_p1ulv1841
19,4,B004,21,load_p1ulv1893
19,5,B005,13,load_p1ulv646
19,6,B006,13,load_p1ulv646
19,7,B007,19,load_p1ulv1845
19,8,B008,19,load_p1ulv1845
19,9,B009,14,load_p1ulv647
19,10,B010,3,load_p1ulv156
19,11,B011,0,load_p1ulv2
19,12,B012,0,load_p1ulv2
19,13,B013,0,load_p1ulv2
19,14,B014,0,load_p1ulv2
19,15,B015,0,load_p1ulv2
19,16,B016,0,load_p1ulv2
19,17,B017,0,load_p1ulv2
19,18,B018,0,load_p1ulv2
19,19,B019,15,load_p1ulv648
19,20,B020,9,load_p1umv5
19,21,B021,9,load_p1umv5
19,22,B022,20,load_p1umv10
19,23,B023,9,load_p1umv5
19,24,B024,9,load_p1umv5
19,25,B025,0,load_p1ulv2
19,26,B026,0,load_p1ulv2
19,27,B027,13,load_p1ulv646
19,28,B028,13,load_p1ulv646
19,29,B029,11,load_p1ulv579
19,30,B030,11,load_p1ulv579
19,31,B031,15,load_p1ulv648
19,32,B032,7,load_p1ulv493
19,33,B033,7,load_p1ulv493
19,34,B034,8,load_p1umv3
19,35,B035,11,load_p1ulv579
19,36,B036,10,load_p1ulv530
19,37,B037,20,load_p1umv10
19,38,B038,20,load_p1umv10
19,39,B039,24,load_p1ulv1912
19,40,B040,9,load_p1umv5
19,41,B041,18,load_p1ulv1841
19,42,B042,7,load_p1ulv493
19,43,B043,7,load_p1ulv493
19,44,B044,8,load_p1umv3
19,45,B045,11,load_p1ulv579
19,46,B046,10,load_p1ulv530
19,47,B047,20,load_p1umv10
19,48,B048,20,load_p1umv10
19,49,B049,24,load_p1ulv1912
