policy,comparator,group,metric,direction,n_pairs,policy_mean,comparator_mean,mean_difference_pc_minus_comparator,mean_difference_policy_minus_comparator,mean_difference_bootstrap_ci95_low,mean_difference_bootstrap_ci95_high,relative_reduction_percent,paired_cohens_dz,paired_t_p,wilcoxon_p,primary_family,holm_p_primary_paired_t,holm_p_primary_wilcoxon
robust_pc_rollout,forecast_matched,all,cost,lower,1024,1006.4971534306713,1010.9764077262482,-4.4792542955769425,-4.4792542955769425,-6.051773602277483,-2.9348127506407566,0.4430621982219226,-0.17461732003466487,2.9486736207681014e-08,6.0962875556118754e-18,True,1.1794694483072406e-07,3.048143777805938e-17
robust_pc_rollout,forecast_matched,all,mobility_delay,lower,1024,5.462215355736158,5.530711627776528,-0.06849627204036982,-0.06849627204036982,-0.12283534969664799,-0.012876232656408804,1.2384712248667153,-0.07649668816670184,0.014536552133081526,3.376504325842847e-07,False,,
robust_pc_rollout,forecast_matched,all,unserved_energy,lower,1024,273.96941210688965,274.1940580010705,-0.2246458941808669,-0.2246458941808669,-0.31781298536261604,-0.13248768136654693,0.08192952678062404,-0.1482661271201093,2.3867627559159377e-06,2.113349227867703e-23,False,,
robust_pc_rollout,forecast_matched,all,comm_loss,lower,1024,77.76984668866498,78.90140098809206,-1.13155429942708,-1.13155429942708,-1.509189350935776,-0.7836686587939767,1.4341371449131253,-0.19420690006558652,7.477709713129465e-10,1.822046435746516e-14,False,,
robust_pc_rollout,forecast_matched,all,power_service_loss,lower,1024,24.359248285139856,24.501440512918848,-0.14219222777898877,-0.14219222777898877,-0.4275168744534693,0.14724403829859725,0.5803423178486801,-0.029694907361133817,0.342216257918346,0.0013833864384543888,False,,
robust_pc_rollout,forecast_matched,all,min_voltage_pu,higher,1024,0.9889896567144916,0.9889888300232441,8.266912474562968e-07,8.266912474562968e-07,-4.94915772136892e-07,2.2927857735658276e-06,-8.358954341646783e-05,0.036706693163742,0.24042245086353395,1.2522630226910043e-13,False,,
robust_pc_rollout,forecast_matched,all,voltage_violation_pu_hours,lower,1024,0.0,0.0,0.0,0.0,0.0,0.0,nan,0.0,1.0,1.0,False,,
robust_pc_rollout,forecast_matched,all,thermal_overload_pu_hours,lower,1024,0.0,0.0,0.0,0.0,0.0,0.0,nan,0.0,1.0,1.0,False,,
robust_pc_rollout,forecast_matched,all,losses_mwh,lower,1024,0.8427774483804359,0.84276848412926,8.964251175911319e-06,8.964251175911319e-06,4.6764952774153085e-06,1.326237365099606e-05,-0.0010636671096182595,0.1287925634831355,4.0711339177816906e-05,1.2314251512263636e-28,False,,
robust_pc_rollout,forecast_matched,all,mean_smartds_projection_fraction,higher,1024,1.0,1.0,0.0,0.0,0.0,0.0,-0.0,0.0,1.0,1.0,False,,
robust_pc_rollout,forecast_matched,all,smartds_curtailed_energy_kwh,lower,1024,0.0,0.0,0.0,0.0,0.0,0.0,nan,0.0,1.0,1.0,False,,
robust_pc_rollout,forecast_matched,all,crew_completion_fraction,higher,1024,0.8229498789278082,0.8178948072802286,0.005055071647579694,0.005055071647579694,0.0037486766592144728,0.006442902075302061,-0.6180588998222747,0.23195823064568266,2.411282613818788e-13,2.8296669791903595e-12,False,,
robust_pc_rollout,forecast_matched,all,crew_mean_completion_h,lower,1024,3.0857316252090037,3.1160135349699267,-0.030281909760922657,-0.030281909760922657,-0.04345836716425113,-0.018147968662916736,0.9718157325402925,-0.1448202358342549,4.0446719616978745e-06,0.5390617332404616,False,,
robust_pc_rollout,forecast_matched,all,crew_total_travel_h,lower,1024,2.9311360677083336,2.9544921874999996,-0.023356119791666675,-0.023356119791666675,-0.040527750651041666,-0.006672770182291676,0.7905290760450412,-0.08482203615655089,0.006753201894859088,0.03229805554685379,False,,
robust_pc_rollout,forecast_matched,all,latency_ms,lower,1024,193.98163838195615,46.75233958520646,147.22929879674967,147.22929879674967,146.37569831726296,148.0941745114213,-314.91322167615436,10.652390218910785,0.0,4.0561928102046334e-169,False,,
robust_pc_rollout,forecast_matched,nominal,cost,lower,256,604.1269471845515,604.1319464026844,-0.004999218133053375,-0.004999218133053375,-0.020305926553073714,0.012121925032778908,0.0008275043494755274,-0.037544531314504935,0.5485650328169225,6.955135432989833e-05,True,0.5485650328169225,0.0001228293551213623
robust_pc_rollout,forecast_matched,nominal,mobility_delay,lower,256,1.2654248197637132,1.2655345396020923,-0.0001097198383789022,-0.0001097198383789022,-0.0006052916199086967,0.00031199003395242507,0.008669841473738059,-0.029811591640724826,0.633780986487947,0.11036656480792248,False,,
robust_pc_rollout,forecast_matched,nominal,unserved_energy,lower,256,228.67082960699918,228.6723127104342,-0.0014831034350208938,-0.0014831034350208938,-0.007412870819098316,0.004953845300769896,0.0006485714940483131,-0.02985500790211437,0.6332870870004847,1.531472220601105e-05,False,,
robust_pc_rollout,forecast_matched,nominal,comm_loss,lower,256,4.2741920002154075,4.274731182376854,-0.0005391821614466608,-0.0005391821614466608,-0.0015572881267871708,0.00031011773098725803,0.012613241358182023,-0.07072913663239089,0.2588378989484993,3.626423987703835e-05,False,,
robust_pc_rollout,forecast_matched,nominal,power_service_loss,lower,256,0.00036887218327989713,0.0004053407826395875,-3.6468599359690355e-05,-3.6468599359690355e-05,-8.084621167214808e-05,-2.56468350361985e-07,8.997021992755352,-0.11163997381383972,0.07524853141977897,0.2628249868889372,False,,
robust_pc_rollout,forecast_matched,nominal,min_voltage_pu,higher,256,0.9888645247519408,0.9888647227091344,-1.9795719375477125e-07,-1.9795719375477125e-07,-5.802719201655651e-07,1.9746707556438024e-09,2.0018632398215158e-05,-0.06704020480947849,0.28444525462429654,0.013441338240052045,False,,
robust_pc_rollout,forecast_matched,nominal,voltage_violation_pu_hours,lower,256,0.0,0.0,0.0,0.0,0.0,0.0,nan,0.0,1.0,1.0,False,,
robust_pc_rollout,forecast_matched,nominal,thermal_overload_pu_hours,lower,256,0.0,0.0,0.0,0.0,0.0,0.0,nan,0.0,1.0,1.0,False,,
robust_pc_rollout,forecast_matched,nominal,losses_mwh,lower,256,0.8433823136372818,0.8433822456413029,6.799597885133804e-08,6.799597885133804e-08,-1.8658943944266673e-07,3.1563180168975724e-07,-8.062296687267148e-06,0.033589819492756606,0.5914343890416663,2.420389742748568e-05,False,,
robust_pc_rollout,forecast_matched,nominal,mean_smartds_projection_fraction,higher,256,1.0,1.0,0.0,0.0,0.0,0.0,-0.0,0.0,1.0,1.0,False,,
robust_pc_rollout,forecast_matched,nominal,smartds_curtailed_energy_kwh,lower,256,0.0,0.0,0.0,0.0,0.0,0.0,nan,0.0,1.0,1.0,False,,
robust_pc_rollout,forecast_matched,nominal,crew_completion_fraction,higher,256,0.9389601672721891,0.9376097514822208,0.0013504157899682924,0.0013504157899682924,-0.0007060148570216673,0.003556416551437547,-0.1440274898840895,0.07742760854081153,0.21654322970591994,0.17865195327514982,False,,
robust_pc_rollout,forecast_matched,nominal,crew_mean_completion_h,lower,256,2.250203380582834,2.180166516895269,0.07003686368756498,0.07003686368756498,0.054970828631619756,0.08597244849902014,-3.212454789338892,0.5528219554426878,1.550451983909375e-16,8.583363593693209e-20,False,,
robust_pc_rollout,forecast_matched,nominal,crew_total_travel_h,lower,256,1.8413411458333333,1.8365885416666665,0.004752604166666665,0.004752604166666665,-0.017708333333333347,0.026562500000000003,-0.25877348457993615,0.026131971789954602,0.676217441513798,0.6187247087522798,False,,
robust_pc_rollout,forecast_matched,nominal,latency_ms,lower,256,193.52382168957166,44.776868366170675,148.74695332340102,148.74695332340102,147.08702979318483,150.43197845041806,-332.1959724985606,10.763678431691586,7.233459125377256e-266,9.640418513895798e-44,False,,
robust_pc_rollout,forecast_matched,single_domain,cost,lower,256,701.8777262215365,702.4120495860316,-0.5343233644950445,-0.5343233644950445,-0.9184406493808364,-0.1461153014845261,0.07606978906611146,-0.16854191450727393,0.007470284241855024,1.260593522573219e-06,True,0.014940568483710047,3.7817805677196573e-06
robust_pc_rollout,forecast_matched,single_domain,mobility_delay,lower,256,2.004197866210908,2.009853271027512,-0.005655404816604204,-0.005655404816604204,-0.023674811388398175,0.012636323137127457,0.28138396459722403,-0.03840614788006678,0.5394339432868718,0.06746666914481511,False,,
robust_pc_rollout,forecast_matched,single_domain,unserved_energy,lower,256,262.4533743815264,262.59876532072667,-0.145390939200297,-0.145390939200297,-0.21094905281206594,-0.08033942679176108,0.05536619299131999,-0.2730352756993287,1.8207880394750843e-05,1.736291349327904e-08,False,,
robust_pc_rollout,forecast_matched,single_domain,comm_loss,lower,256,6.15789294563001,6.180591367476154,-0.0226984218461439,-0.0226984218461439,-0.05471556062984746,0.008914159430423748,0.36725323673053,-0.086799200377036,0.1661092363286473,0.023336516227764385,False,,
robust_pc_rollout,forecast_matched,single_domain,power_service_loss,lower,256,3.559968052125295,3.6179088744333687,-0.057940822308073264,-0.057940822308073264,-0.255024456393664,0.13192741536689076,1.6015003229496174,-0.036534721555024775,0.5593634222641202,0.12347284579220544,False,,
robust_pc_rollout,forecast_matched,single_domain,min_voltage_pu,higher,256,0.9889592144161704,0.9889588551013313,3.593148391383902e-07,3.593148391383902e-07,-1.1807523781584149e-06,2.2049248680394856e-06,-3.633263783270072e-05,0.02609398167006828,0.676661319261174,0.006305047759778218,False,,
robust_pc_rollout,forecast_matched,single_domain,voltage_violation_pu_hours,lower,256,0.0,0.0,0.0,0.0,0.0,0.0,nan,0.0,1.0,1.0,False,,
robust_pc_rollout,forecast_matched,single_domain,thermal_overload_pu_hours,lower,256,0.0,0.0,0.0,0.0,0.0,0.0,nan,0.0,1.0,1.0,False,,
robust_pc_rollout,forecast_matched,single_domain,losses_mwh,lower,256,0.8432555481199622,0.8432495837407097,5.96437925247514e-06,5.96437925247514e-06,2.773104383897631e-06,8.967680815195519e-06,-0.000707308887840391,0.2368652541773522,0.00018816256847013925,2.871914555905062e-09,False,,
robust_pc_rollout,forecast_matched,single_domain,mean_smartds_projection_fraction,higher,256,1.0,1.0,0.0,0.0,0.0,0.0,-0.0,0.0,1.0,1.0,False,,
robust_pc_rollout,forecast_matched,single_domain,smartds_curtailed_energy_kwh,lower,256,0.0,0.0,0.0,0.0,0.0,0.0,nan,0.0,1.0,1.0,False,,
robust_pc_rollout,forecast_matched,single_domain,crew_completion_fraction,higher,256,0.8250115647442913,0.8176865703160286,0.007324994428262668,0.007324994428262668,0.004398679776032823,0.01062958882956338,-0.8958193388735273,0.29017825556586313,5.505073180345439e-06,1.6246857057956998e-06,False,,
robust_pc_rollout,forecast_matched,single_domain,crew_mean_completion_h,lower,256,3.4957687224716354,3.5678877214343707,-0.07211899896273603,-0.07211899896273603,-0.10244677446623351,-0.04419264694322535,2.021336000274767,-0.3007577653512343,2.559105841635002e-06,2.407930311862041e-05,False,,
robust_pc_rollout,forecast_matched,single_domain,crew_total_travel_h,lower,256,3.3599609375,3.395182291666667,-0.03522135416666668,-0.03522135416666668,-0.06862141927083334,-0.004231770833333355,1.0373921380632793,-0.1343000214174898,0.0325919451409665,0.040998467456266174,False,,
robust_pc_rollout,forecast_matched,single_domain,latency_ms,lower,256,194.92032748075871,47.86577264803782,147.0545548327209,147.0545548327209,145.39412255828665,148.63046321008065,-307.2227746411384,11.296753471293943,3.5439785214910397e-271,9.640418513895798e-44,False,,
robust_pc_rollout,forecast_matched,cascade,cost,lower,256,1065.6306992287282,1072.5286114454502,-6.897912216722034,-6.897912216722034,-9.160800689517055,-4.7721677672991065,0.6431448208571048,-0.38293661781134636,3.3770830994519877e-09,1.95347658159534e-09,True,1.6885415497259938e-08,7.81390632638136e-09
robust_pc_rollout,forecast_matched,cascade,mobility_delay,lower,256,6.390504730302026,6.534425215721611,-0.14392048541958502,-0.14392048541958502,-0.2615690518230167,-0.04162761865763972,2.2024964808429837,-0.16116375525693155,0.010481125458972392,0.004197499173584163,False,,
robust_pc_rollout,forecast_matched,cascade,unserved_energy,lower,256,307.2256791557302,307.5866537906113,-0.36097463488113135,-0.36097463488113135,-0.5217879373114556,-0.2008881370886229,0.1173570538359131,-0.27078662811539794,2.12119148249026e-05,1.1204360581338631e-07,False,,
robust_pc_rollout,forecast_matched,cascade,comm_loss,lower,256,69.40275408548769,71.00324484030716,-1.6004907548194751,-1.6004907548194751,-2.0754042792570546,-1.1483613854856232,2.2541093134815546,-0.41910235122506156,1.2838042190889787e-10,7.891677637693363e-10,False,,
robust_pc_rollout,forecast_matched,cascade,power_service_loss,lower,256,28.52842882423569,28.85109861272808,-0.3226697884923908,-0.3226697884923908,-0.9112506861452607,0.23576202272466124,1.1183968861069309,-0.06818838376631119,0.27629646666360913,0.1300593057133806,False,,
robust_pc_rollout,forecast_matched,cascade,min_voltage_pu,higher,256,0.9890790614225289,0.9890790010248808,6.039764824210259e-08,6.039764824210259e-08,-2.038034494219142e-06,2.708051414932735e-06,-6.106453395483952e-06,0.0030480873367963774,0.9611412462935436,2.674467622414555e-07,False,,
robust_pc_rollout,forecast_matched,cascade,voltage_violation_pu_hours,lower,256,0.0,0.0,0.0,0.0,0.0,0.0,nan,0.0,1.0,1.0,False,,
robust_pc_rollout,forecast_matched,cascade,thermal_overload_pu_hours,lower,256,0.0,0.0,0.0,0.0,0.0,0.0,nan,0.0,1.0,1.0,False,,
robust_pc_rollout,forecast_matched,cascade,losses_mwh,lower,256,0.8426634454488067,0.8426475497856499,1.5895663156713716e-05,1.5895663156713716e-05,8.903669923286684e-06,2.280181273957805e-05,-0.0018863952266587858,0.28015214648331443,1.1157315893339732e-05,4.466956122208676e-11,False,,
robust_pc_rollout,forecast_matched,cascade,mean_smartds_projection_fraction,higher,256,1.0,1.0,0.0,0.0,0.0,0.0,-0.0,0.0,1.0,1.0,False,,
robust_pc_rollout,forecast_matched,cascade,smartds_curtailed_energy_kwh,lower,256,0.0,0.0,0.0,0.0,0.0,0.0,nan,0.0,1.0,1.0,False,,
robust_pc_rollout,forecast_matched,cascade,crew_completion_fraction,higher,256,0.7849525396791357,0.7786024685018531,0.006350071177282621,0.006350071177282621,0.0037365497925958193,0.009299738791237189,-0.8155729572115411,0.27668349770987377,1.4182602517236291e-05,5.244286980351031e-05,False,,
robust_pc_rollout,forecast_matched,cascade,crew_mean_completion_h,lower,256,3.3709795158593066,3.411172749951464,-0.040193234092158026,-0.040193234092158026,-0.06578385877582159,-0.015878557480039364,1.178281987997527,-0.19817804319666632,0.001705835253250836,0.3895105630023923,False,,
robust_pc_rollout,forecast_matched,cascade,crew_total_travel_h,lower,256,3.292578125,3.3326171875000004,-0.04003906250000001,-0.04003906250000001,-0.08086263020833336,0.0004557291666666533,1.2014299947254294,-0.1217787694683879,0.05245678507967,0.16593698508548582,False,,
robust_pc_rollout,forecast_matched,cascade,latency_ms,lower,256,193.57509042462576,47.132935096669826,146.44215532795596,146.44215532795596,144.75333102425338,148.1392544465886,-310.70026729208047,10.654678202987462,9.481427641115499e-265,9.640418513895798e-44,False,,
robust_pc_rollout,forecast_matched,ood,cost,lower,256,1654.3532410878688,1664.8330234708264,-10.479782382957637,-10.479782382957637,-16.261533610825428,-4.784822750696913,0.6294794874449028,-0.22204510797214083,0.00045408507966480276,6.141467756068115e-05,True,0.0013622552389944082,0.0001228293551213623
robust_pc_rollout,forecast_matched,ood,mobility_delay,lower,256,12.188734006667985,12.313033484754897,-0.12429947808691111,-0.12429947808691111,-0.308469923376386,0.0715594436999989,1.0094951681956335,-0.08057397246204968,0.1985024706035948,0.004875558793871107,False,,
robust_pc_rollout,forecast_matched,ood,unserved_energy,lower,256,297.52776528330287,297.9185001825099,-0.3907348992070183,-0.3907348992070183,-0.7145744650304551,-0.06342696749052318,0.13115496317538103,-0.14722152073248793,0.019253409712578284,2.0596323780085016e-05,False,,
robust_pc_rollout,forecast_matched,ood,comm_loss,lower,256,231.24454772332683,234.1470365622081,-2.902488838881254,-2.902488838881254,-4.2482763876905665,-1.5943917260970921,1.2396009283295466,-0.26989246379075094,2.2533744621132992e-05,9.578469502358466e-06,False,,
robust_pc_rollout,forecast_matched,ood,power_service_loss,lower,256,65.34822739201516,65.53634922373129,-0.18812183171613128,-0.18812183171613128,-1.1826412677416784,0.8367032607828666,0.28704960521055495,-0.022979855649675862,0.7134185641336683,0.12299314678298597,False,,
robust_pc_rollout,forecast_matched,ood,min_voltage_pu,higher,256,0.9890558262673261,0.98905274125763,3.085009696199466e-06,3.085009696199466e-06,-1.1796593106073376e-06,8.068684258206394e-06,-0.0003119155902926594,0.0813848176927463,0.1940376326148759,0.0005947166327592863,False,,
robust_pc_rollout,forecast_matched,ood,voltage_violation_pu_hours,lower,256,0.0,0.0,0.0,0.0,0.0,0.0,nan,0.0,1.0,1.0,False,,
robust_pc_rollout,forecast_matched,ood,thermal_overload_pu_hours,lower,256,0.0,0.0,0.0,0.0,0.0,0.0,nan,0.0,1.0,1.0,False,,
robust_pc_rollout,forecast_matched,ood,losses_mwh,lower,256,0.8418084863156928,0.8417945573493772,1.3928966315605081e-05,1.3928966315605081e-05,-1.4663567981034638e-06,2.8939753142253032e-05,-0.0016546752641718521,0.11218489940697957,0.07384450699585103,5.252578250979927e-07,False,,
robust_pc_rollout,forecast_matched,ood,mean_smartds_projection_fraction,higher,256,1.0,1.0,0.0,0.0,0.0,0.0,-0.0,0.0,1.0,1.0,False,,
robust_pc_rollout,forecast_matched,ood,smartds_curtailed_energy_kwh,lower,256,0.0,0.0,0.0,0.0,0.0,0.0,nan,0.0,1.0,1.0,False,,
robust_pc_rollout,forecast_matched,ood,crew_completion_fraction,higher,256,0.742875244015617,0.7376804388208118,0.005194805194805196,0.005194805194805196,0.002781723484848486,0.007710193452380953,-0.7042080718731181,0.25453061905752605,6.212264684439214e-05,0.0001305436423677796,False,,
robust_pc_rollout,forecast_matched,ood,crew_mean_completion_h,lower,256,3.22597488192224,3.3048271515986016,-0.07885226967636155,-0.07885226967636155,-0.10592078092472883,-0.05274137873964538,2.385972580690623,-0.36608335471630016,1.4447963055198536e-08,1.828919062075011e-06,False,,
robust_pc_rollout,forecast_matched,ood,crew_total_travel_h,lower,256,3.2306640625,3.253580729166667,-0.02291666666666668,-0.02291666666666668,-0.06002766927083334,0.014324544270833293,0.7043521760880443,-0.07514583015967063,0.23034970508263722,0.16288155607486554,False,,
robust_pc_rollout,forecast_matched,ood,latency_ms,lower,256,193.90731393286842,47.23378222994748,146.6735317029209,146.6735317029209,144.88322438245024,148.48027178867747,-310.5267560172769,10.03240570968345,3.8022022019770276e-258,9.640418513895798e-44,False,,
robust_pc_rollout,pc_rollout,all,cost,lower,1024,1006.4971534306713,1004.224801655527,2.272351775144342,2.272351775144342,1.5476027719992924,3.080486938567159,-0.22627919280605588,0.1815447960587373,8.364054615002579e-09,1.1833073805390712e-11,False,,
robust_pc_rollout,pc_rollout,all,mobility_delay,lower,1024,5.462215355736158,5.456913393024546,0.005301962711611985,0.005301962711611985,-0.017068723442089626,0.02897270128730177,-0.09716047020994265,0.014202225206321252,0.6495861255080395,0.7140066154728504,False,,
robust_pc_rollout,pc_rollout,all,unserved_energy,lower,1024,273.96941210688965,273.8977407463681,0.0716713605215773,0.0716713605215773,0.027665816541411915,0.12279993234405992,-0.026167196679415354,0.09239749047721328,0.0031807070767164,0.014535707648778524,False,,
robust_pc_rollout,pc_rollout,all,comm_loss,lower,1024,77.76984668866498,77.22504857732565,0.5447981113393325,0.5447981113393325,0.3801280481100548,0.7220182751727406,-0.7054681367973822,0.19631004211071829,4.938141538802741e-10,5.101974886502525e-13,False,,
robust_pc_rollout,pc_rollout,all,power_service_loss,lower,1024,24.359248285139856,24.19117993295277,0.1680683521870869,0.1680683521870869,0.05804221740973508,0.29692751087637126,-0.6947505357444238,0.08522075069394762,0.00649937631519652,0.03391520519881502,False,,
robust_pc_rollout,pc_rollout,all,min_voltage_pu,higher,1024,0.9889896567144916,0.9889892821713319,3.7454315964424896e-07,3.7454315964424896e-07,-1.072927634941591e-07,1.0756717540349811e-06,-3.787130623113905e-05,0.03822448383116718,0.22154208957832922,0.6353426689150619,False,,
robust_pc_rollout,pc_rollout,all,voltage_violation_pu_hours,lower,1024,0.0,0.0,0.0,0.0,0.0,0.0,nan,0.0,1.0,1.0,False,,
robust_pc_rollout,pc_rollout,all,thermal_overload_pu_hours,lower,1024,0.0,0.0,0.0,0.0,0.0,0.0,nan,0.0,1.0,1.0,False,,
robust_pc_rollout,pc_rollout,all,losses_mwh,lower,1024,0.8427774483804359,0.8427806223938108,-3.1740133749063194e-06,-3.1740133749063194e-06,-5.619684781828547e-06,-1.1331464535551558e-06,0.0003766120495142543,-0.084893790480723,0.0067068742326356085,0.08698271817016705,False,,
robust_pc_rollout,pc_rollout,all,mean_smartds_projection_fraction,higher,1024,1.0,1.0,0.0,0.0,0.0,0.0,-0.0,0.0,1.0,1.0,False,,
robust_pc_rollout,pc_rollout,all,smartds_curtailed_energy_kwh,lower,1024,0.0,0.0,0.0,0.0,0.0,0.0,nan,0.0,1.0,1.0,False,,
robust_pc_rollout,pc_rollout,all,crew_completion_fraction,higher,1024,0.8229498789278082,0.8225447972384168,0.00040508168939149404,0.00040508168939149404,-8.697470782975302e-05,0.0009465824288956733,-0.049247371176804125,0.0480444798439688,0.12449889354221809,0.16625155911035394,False,,
robust_pc_rollout,pc_rollout,all,crew_mean_completion_h,lower,1024,3.0857316252090037,3.090189564762216,-0.004457939553212401,-0.004457939553212401,-0.010054317683172326,0.0008141987454041396,0.1442610383533358,-0.04944364448990563,0.11391378514343528,0.3328727875962244,False,,
robust_pc_rollout,pc_rollout,all,crew_total_travel_h,lower,1024,2.9311360677083336,2.9412434895833335,-0.010107421875000001,-0.010107421875000001,-0.01915690104166666,-0.0013509114583333348,0.34364451330861606,-0.07117786835185139,0.022950575154477754,0.05707270594010351,False,,
robust_pc_rollout,pc_rollout,all,latency_ms,lower,1024,193.98163838195615,54.786095461092074,139.19554292086409,139.19554292086409,138.3345809043817,140.06365820746774,-254.07093122691654,9.97485470127799,0.0,4.0561928102046334e-169,False,,
robust_pc_rollout,pc_rollout,nominal,cost,lower,256,604.1269471845515,604.1255911444129,0.0013560401387020578,0.0013560401387020578,9.371682469054931e-06,0.0030706933416284254,-0.00022446328355884928,0.10801148965040108,0.08516583106709327,0.168792724609375,False,,
robust_pc_rollout,pc_rollout,nominal,mobility_delay,lower,256,1.2654248197637132,1.2653603389167545,6.448084695875878e-05,6.448084695875878e-05,-5.735031732001517e-06,0.00015111883874396878,-0.005095848587601483,0.09944998289597705,0.11280353461231599,0.6376953125,False,,
robust_pc_rollout,pc_rollout,nominal,unserved_energy,lower,256,228.67082960699918,228.67043019231642,0.0003994146827608347,0.0003994146827608347,-1.790455426089465e-05,0.0009213923767674711,-0.00017466826927509558,0.10235774125324994,0.10271266498227385,0.1454315185546875,False,,
robust_pc_rollout,pc_rollout,nominal,comm_loss,lower,256,4.2741920002154075,4.274059785821009,0.00013221439439803362,0.00013221439439803362,-6.0604835744015874e-05,0.0004736282513476908,-0.0030934147162996785,0.051054706190081484,0.41476219767275035,0.275390625,False,,
robust_pc_rollout,pc_rollout,nominal,power_service_loss,lower,256,0.00036887218327989713,0.00036958864046869567,-7.16457188798536e-07,-7.16457188798536e-07,-3.001929826731975e-06,1.0272351682799602e-06,0.19385259998520443,-0.04288634240655783,0.4932221008684722,0.6953125,False,,
robust_pc_rollout,pc_rollout,nominal,min_voltage_pu,higher,256,0.9888645247519408,0.9888645262811258,-1.529185049854026e-09,-1.529185049854026e-09,-5.629078920989152e-09,1.1145229047927917e-09,1.5464050021137998e-07,-0.05349708534958159,0.39282715473777485,0.7257407903671265,False,,
robust_pc_rollout,pc_rollout,nominal,voltage_violation_pu_hours,lower,256,0.0,0.0,0.0,0.0,0.0,0.0,nan,0.0,1.0,1.0,False,,
robust_pc_rollout,pc_rollout,nominal,thermal_overload_pu_hours,lower,256,0.0,0.0,0.0,0.0,0.0,0.0,nan,0.0,1.0,1.0,False,,
robust_pc_rollout,pc_rollout,nominal,losses_mwh,lower,256,0.8433823136372818,0.8433823365331514,-2.2895869760015952e-08,-2.2895869760015952e-08,-4.7860993983251875e-08,-2.5443010531105593e-09,2.7147675221813196e-06,-0.12270163543974832,0.05070669201565211,0.04873377612107273,False,,
robust_pc_rollout,pc_rollout,nominal,mean_smartds_projection_fraction,higher,256,1.0,1.0,0.0,0.0,0.0,0.0,-0.0,0.0,1.0,1.0,False,,
robust_pc_rollout,pc_rollout,nominal,smartds_curtailed_energy_kwh,lower,256,0.0,0.0,0.0,0.0,0.0,0.0,nan,0.0,1.0,1.0,False,,
robust_pc_rollout,pc_rollout,nominal,crew_completion_fraction,higher,256,0.9389601672721891,0.9387410865843584,0.00021908068783068778,0.00021908068783068778,-0.00041335978835978877,0.0009548611111111116,-0.023337711639725964,0.03894016449401911,0.5338133247525495,0.75,False,,
robust_pc_rollout,pc_rollout,nominal,crew_mean_completion_h,lower,256,2.250203380582834,2.242190304062158,0.008013076520675896,0.008013076520675896,0.0025756507804566677,0.014729347852356446,-0.35737718186358536,0.1581075651994694,0.012018411570372785,0.00457763671875,False,,
robust_pc_rollout,pc_rollout,nominal,crew_total_travel_h,lower,256,1.8413411458333333,1.8446614583333334,-0.0033203125000000003,-0.0033203125000000003,-0.010872395833333336,0.003841145833333331,0.179995764805534,-0.05459975018874414,0.3831602417736186,0.5134418724376776,False,,
robust_pc_rollout,pc_rollout,nominal,latency_ms,lower,256,193.52382168957166,54.24178997175962,139.28203171781206,139.28203171781206,137.59752728835034,140.96332299139553,-256.7799325765755,10.041421265538844,3.0306076905911076e-258,9.640418513895798e-44,False,,
robust_pc_rollout,pc_rollout,single_domain,cost,lower,256,701.8777262215365,701.8902552536174,-0.012529032080855984,-0.012529032080855984,-0.06296084230580731,0.03655289879999515,0.0017850414629746938,-0.03028608943793657,0.6283920893580905,0.8263502409681678,False,,
robust_pc_rollout,pc_rollout,single_domain,mobility_delay,lower,256,2.004197866210908,2.001614024260383,0.0025838419505248567,0.0025838419505248567,-0.007716734508358058,0.013541493677169563,-0.12908792200732172,0.029742513650933392,0.6345671498208624,0.7450922578573227,False,,
robust_pc_rollout,pc_rollout,single_domain,unserved_energy,lower,256,262.4533743815264,262.46450862742495,-0.01113424589857459,-0.01113424589857459,-0.02706383658805862,0.0033441443229094135,0.004242191051583259,-0.08891583493760628,0.15605880763593938,0.28651781333610415,False,,
robust_pc_rollout,pc_rollout,single_domain,comm_loss,lower,256,6.15789294563001,6.157208595832344,0.0006843497976660728,0.0006843497976660728,-0.011514389995136298,0.01186091180425137,-0.011114611223814824,0.007232947539042229,0.9079598610312991,0.5303222090005875,False,,
robust_pc_rollout,pc_rollout,single_domain,power_service_loss,lower,256,3.559968052125295,3.556223715428508,0.0037443366967870872,0.0037443366967870872,-0.027247563976391206,0.03339850328936675,-0.10528968356356379,0.015748720839374016,0.8012598518026911,0.336907590739429,False,,
robust_pc_rollout,pc_rollout,single_domain,min_voltage_pu,higher,256,0.9889592144161704,0.9889591114276481,1.0298852223464272e-07,1.0298852223464272e-07,-5.5130531377610774e-08,3.1847865875039414e-07,-1.0413830161893132e-05,0.06694793880935698,0.28510710858901894,0.8544487231305311,False,,
robust_pc_rollout,pc_rollout,single_domain,voltage_violation_pu_hours,lower,256,0.0,0.0,0.0,0.0,0.0,0.0,nan,0.0,1.0,1.0,False,,
robust_pc_rollout,pc_rollout,single_domain,thermal_overload_pu_hours,lower,256,0.0,0.0,0.0,0.0,0.0,0.0,nan,0.0,1.0,1.0,False,,
robust_pc_rollout,pc_rollout,single_domain,losses_mwh,lower,256,0.8432555481199622,0.8432549945635301,5.535564320318861e-07,5.535564320318861e-07,-8.684687356573906e-08,1.2508433800626215e-06,-6.564520051475149e-05,0.1018569781248972,0.10439706931611299,0.04726098383004076,False,,
robust_pc_rollout,pc_rollout,single_domain,mean_smartds_projection_fraction,higher,256,1.0,1.0,0.0,0.0,0.0,0.0,-0.0,0.0,1.0,1.0,False,,
robust_pc_rollout,pc_rollout,single_domain,smartds_curtailed_energy_kwh,lower,256,0.0,0.0,0.0,0.0,0.0,0.0,nan,0.0,1.0,1.0,False,,
robust_pc_rollout,pc_rollout,single_domain,crew_completion_fraction,higher,256,0.8250115647442913,0.8242613603412228,0.0007502044030686214,0.0007502044030686214,-0.0005713958887538764,0.0023217871339846117,-0.09101535497891788,0.06372366559402219,0.30889467058841535,0.2570751144515848,False,,
robust_pc_rollout,pc_rollout,single_domain,crew_mean_completion_h,lower,256,3.4957687224716354,3.498071057520058,-0.0023023350484228343,-0.0023023350484228343,-0.02036459858996409,0.0136209867406262,0.06581727502285402,-0.016817520175341966,0.7880854588874447,0.19647399161476642,False,,
robust_pc_rollout,pc_rollout,single_domain,crew_total_travel_h,lower,256,3.3599609375,3.3847005208333334,-0.024739583333333336,-0.024739583333333336,-0.045507812499999994,-0.0057291666666666715,0.7309238492758083,-0.15282152366145968,0.015156667113539357,0.016277601688670804,False,,
robust_pc_rollout,pc_rollout,single_domain,latency_ms,lower,256,194.92032748075871,55.12118047075394,139.79914701000476,139.79914701000476,138.0703553948706,141.4598607909511,-253.6214678569503,10.08354283252143,1.053048689188091e-258,9.640418513895798e-44,False,,
robust_pc_rollout,pc_rollout,cascade,cost,lower,256,1065.6306992287282,1064.9975325299893,0.6331666987389326,0.6331666987389326,0.18222008869051934,1.144233902404084,-0.05945240992575758,0.16137731797921587,0.010380587652361517,0.00665283203125,False,,
robust_pc_rollout,pc_rollout,cascade,mobility_delay,lower,256,6.390504730302026,6.381533207186847,0.00897152311517857,0.00897152311517857,-0.007849896107654785,0.029130103090938064,-0.14058569976686622,0.059782289815841404,0.3397172190568164,0.632171630859375,False,,
robust_pc_rollout,pc_rollout,cascade,unserved_energy,lower,256,307.2256791557302,307.18526143516647,0.040417720563709736,0.040417720563709736,0.006589231477119029,0.08131107201334085,-0.01315744133519901,0.1338585073712843,0.033162449645419666,0.0714111328125,False,,
robust_pc_rollout,pc_rollout,cascade,comm_loss,lower,256,69.40275408548769,69.26480873522814,0.13794535025954247,0.13794535025954247,0.03956134762265719,0.24694216835778204,-0.19915647321983196,0.164261885005427,0.00910473670736698,0.0128631591796875,False,,
robust_pc_rollout,pc_rollout,cascade,power_service_loss,lower,256,28.52842882423569,28.437357739842938,0.0910710843927518,0.0910710843927518,-0.026370920213958014,0.22222220610801735,-0.32025156917147113,0.09220302919012525,0.14137938064701605,0.190093994140625,False,,
robust_pc_rollout,pc_rollout,cascade,min_voltage_pu,higher,256,0.9890790614225289,0.9890794193349322,-3.579124031576758e-07,-3.579124031576758e-07,-1.0876550728228913e-06,4.282837524723817e-08,3.6186417001613485e-05,-0.0650086721024158,0.29926063721082763,0.5112330088595627,False,,
robust_pc_rollout,pc_rollout,cascade,voltage_violation_pu_hours,lower,256,0.0,0.0,0.0,0.0,0.0,0.0,nan,0.0,1.0,1.0,False,,
robust_pc_rollout,pc_rollout,cascade,thermal_overload_pu_hours,lower,256,0.0,0.0,0.0,0.0,0.0,0.0,nan,0.0,1.0,1.0,False,,
robust_pc_rollout,pc_rollout,cascade,losses_mwh,lower,256,0.8426634454488067,0.8426645117554438,-1.0663066370660869e-06,-1.0663066370660869e-06,-2.6028427899465415e-06,2.3100537446890881e-07,0.0001265398770436826,-0.09245932638657132,0.14028128624657502,0.027170763852546957,False,,
robust_pc_rollout,pc_rollout,cascade,mean_smartds_projection_fraction,higher,256,1.0,1.0,0.0,0.0,0.0,0.0,-0.0,0.0,1.0,1.0,False,,
robust_pc_rollout,pc_rollout,cascade,smartds_curtailed_energy_kwh,lower,256,0.0,0.0,0.0,0.0,0.0,0.0,nan,0.0,1.0,1.0,False,,
robust_pc_rollout,pc_rollout,cascade,crew_completion_fraction,higher,256,0.7849525396791357,0.7840844841235801,0.0008680555555555564,0.0008680555555555564,1.734723475976807e-18,0.0019531250000000017,-0.11070944179259407,0.10700165161471051,0.08810755553887936,0.03125,False,,
robust_pc_rollout,pc_rollout,cascade,crew_mean_completion_h,lower,256,3.3709795158593066,3.3768826392663787,-0.0059031234070727415,-0.0059031234070727415,-0.013825414476426242,0.0006349496388379404,0.1748098479476676,-0.09896509285287447,0.11456027725667053,0.2068939208984375,False,,
robust_pc_rollout,pc_rollout,cascade,crew_total_travel_h,lower,256,3.292578125,3.3072265625,-0.014648437500000007,-0.014648437500000007,-0.03430989583333334,0.002408854166666658,0.44292210476584204,-0.09576864577522456,0.12668849498182164,0.23630133663515873,False,,
robust_pc_rollout,pc_rollout,cascade,latency_ms,lower,256,193.57509042462576,54.706190627257456,138.86889979736833,138.86889979736833,137.24379417327174,140.48987393959274,-253.84494552646962,10.300143287851066,4.909547185632028e-261,9.640418513895798e-44,False,,
robust_pc_rollout,pc_rollout,ood,cost,lower,256,1654.3532410878688,1645.8858276940882,8.467413393780589,8.467413393780589,5.768905349355191,11.484042123937977,-0.5144593416691343,0.3573960697589868,3.001200820433883e-08,8.353433436939688e-10,False,,
robust_pc_rollout,pc_rollout,ood,mobility_delay,lower,256,12.188734006667985,12.1791460017342,0.009588004933785754,0.009588004933785754,-0.0799850679222124,0.09976710046170316,-0.07872477210159488,0.013182916032835569,0.8331129619987051,0.940145439269827,False,,
robust_pc_rollout,pc_rollout,ood,unserved_energy,lower,256,297.52776528330287,297.27076273056446,0.2570025527384132,0.2570025527384132,0.08768355179345236,0.45028390403604135,-0.08645402944363927,0.17097384866063767,0.006664300019081754,0.007552701063904588,False,,
robust_pc_rollout,pc_rollout,ood,comm_loss,lower,256,231.24454772332683,229.2041171924211,2.0404305309057236,2.0404305309057236,1.4378415171522647,2.6994491330115125,-0.8902242053500043,0.3914055400145137,1.5990516587691395e-09,4.4252717603249863e-10,False,,
robust_pc_rollout,pc_rollout,ood,power_service_loss,lower,256,65.34822739201516,64.77076868789916,0.5774587041159975,0.5774587041159975,0.14190920604269194,1.0836039674362836,-0.8915421505934383,0.15248374919820665,0.015379903636624424,0.060701401498306495,False,,
robust_pc_rollout,pc_rollout,ood,min_voltage_pu,higher,256,0.9890558262673261,0.9890540716416216,1.754625704549883e-06,1.754625704549883e-06,9.192053083314753e-08,4.415407453840887e-06,-0.00017740442659900014,0.09381183166471016,0.13459550543244378,0.11633118561458809,False,,
robust_pc_rollout,pc_rollout,ood,voltage_violation_pu_hours,lower,256,0.0,0.0,0.0,0.0,0.0,0.0,nan,0.0,1.0,1.0,False,,
robust_pc_rollout,pc_rollout,ood,thermal_overload_pu_hours,lower,256,0.0,0.0,0.0,0.0,0.0,0.0,nan,0.0,1.0,1.0,False,,
robust_pc_rollout,pc_rollout,ood,losses_mwh,lower,256,0.8418084863156928,0.8418206467231177,-1.216040742483106e-05,-1.216040742483106e-05,-2.1885479222093413e-05,-4.200280030742385e-06,0.001444536609094446,-0.16647337398944392,0.008223930235670059,0.8921460030790769,False,,
robust_pc_rollout,pc_rollout,ood,mean_smartds_projection_fraction,higher,256,1.0,1.0,0.0,0.0,0.0,0.0,-0.0,0.0,1.0,1.0,False,,
robust_pc_rollout,pc_rollout,ood,smartds_curtailed_energy_kwh,lower,256,0.0,0.0,0.0,0.0,0.0,0.0,nan,0.0,1.0,1.0,False,,
robust_pc_rollout,pc_rollout,ood,crew_completion_fraction,higher,256,0.742875244015617,0.7430922579045058,-0.00021701388888888942,-0.00021701388888888942,-0.0010850694444444454,0.0006510416666666648,0.02920416497150179,-0.031204145243090866,0.6180222387567362,0.61328125,False,,
robust_pc_rollout,pc_rollout,ood,crew_mean_completion_h,lower,256,3.22597488192224,3.24361425820027,-0.017639376278029924,-0.017639376278029924,-0.028187468659522645,-0.007631163240318921,0.5438185577534485,-0.20496124948997,0.0011852641812135042,0.000606318835535358,False,,
robust_pc_rollout,pc_rollout,ood,crew_total_travel_h,lower,256,3.2306640625,3.2283854166666663,0.0022786458333333426,0.0022786458333333426,-0.018033854166666655,0.022200520833333348,-0.07058159232072304,0.013826674497232938,0.8250928924281724,0.8074283642923145,False,,
robust_pc_rollout,pc_rollout,ood,latency_ms,lower,256,193.90731393286842,55.075220774597256,138.83209315827116,138.83209315827116,137.06804757262793,140.6358267678797,-252.07723401865272,9.485379365706416,5.312238552956089e-252,9.640418513895798e-44,False,,
robust_pc_rollout,static,all,cost,lower,1024,1006.4971534306713,1090.2504059946552,-83.75325256398403,-83.75325256398403,-87.94062774119928,-79.64607374031617,7.682019846401656,-1.2475903376949593,7.292763843124376e-211,4.290553028707018e-161,False,,
robust_pc_rollout,static,all,mobility_delay,lower,1024,5.462215355736158,4.90623846712406,0.5559768886120968,0.5559768886120968,0.45604987356344145,0.6572734162133631,-11.33203965395509,0.3389807019045095,5.028220446055069e-26,1.9520947110138774e-39,False,,
robust_pc_rollout,static,all,unserved_energy,lower,1024,273.96941210688965,284.37135237479015,-10.4019402679005,-10.4019402679005,-11.189776720098052,-9.625354462174437,3.657872067996201,-0.8177073335848932,5.868499820239364e-116,1.597191009436187e-113,False,,
robust_pc_rollout,static,all,comm_loss,lower,1024,77.76984668866498,99.94879954175849,-22.178952853093506,-22.178952853093506,-23.58975017847788,-20.84854044765634,22.19031439574936,-0.9992492671019235,4.251144377875529e-156,6.422702040945065e-141,False,,
robust_pc_rollout,static,all,power_service_loss,lower,1024,24.359248285139856,24.551138598905965,-0.19189031376610494,-0.19189031376610494,-0.5991150011588894,0.2119402610185633,0.7815943565837548,-0.029234087316342135,0.34975619652081313,0.0001308546904681075,False,,
robust_pc_rollout,static,all,min_voltage_pu,higher,1024,0.9889896567144916,0.9890609948961657,-7.133818167413992e-05,-7.133818167413992e-05,-8.129658756782319e-05,-6.199126826323225e-05,0.007212718127826808,-0.4535179657412905,1.5550264071409775e-43,1.9278565178013236e-78,False,,
robust_pc_rollout,static,all,voltage_violation_pu_hours,lower,1024,0.0,0.0,0.0,0.0,0.0,0.0,nan,0.0,1.0,1.0,False,,
robust_pc_rollout,static,all,thermal_overload_pu_hours,lower,1024,0.0,0.0,0.0,0.0,0.0,0.0,nan,0.0,1.0,1.0,False,,
robust_pc_rollout,static,all,losses_mwh,lower,1024,0.8427774483804359,0.8423073246304916,0.0004701237499442287,0.0004701237499442287,0.00043691175153246886,0.0005038201579071504,-0.05581380289557204,0.8624608633699086,9.08096731735741e-126,5.679723203936805e-121,False,,
robust_pc_rollout,static,all,mean_smartds_projection_fraction,higher,1024,1.0,1.0,0.0,0.0,0.0,0.0,-0.0,0.0,1.0,1.0,False,,
robust_pc_rollout,static,all,smartds_curtailed_energy_kwh,lower,1024,0.0,0.0,0.0,0.0,0.0,0.0,nan,0.0,1.0,1.0,False,,
robust_pc_rollout,static,all,crew_completion_fraction,higher,1024,0.8229498789278082,0.8179173155925664,0.005032563335241862,0.005032563335241862,0.00332529484760898,0.0067168826884776755,-0.6152899858338199,0.18194196224342243,7.770947520697426e-09,6.157241289332027e-07,False,,
robust_pc_rollout,static,all,crew_mean_completion_h,lower,1024,3.0857316252090037,3.1236456084651083,-0.03791398325610434,-0.03791398325610434,-0.05350746216543012,-0.022617656272479393,1.2137735200612096,-0.14927146423213908,2.0421203934655497e-06,0.00023316180676901662,False,,
robust_pc_rollout,static,all,crew_total_travel_h,lower,1024,2.9311360677083336,2.9887369791666667,-0.057600911458333334,-0.057600911458333334,-0.080257568359375,-0.03556274414062501,1.9272659942928092,-0.15856960286036217,4.6190283372488236e-07,5.421521505605402e-06,False,,
robust_pc_rollout,static,all,latency_ms,lower,1024,193.98163838195615,0.79834780164371,193.18329058031242,193.18329058031242,192.36939581261558,193.99917680857092,-24197.885956793438,14.754106242595256,0.0,4.0561906335958366e-169,False,,
robust_pc_rollout,static,nominal,cost,lower,256,604.1269471845515,653.5353952957548,-49.40844811120327,-49.40844811120327,-54.775747190164125,-44.196989781023426,7.560179367001794,-1.1451291729019284,2.015754408324572e-48,2.8087221594221393e-40,False,,
robust_pc_rollout,static,nominal,mobility_delay,lower,256,1.2654248197637132,0.6575246634743026,0.6079001562894109,0.6079001562894109,0.49762279005374155,0.72023833369558,-92.45282953757503,0.660353887630098,7.030755309645263e-22,5.888085541834617e-25,False,,
robust_pc_rollout,static,nominal,unserved_energy,lower,256,228.67082960699918,245.64762621745467,-16.976796610455494,-16.976796610455494,-18.808889654686208,-15.206185308682326,6.91103629693825,-1.1414332876035032,3.222626975929702e-48,3.5581923333356616e-41,False,,
robust_pc_rollout,static,nominal,comm_loss,lower,256,4.2741920002154075,8.014910431928001,-3.740718431712594,-3.740718431712594,-4.727277738039265,-2.825389051280218,46.671992949679876,-0.483007924666683,2.512005525080388e-13,1.243412631354513e-12,False,,
robust_pc_rollout,static,nominal,power_service_loss,lower,256,0.00036887218327989713,0.000393125959801385,-2.4253776521487858e-05,-2.4253776521487858e-05,-9.086543372904882e-05,4.134005682422364e-05,6.169467041490047,-0.045650473342533575,0.4658116022400295,0.5910425328659759,False,,
robust_pc_rollout,static,nominal,min_voltage_pu,higher,256,0.9888645247519408,0.9889865436221821,-0.0001220188702414078,-0.0001220188702414078,-0.00014734240561721667,-9.829285545699712e-05,0.01233776849930752,-0.6014121790181886,6.730659549171059e-19,1.7232221553961292e-29,False,,
robust_pc_rollout,static,nominal,voltage_violation_pu_hours,lower,256,0.0,0.0,0.0,0.0,0.0,0.0,nan,0.0,1.0,1.0,False,,
robust_pc_rollout,static,nominal,thermal_overload_pu_hours,lower,256,0.0,0.0,0.0,0.0,0.0,0.0,nan,0.0,1.0,1.0,False,,
robust_pc_rollout,static,nominal,losses_mwh,lower,256,0.8433823136372818,0.8426170784469342,0.0007652351903475159,0.0007652351903475159,0.0006874405190855427,0.0008438611516298207,-0.09081648235257177,1.1981219911911107,2.476168410481111e-51,5.2148855453397835e-42,False,,
robust_pc_rollout,static,nominal,mean_smartds_projection_fraction,higher,256,1.0,1.0,0.0,0.0,0.0,0.0,-0.0,0.0,1.0,1.0,False,,
robust_pc_rollout,static,nominal,smartds_curtailed_energy_kwh,lower,256,0.0,0.0,0.0,0.0,0.0,0.0,nan,0.0,1.0,1.0,False,,
robust_pc_rollout,static,nominal,crew_completion_fraction,higher,256,0.9389601672721891,0.9394749619491328,-0.00051479467694375,-0.00051479467694375,-0.0032483661643687733,0.002273216286088169,0.0547959975299079,-0.023033564836764702,0.7127786065623971,0.9302754013087975,False,,
robust_pc_rollout,static,nominal,crew_mean_completion_h,lower,256,2.250203380582834,2.189069429160275,0.061133951422558945,0.061133951422558945,0.03805421104513411,0.08557142396045123,-2.7926912965026367,0.315985343202213,8.192732672503534e-07,2.82287314979007e-07,False,,
robust_pc_rollout,static,nominal,crew_total_travel_h,lower,256,1.8413411458333333,1.8615234375,-0.020182291666666678,-0.020182291666666678,-0.04798177083333335,0.007552083333333314,1.0841814430105277,-0.08869249130227833,0.1570968896457747,0.3841630722686934,False,,
robust_pc_rollout,static,nominal,latency_ms,lower,256,193.52382168957166,0.7415925792884082,192.78222911028328,192.78222911028328,191.1796524795515,194.40401546577655,-25995.706334503324,14.614103022637446,1.6142343657227e-299,9.640418513895798e-44,False,,
robust_pc_rollout,static,single_domain,cost,lower,256,701.8777262215365,752.5437647801284,-50.66603855859188,-50.66603855859188,-55.78608654713447,-45.52869977016527,6.732636815268151,-1.2184984637681544,1.9085360219731027e-52,4.6598301874013504e-40,False,,
robust_pc_rollout,static,single_domain,mobility_delay,lower,256,2.004197866210908,1.4263799673587978,0.57781789885211,0.57781789885211,0.4378696332531536,0.717000729252997,-40.50939525756556,0.48784339769982765,1.5332471230285618e-13,3.1175676992732787e-16,False,,
robust_pc_rollout,static,single_domain,unserved_energy,lower,256,262.4533743815264,277.20103931985795,-14.747664938331582,-14.747664938331582,-16.31636198781198,-13.252651974567561,5.320205499415347,-1.182346676132872,1.8111413909713797e-50,2.5446176100567526e-39,False,,
robust_pc_rollout,static,single_domain,comm_loss,lower,256,6.15789294563001,13.015633293049177,-6.857740347419167,-6.857740347419167,-8.008725376198708,-5.766762054031278,52.68848770563819,-0.7291894583759373,1.7327138422767377e-25,5.358790375328502e-29,False,,
robust_pc_rollout,static,single_domain,power_service_loss,lower,256,3.559968052125295,3.9471418830642384,-0.3871738309389426,-0.3871738309389426,-0.725511893756316,-0.06862156633172754,9.808966650025067,-0.14731542457785207,0.019177386045376395,0.003105216246513384,False,,
robust_pc_rollout,static,single_domain,min_voltage_pu,higher,256,0.9889592144161704,0.9890486355274708,-8.942111130045682e-05,-8.942111130045682e-05,-0.00011303191124635357,-6.805698207216139e-05,0.009041123771710936,-0.48379909096834417,2.317531218709272e-13,3.789312204332254e-27,False,,
robust_pc_rollout,static,single_domain,voltage_violation_pu_hours,lower,256,0.0,0.0,0.0,0.0,0.0,0.0,nan,0.0,1.0,1.0,False,,
robust_pc_rollout,static,single_domain,thermal_overload_pu_hours,lower,256,0.0,0.0,0.0,0.0,0.0,0.0,nan,0.0,1.0,1.0,False,,
robust_pc_rollout,static,single_domain,losses_mwh,lower,256,0.8432555481199622,0.8426069740753803,0.0006485740445818576,0.0006485740445818576,0.0005867582212536235,0.0007140470154090859,-0.07697230909981,1.2342714201446716,2.64032773526574e-53,1.0752719175591006e-40,False,,
robust_pc_rollout,static,single_domain,mean_smartds_projection_fraction,higher,256,1.0,1.0,0.0,0.0,0.0,0.0,-0.0,0.0,1.0,1.0,False,,
robust_pc_rollout,static,single_domain,smartds_curtailed_energy_kwh,lower,256,0.0,0.0,0.0,0.0,0.0,0.0,nan,0.0,1.0,1.0,False,,
robust_pc_rollout,static,single_domain,crew_completion_fraction,higher,256,0.8250115647442913,0.8220355286718984,0.0029760360723928804,0.0029760360723928804,-0.0009463334704030976,0.007001400897036308,-0.3620325361363687,0.09132239934023553,0.14520308297196566,0.29988638040344684,False,,
robust_pc_rollout,static,single_domain,crew_mean_completion_h,lower,256,3.4957687224716354,3.5283488445579665,-0.03258012208633144,-0.03258012208633144,-0.06877464306740846,0.0039301961236894575,0.9233815453532088,-0.1089221237869534,0.0825820667152311,0.23922342144018593,False,,
robust_pc_rollout,static,single_domain,crew_total_travel_h,lower,256,3.3599609375,3.4192057291666664,-0.05924479166666668,-0.05924479166666668,-0.1126953125,-0.005856119791666721,1.7327062586873327,-0.13758538506965803,0.028606278043599175,0.052792233174145727,False,,
robust_pc_rollout,static,single_domain,latency_ms,lower,256,194.92032748075871,0.8301654958510578,194.09016198490764,194.09016198490764,192.51345026520994,195.62195968464948,-23379.695127648363,15.350667825450904,6.11507671722066e-305,9.640335668040601e-44,False,,
robust_pc_rollout,static,cascade,cost,lower,256,1065.6306992287282,1178.2003187849186,-112.56961955619045,-112.56961955619045,-119.83695713582566,-105.34044457390556,9.554370149236068,-1.8967301802122682,1.2842397659076666e-86,1.5601537647151363e-43,False,,
robust_pc_rollout,static,cascade,mobility_delay,lower,256,6.390504730302026,5.955381119540032,0.4351236107619935,0.4351236107619935,0.24282570935888784,0.6351683580087161,-7.30639403302539,0.2736277220849475,1.7486995427346774e-05,8.012019146548335e-05,False,,
robust_pc_rollout,static,cascade,unserved_energy,lower,256,307.2256791557302,315.6057245780248,-8.380045422294643,-8.380045422294643,-9.503679002348509,-7.278884231385018,2.65522605253724,-0.9192816772968309,7.064848374829091e-36,3.9935574861879115e-31,False,,
robust_pc_rollout,static,cascade,comm_loss,lower,256,69.40275408548769,104.01867567407317,-34.61592158858548,-34.61592158858548,-36.441920620035674,-32.808855813783886,33.27856403118345,-2.311467023864337,1.823534906128577e-104,9.640418513895798e-44,False,,
robust_pc_rollout,static,cascade,power_service_loss,lower,256,28.52842882423569,29.20645774286743,-0.6780289186317385,-0.6780289186317385,-1.668260293758302,0.290056599383796,2.321503431196895,-0.08554036427736847,0.17231452410543843,0.18000749946777117,False,,
robust_pc_rollout,static,cascade,min_voltage_pu,higher,256,0.9890790614225289,0.9891291558499447,-5.009442741564507e-05,-5.009442741564507e-05,-6.370649983761923e-05,-3.757021329003313e-05,0.005064498111229937,-0.46345947289044104,1.7937899802827061e-12,9.758905118809127e-24,False,,
robust_pc_rollout,static,cascade,voltage_violation_pu_hours,lower,256,0.0,0.0,0.0,0.0,0.0,0.0,nan,0.0,1.0,1.0,False,,
robust_pc_rollout,static,cascade,thermal_overload_pu_hours,lower,256,0.0,0.0,0.0,0.0,0.0,0.0,nan,0.0,1.0,1.0,False,,
robust_pc_rollout,static,cascade,losses_mwh,lower,256,0.8426634454488067,0.8422900971438803,0.000373348304926436,0.000373348304926436,0.000325994070228187,0.0004213246509238831,-0.04432538221598734,0.9557847066810242,6.593681575761134e-38,1.9584394185040064e-32,False,,
robust_pc_rollout,static,cascade,mean_smartds_projection_fraction,higher,256,1.0,1.0,0.0,0.0,0.0,0.0,-0.0,0.0,1.0,1.0,False,,
robust_pc_rollout,static,cascade,smartds_curtailed_energy_kwh,lower,256,0.0,0.0,0.0,0.0,0.0,0.0,nan,0.0,1.0,1.0,False,,
robust_pc_rollout,static,cascade,crew_completion_fraction,higher,256,0.7849525396791357,0.7766810746311643,0.008271465047971422,0.008271465047971422,0.004703734654539679,0.011935918701636964,-1.0649757433447742,0.28614120768600615,7.333227517484922e-06,1.720771877894956e-05,False,,
robust_pc_rollout,static,cascade,crew_mean_completion_h,lower,256,3.3709795158593066,3.455863073106434,-0.08488355724712768,-0.08488355724712768,-0.11669169479444606,-0.05394055292372428,2.456218763633678,-0.3262998849098644,3.6979914455698616e-07,8.305276139995714e-06,False,,
robust_pc_rollout,static,cascade,crew_total_travel_h,lower,256,3.292578125,3.3619140625000004,-0.06933593749999999,-0.06933593749999999,-0.11823079427083333,-0.02161295572916668,2.0623947016789628,-0.1736899690784501,0.005857746981060294,0.012944709137882478,False,,
robust_pc_rollout,static,cascade,latency_ms,lower,256,193.57509042462576,0.7952191399454023,192.77987128468035,192.77987128468035,191.26138081508088,194.32057156227526,-24242.358062196054,15.31557495111417,1.093449774834844e-304,9.640418513895798e-44,False,,
robust_pc_rollout,static,ood,cost,lower,256,1654.3532410878688,1776.7221451178193,-122.3689040299505,-122.3689040299505,-132.3308078248054,-112.80453036166728,6.887340508824236,-1.5352566555064462,3.6543668954522056e-69,2.0239211577815778e-42,False,,
robust_pc_rollout,static,ood,mobility_delay,lower,256,12.188734006667985,11.585668118123113,0.6030658885448732,0.6030658885448732,0.3103529056417344,0.9058439928308836,-5.205275020795005,0.2463488656243471,0.00010460137507895118,4.806135433758859e-06,False,,
robust_pc_rollout,static,ood,unserved_energy,lower,256,297.52776528330287,299.03101938382315,-1.5032541005202802,-1.5032541005202802,-2.328850393630637,-0.7164889488049092,0.502708415875334,-0.22836150106455227,0.00031365593561563025,0.0020366278389892787,False,,
robust_pc_rollout,static,ood,comm_loss,lower,256,231.24454772332683,274.7459787679836,-43.50143104465678,-43.50143104465678,-46.01202642903663,-41.04018082581461,15.833327657688011,-2.1353985565404234,3.686924630130075e-97,9.986454270562498e-44,False,,
robust_pc_rollout,static,ood,power_service_loss,lower,256,65.34822739201516,65.05056164373238,0.2976657482827827,0.2976657482827827,-0.9563224727304521,1.5211573471685724,-0.4575913578010787,0.029392928044725333,0.6385520632088597,0.5019828231014907,False,,
robust_pc_rollout,static,ood,min_voltage_pu,higher,256,0.9890558262673261,0.9890796445850651,-2.3818317739050018e-05,-2.3818317739050018e-05,-3.3964443415837524e-05,-1.4090996831452129e-05,0.0024081294028694914,-0.29256371075338883,4.64033039328882e-06,3.4765471839829447e-06,False,,
robust_pc_rollout,static,ood,voltage_violation_pu_hours,lower,256,0.0,0.0,0.0,0.0,0.0,0.0,nan,0.0,1.0,1.0,False,,
robust_pc_rollout,static,ood,thermal_overload_pu_hours,lower,256,0.0,0.0,0.0,0.0,0.0,0.0,nan,0.0,1.0,1.0,False,,
robust_pc_rollout,static,ood,losses_mwh,lower,256,0.8418084863156928,0.8417151488557717,9.33374599211053e-05,9.33374599211053e-05,5.825917339735634e-05,0.00012842834366688565,-0.011088960445584035,0.32195111137928145,5.183587225285101e-07,1.0819129458657416e-05,False,,
robust_pc_rollout,static,ood,mean_smartds_projection_fraction,higher,256,1.0,1.0,0.0,0.0,0.0,0.0,-0.0,0.0,1.0,1.0,False,,
robust_pc_rollout,static,ood,smartds_curtailed_energy_kwh,lower,256,0.0,0.0,0.0,0.0,0.0,0.0,nan,0.0,1.0,1.0,False,,
robust_pc_rollout,static,ood,crew_completion_fraction,higher,256,0.742875244015617,0.7334776971180701,0.0093975468975469,0.0093975468975469,0.006431502525252526,0.012557381854256856,-1.281231445001135,0.38129412115643463,3.898878124987918e-09,2.099567605048096e-08,False,,
robust_pc_rollout,static,ood,crew_mean_completion_h,lower,256,3.22597488192224,3.3213010870357573,-0.09532620511351719,-0.09532620511351719,-0.12249653016694229,-0.0694254910015687,2.8701464460903576,-0.4313640907558285,4.052887414631493e-11,6.307822648199998e-10,False,,
robust_pc_rollout,static,ood,crew_total_travel_h,lower,256,3.2306640625,3.3123046875,-0.08164062500000001,-0.08164062500000001,-0.12656575520833335,-0.037630208333333345,2.4647679698095404,-0.22583941060843812,0.000363948189217014,0.0005582037043757805,False,,
robust_pc_rollout,static,ood,latency_ms,lower,256,193.90731393286842,0.8264139914899716,193.08089994137845,193.08089994137845,191.3845349820576,194.78652382946012,-23363.701719675137,13.85170169513561,1.2960309755274884e-293,9.640418513895798e-44,False,,
robust_pc_rollout,greedy,all,cost,lower,1024,1006.4971534306713,1011.89244511225,-5.395291681578903,-5.395291681578903,-7.077320255389501,-3.7417509648118523,0.5331882560878689,-0.1979868008152577,3.537273909833101e-10,2.9122428283853364e-17,False,,
robust_pc_rollout,greedy,all,mobility_delay,lower,1024,5.462215355736158,5.504393184255445,-0.042177828519286996,-0.042177828519286996,-0.10238983322859047,0.019474289032571625,0.7662575529657082,-0.042517727774728634,0.17395016053142348,2.1123844561491384e-05,False,,
robust_pc_rollout,greedy,all,unserved_energy,lower,1024,273.96941210688965,274.2926302229971,-0.323218116107455,-0.323218116107455,-0.42446826823415906,-0.2273503034903115,0.11783696698109679,-0.19995183635528616,2.3849729822248815e-10,3.4310453192034954e-24,False,,
robust_pc_rollout,greedy,all,comm_loss,lower,1024,77.76984668866498,79.07443159229297,-1.3045849036279833,-1.3045849036279833,-1.6849414699227054,-0.9305879086776259,1.6498188824858215,-0.212162657448689,1.907850337221677e-11,2.6275675817649893e-13,False,,
robust_pc_rollout,greedy,all,power_service_loss,lower,1024,24.359248285139856,24.69521850633859,-0.3359702211987351,-0.3359702211987351,-0.6434210942016481,-0.03760783848680805,1.3604666875593778,-0.06718212187812378,0.03180274430651811,7.145902659467655e-08,False,,
robust_pc_rollout,greedy,all,min_voltage_pu,higher,1024,0.9889896567144916,0.9889890238549611,6.328595304140507e-07,6.328595304140507e-07,-8.219646587506961e-07,2.383282622429964e-06,-6.399055147722873e-05,0.023940757492186403,0.4437910114842668,9.769483408853876e-15,False,,
robust_pc_rollout,greedy,all,voltage_violation_pu_hours,lower,1024,0.0,0.0,0.0,0.0,0.0,0.0,nan,0.0,1.0,1.0,False,,
robust_pc_rollout,greedy,all,thermal_overload_pu_hours,lower,1024,0.0,0.0,0.0,0.0,0.0,0.0,nan,0.0,1.0,1.0,False,,
robust_pc_rollout,greedy,all,losses_mwh,lower,1024,0.8427774483804359,0.8427636241445142,1.3824235921615856e-05,1.3824235921615856e-05,9.420421344691474e-06,1.8346808151201016e-05,-0.0016403455874888738,0.1911807707111254,1.3491332069564937e-09,5.778982073719961e-60,False,,
robust_pc_rollout,greedy,all,mean_smartds_projection_fraction,higher,1024,1.0,1.0,0.0,0.0,0.0,0.0,-0.0,0.0,1.0,1.0,False,,
robust_pc_rollout,greedy,all,smartds_curtailed_energy_kwh,lower,1024,0.0,0.0,0.0,0.0,0.0,0.0,nan,0.0,1.0,1.0,False,,
robust_pc_rollout,greedy,all,crew_completion_fraction,higher,1024,0.8229498789278082,0.8176296346564256,0.00532024427138279,0.00532024427138279,0.003983291532206184,0.006711315003541601,-0.650691223247846,0.2384509944913444,5.342900503545156e-14,1.4956936316705357e-12,False,,
robust_pc_rollout,greedy,all,crew_mean_completion_h,lower,1024,3.0857316252090037,3.116956229782864,-0.03122460457385956,-0.03122460457385956,-0.04429125659714476,-0.018748619032888984,1.001765898266552,-0.14933874455480672,2.020851234570636e-06,0.2278477673488265,False,,
robust_pc_rollout,greedy,all,crew_total_travel_h,lower,1024,2.9311360677083336,2.9559570312499996,-0.024820963541666678,-0.024820963541666678,-0.042301839192708336,-0.007225341796875024,0.8396929752111626,-0.08701688794504744,0.005459252468743295,0.020494147026762218,False,,
robust_pc_rollout,greedy,all,latency_ms,lower,1024,193.98163838195615,0.7459761697343007,193.23566221222183,193.23566221222183,192.42291915653786,194.05136105649868,-25903.731252038233,14.728207192990865,0.0,4.0561928102046334e-169,False,,
robust_pc_rollout,greedy,nominal,cost,lower,256,604.1269471845515,604.1319464026844,-0.004999218133053375,-0.004999218133053375,-0.020305926553073714,0.012121925032778908,0.0008275043494755274,-0.037544531314504935,0.5485650328169225,6.955135432989833e-05,False,,
robust_pc_rollout,greedy,nominal,mobility_delay,lower,256,1.2654248197637132,1.2655345396020923,-0.0001097198383789022,-0.0001097198383789022,-0.0006052916199086967,0.00031199003395242507,0.008669841473738059,-0.029811591640724826,0.633780986487947,0.11036656480792248,False,,
robust_pc_rollout,greedy,nominal,unserved_energy,lower,256,228.67082960699918,228.6723127104342,-0.0014831034350208938,-0.0014831034350208938,-0.007412870819098316,0.004953845300769896,0.0006485714940483131,-0.02985500790211437,0.6332870870004847,1.531472220601105e-05,False,,
robust_pc_rollout,greedy,nominal,comm_loss,lower,256,4.2741920002154075,4.274731182376854,-0.0005391821614466608,-0.0005391821614466608,-0.0015572881267871708,0.00031011773098725803,0.012613241358182023,-0.07072913663239089,0.2588378989484993,3.626423987703835e-05,False,,
robust_pc_rollout,greedy,nominal,power_service_loss,lower,256,0.00036887218327989713,0.0004053407826395875,-3.6468599359690355e-05,-3.6468599359690355e-05,-8.084621167214808e-05,-2.56468350361985e-07,8.997021992755352,-0.11163997381383972,0.07524853141977897,0.2628249868889372,False,,
robust_pc_rollout,greedy,nominal,min_voltage_pu,higher,256,0.9888645247519408,0.9888647346390955,-2.098871548800868e-07,-2.098871548800868e-07,-5.926281656972333e-07,-9.225688746554874e-09,2.1225062187771213e-05,-0.07108479278761144,0.2564567818673357,0.0005122787015251376,False,,
robust_pc_rollout,greedy,nominal,voltage_violation_pu_hours,lower,256,0.0,0.0,0.0,0.0,0.0,0.0,nan,0.0,1.0,1.0,False,,
robust_pc_rollout,greedy,nominal,thermal_overload_pu_hours,lower,256,0.0,0.0,0.0,0.0,0.0,0.0,nan,0.0,1.0,1.0,False,,
robust_pc_rollout,greedy,nominal,losses_mwh,lower,256,0.8433823136372818,0.8433813842291293,9.294081523350539e-07,9.294081523350539e-07,6.602752207583956e-07,1.1922931394087328e-06,-0.00011020022136065466,0.431478361874393,4.009164357597044e-11,2.6047917042289045e-30,False,,
robust_pc_rollout,greedy,nominal,mean_smartds_projection_fraction,higher,256,1.0,1.0,0.0,0.0,0.0,0.0,-0.0,0.0,1.0,1.0,False,,
robust_pc_rollout,greedy,nominal,smartds_curtailed_energy_kwh,lower,256,0.0,0.0,0.0,0.0,0.0,0.0,nan,0.0,1.0,1.0,False,,
robust_pc_rollout,greedy,nominal,crew_completion_fraction,higher,256,0.9389601672721891,0.9376097514822208,0.0013504157899682924,0.0013504157899682924,-0.0007060148570216673,0.003556416551437547,-0.1440274898840895,0.07742760854081153,0.21654322970591994,0.17865195327514982,False,,
robust_pc_rollout,greedy,nominal,crew_mean_completion_h,lower,256,2.250203380582834,2.180166516895269,0.07003686368756498,0.07003686368756498,0.054970828631619756,0.08597244849902014,-3.212454789338892,0.5528219554426878,1.550451983909375e-16,8.583363593693209e-20,False,,
robust_pc_rollout,greedy,nominal,crew_total_travel_h,lower,256,1.8413411458333333,1.8365885416666665,0.004752604166666665,0.004752604166666665,-0.017708333333333347,0.026562500000000003,-0.25877348457993615,0.026131971789954602,0.676217441513798,0.6187247087522798,False,,
robust_pc_rollout,greedy,nominal,latency_ms,lower,256,193.52382168957166,0.5834712201249204,192.94035046944677,192.94035046944677,191.33590487328246,194.56256942503384,-33067.67220294748,14.623966136401854,1.3601750169650152e-299,9.640418513895798e-44,False,,
robust_pc_rollout,greedy,single_domain,cost,lower,256,701.8777262215365,702.1618942855864,-0.2841680640498865,-0.2841680640498865,-0.6037306652467606,0.04668719984205839,0.04047044796400022,-0.10634579195376896,0.09006188349269068,7.485662807442163e-05,False,,
robust_pc_rollout,greedy,single_domain,mobility_delay,lower,256,2.004197866210908,2.00622344889475,-0.002025582683842231,-0.002025582683842231,-0.01913288510361113,0.01562918586155959,0.10096495906067422,-0.014487012794784713,0.8168853112295213,0.6476005559070149,False,,
robust_pc_rollout,greedy,single_domain,unserved_energy,lower,256,262.4533743815264,262.54616555187386,-0.09279117034748197,-0.09279117034748197,-0.15373005737783388,-0.03106747684651056,0.03534280158022277,-0.18559333253653698,0.0032671643472477743,7.291720071527179e-06,False,,
robust_pc_rollout,greedy,single_domain,comm_loss,lower,256,6.15789294563001,6.168207852926571,-0.010314907296560705,-0.010314907296560705,-0.03894916246063076,0.01935512454656418,0.16722697325555735,-0.04330098917838764,0.48905561252918905,0.1356918205363365,False,,
robust_pc_rollout,greedy,single_domain,power_service_loss,lower,256,3.559968052125295,3.554177636920644,0.005790415204651428,0.005790415204651428,-0.15715474523084297,0.17485097254704565,-0.16291856502896324,0.004306209871242333,0.9451237261880243,0.028887412133910953,False,,
robust_pc_rollout,greedy,single_domain,min_voltage_pu,higher,256,0.9889592144161704,0.9889584651100352,7.493061351597323e-07,7.493061351597323e-07,-9.19765644317018e-07,2.7234973834553473e-06,-7.576719969491961e-05,0.05026118511588409,0.4220426888531109,0.006598169256090586,False,,
robust_pc_rollout,greedy,single_domain,voltage_violation_pu_hours,lower,256,0.0,0.0,0.0,0.0,0.0,0.0,nan,0.0,1.0,1.0,False,,
robust_pc_rollout,greedy,single_domain,thermal_overload_pu_hours,lower,256,0.0,0.0,0.0,0.0,0.0,0.0,nan,0.0,1.0,1.0,False,,
robust_pc_rollout,greedy,single_domain,losses_mwh,lower,256,0.8432555481199622,0.8432513606546426,4.187465319608046e-06,4.187465319608046e-06,1.1081743992891083e-06,7.051292450761413e-06,-0.0004965856582024588,0.17108442136243332,0.0066295973222937985,1.6035914669621783e-18,False,,
robust_pc_rollout,greedy,single_domain,mean_smartds_projection_fraction,higher,256,1.0,1.0,0.0,0.0,0.0,0.0,-0.0,0.0,1.0,1.0,False,,
robust_pc_rollout,greedy,single_domain,smartds_curtailed_energy_kwh,lower,256,0.0,0.0,0.0,0.0,0.0,0.0,nan,0.0,1.0,1.0,False,,
robust_pc_rollout,greedy,single_domain,crew_completion_fraction,higher,256,0.8250115647442913,0.8181477123959667,0.0068638523483246314,0.0068638523483246314,0.004002505354309942,0.010067960564153757,-0.8389502585326142,0.2799289466509876,1.1331691735112946e-05,1.9766731481101985e-05,False,,
robust_pc_rollout,greedy,single_domain,crew_mean_completion_h,lower,256,3.4957687224716354,3.5633021288507196,-0.06753340637908443,-0.06753340637908443,-0.09809734449738321,-0.03967309285010793,1.8952478329662756,-0.2833597210697337,8.918953321348988e-06,3.9005138421729554e-05,False,,
robust_pc_rollout,greedy,single_domain,crew_total_travel_h,lower,256,3.3599609375,3.416471354166667,-0.05651041666666669,-0.05651041666666669,-0.09238281250000001,-0.024152018229166704,1.6540579682527587,-0.20286037768495996,0.001328113896394068,0.004480618132652733,False,,
robust_pc_rollout,greedy,single_domain,latency_ms,lower,256,194.92032748075871,0.802950455181417,194.1173770255773,194.1173770255773,192.54469227327414,195.64756372941852,-24175.511175433458,15.31980951995301,1.0193241893387598e-304,9.640418513895798e-44,False,,
robust_pc_rollout,greedy,cascade,cost,lower,256,1065.6306992287282,1074.1458323653787,-8.515133136650547,-8.515133136650547,-11.278133657184663,-5.95369100421085,0.7927352953461967,-0.391776737640388,1.547104053203741e-09,6.489993481537336e-10,False,,
robust_pc_rollout,greedy,cascade,mobility_delay,lower,256,6.390504730302026,6.483855394485331,-0.09335066418330484,-0.09335066418330484,-0.197766307478755,0.005837009326602016,1.4397400698155876,-0.11223368575125882,0.07371986454258021,0.0009311436548626561,False,,
robust_pc_rollout,greedy,cascade,unserved_energy,lower,256,307.2256791557302,307.81067576567875,-0.5849966099485755,-0.5849966099485755,-0.7994484208524227,-0.37034678430063656,0.19005078641063927,-0.3303905957627233,2.683301386337694e-07,1.629441478285048e-09,False,,
robust_pc_rollout,greedy,cascade,comm_loss,lower,256,69.40275408548769,71.24395284475759,-1.8411987592699006,-1.8411987592699006,-2.4070787721662783,-1.30641500420752,2.584357950045136,-0.4084827676407118,3.423262099248601e-10,4.198310413914995e-09,False,,
robust_pc_rollout,greedy,cascade,power_service_loss,lower,256,28.52842882423569,29.179900294734058,-0.6514714704983673,-0.6514714704983673,-1.2573243966159324,-0.05862392545888679,2.232603483624428,-0.1348305355470291,0.03191764063192087,0.004199077310710141,False,,
robust_pc_rollout,greedy,cascade,min_voltage_pu,higher,256,0.9890790614225289,0.9890790212422622,4.0180266763084616e-08,4.0180266763084616e-08,-1.7150043545393485e-06,2.5821911180990014e-06,-4.062391972748452e-06,0.0022497257708000043,0.971314019071913,1.8901071653003714e-07,False,,
robust_pc_rollout,greedy,cascade,voltage_violation_pu_hours,lower,256,0.0,0.0,0.0,0.0,0.0,0.0,nan,0.0,1.0,1.0,False,,
robust_pc_rollout,greedy,cascade,thermal_overload_pu_hours,lower,256,0.0,0.0,0.0,0.0,0.0,0.0,nan,0.0,1.0,1.0,False,,
robust_pc_rollout,greedy,cascade,losses_mwh,lower,256,0.8426634454488067,0.8426384259614956,2.501948731106155e-05,2.501948731106155e-05,1.5675760079172983e-05,3.454034159393627e-05,-0.002969184236110877,0.3221870616043036,5.089915684868269e-07,8.985595287046252e-16,False,,
robust_pc_rollout,greedy,cascade,mean_smartds_projection_fraction,higher,256,1.0,1.0,0.0,0.0,0.0,0.0,-0.0,0.0,1.0,1.0,False,,
robust_pc_rollout,greedy,cascade,smartds_curtailed_energy_kwh,lower,256,0.0,0.0,0.0,0.0,0.0,0.0,nan,0.0,1.0,1.0,False,,
robust_pc_rollout,greedy,cascade,crew_completion_fraction,higher,256,0.7849525396791357,0.778450641788896,0.006501897890239682,0.006501897890239682,0.003600181263873617,0.009733969427847733,-0.8352357286645924,0.2587125634613431,4.735378983991587e-05,5.106723229275385e-05,False,,
robust_pc_rollout,greedy,cascade,crew_mean_completion_h,lower,256,3.3709795158593066,3.407852599143838,-0.03687308328453179,-0.03687308328453179,-0.0630884469494215,-0.01271547922020859,1.0820034673388013,-0.18113324232662534,0.004080449472827283,0.5108774771310447,False,,
robust_pc_rollout,greedy,cascade,crew_total_travel_h,lower,256,3.292578125,3.3153645833333334,-0.022786458333333322,-0.022786458333333322,-0.06373860677083332,0.016733398437499988,0.6872987196606705,-0.07109271320397653,0.25640392943959567,0.24400058241158007,False,,
robust_pc_rollout,greedy,cascade,latency_ms,lower,256,193.57509042462576,0.787542247356517,192.78754817726926,192.78754817726926,191.2685040230978,194.34088196996223,-24479.64522847943,15.27461432362313,2.1583628288756984e-304,9.640418513895798e-44,False,,
robust_pc_rollout,greedy,ood,cost,lower,256,1654.3532410878688,1667.130107395351,-12.776866307482123,-12.776866307482123,-18.83121511344798,-6.953782135760412,0.7663988701784125,-0.26191498300120636,3.837595346281462e-05,3.0233920251995212e-05,False,,
robust_pc_rollout,greedy,ood,mobility_delay,lower,256,12.188734006667985,12.261959354039607,-0.07322534737162201,-0.07322534737162201,-0.2876101682207497,0.14884921705554438,0.5971749314884043,-0.04074675773714478,0.5150218247575846,0.038064385379914224,False,,
robust_pc_rollout,greedy,ood,unserved_energy,lower,256,297.52776528330287,298.1413668640016,-0.6136015806987416,-0.6136015806987416,-0.9343093147792387,-0.30139707001872035,0.20580893793870558,-0.23557309801895718,0.00020354753615645034,3.897339396829445e-07,False,,
robust_pc_rollout,greedy,ood,comm_loss,lower,256,231.24454772332683,234.61083448911086,-3.366286765784025,-3.366286765784025,-4.767129231768195,-2.0455862544942653,1.4348385798611816,-0.30307720244384306,2.1574460419423736e-06,2.944234474792218e-06,False,,
robust_pc_rollout,greedy,ood,power_service_loss,lower,256,65.34822739201516,66.04639075291703,-0.6981633609018649,-0.6981633609018649,-1.7599969721737323,0.3666316680010731,1.0570802627409728,-0.08077148382556297,0.19740799418857777,0.0023209746350133756,False,,
robust_pc_rollout,greedy,ood,min_voltage_pu,higher,256,0.9890558262673261,0.9890538744284516,1.951838874613473e-06,1.951838874613473e-06,-3.1948109264226533e-06,8.25635522647414e-06,-0.00019734404010513478,0.04114335896449574,0.5109432814350618,0.0001533706369912401,False,,
robust_pc_rollout,greedy,ood,voltage_violation_pu_hours,lower,256,0.0,0.0,0.0,0.0,0.0,0.0,nan,0.0,1.0,1.0,False,,
robust_pc_rollout,greedy,ood,thermal_overload_pu_hours,lower,256,0.0,0.0,0.0,0.0,0.0,0.0,nan,0.0,1.0,1.0,False,,
robust_pc_rollout,greedy,ood,losses_mwh,lower,256,0.8418084863156928,0.8417833257327894,2.5160582903458774e-05,2.5160582903458774e-05,1.0950995920925818e-05,3.9581062240350175e-05,-0.0029889619019901562,0.2139697234713947,0.0007200663415715916,1.7204007829714432e-09,False,,
robust_pc_rollout,greedy,ood,mean_smartds_projection_fraction,higher,256,1.0,1.0,0.0,0.0,0.0,0.0,-0.0,0.0,1.0,1.0,False,,
robust_pc_rollout,greedy,ood,smartds_curtailed_energy_kwh,lower,256,0.0,0.0,0.0,0.0,0.0,0.0,nan,0.0,1.0,1.0,False,,
robust_pc_rollout,greedy,ood,crew_completion_fraction,higher,256,0.742875244015617,0.7363104329586184,0.006564811056998557,0.006564811056998557,0.004039558531746033,0.009148150027056275,-0.8915819691186568,0.31335372193995975,1.0005382766731669e-06,2.875258763435644e-06,False,,
robust_pc_rollout,greedy,ood,crew_mean_completion_h,lower,256,3.22597488192224,3.316503674241627,-0.09052879231938701,-0.09052879231938701,-0.11750232239580298,-0.06570725943810189,2.729645470393996,-0.4225103228002915,9.33848423781766e-11,3.7100020367242558e-09,False,,
robust_pc_rollout,greedy,ood,crew_total_travel_h,lower,256,3.2306640625,3.255403645833333,-0.02473958333333336,-0.02473958333333336,-0.06569010416666668,0.016472981770833287,0.7599544027358368,-0.0742180451138258,0.23613985999931178,0.23460294448563612,False,,
robust_pc_rollout,greedy,ood,latency_ms,lower,256,193.90731393286842,0.8099407562743484,193.0973731765941,193.0973731765941,191.38899837353168,194.81091490777845,-23840.925608537582,13.80805325853722,2.886251210443637e-293,9.640418513895798e-44,False,,
robust_pc_rollout,oracle,all,cost,lower,1024,1006.4971534306713,916.6085091490431,89.88864428162807,89.88864428162807,85.9127485349181,93.93565495895672,-9.80665610065943,1.374519455300262,4.4789602283627247e-238,2.36578714392815e-145,False,,
robust_pc_rollout,oracle,all,mobility_delay,lower,1024,5.462215355736158,3.527714426213106,1.9345009295230522,1.9345009295230522,1.8002540333511587,2.0705645832141495,-54.837231583954484,0.8702283477373906,1.7664366000063136e-127,1.7418458712585642e-145,False,,
robust_pc_rollout,oracle,all,unserved_energy,lower,1024,273.96941210688965,239.3229480858863,34.64646402100334,34.64646402100334,33.65236909577143,35.62563182269732,-14.476866634857638,2.155605462258232,0.0,1.0781371515713356e-165,False,,
robust_pc_rollout,oracle,all,comm_loss,lower,1024,77.76984668866498,77.13586991661577,0.6339767720492091,0.6339767720492091,-0.12594893877649152,1.3631651210504059,-0.8218961849195981,0.05199617286097261,0.09644316651543518,7.914371013218585e-11,False,,
robust_pc_rollout,oracle,all,power_service_loss,lower,1024,24.359248285139856,21.95654912010677,2.402699165033081,2.402699165033081,2.010458895238131,2.804137080407003,-10.94297264970843,0.3694217353323142,2.5672393388546044e-30,4.622310632370734e-62,False,,
robust_pc_rollout,oracle,all,min_voltage_pu,higher,1024,0.9889896567144916,0.9888923433177835,9.731339670801954e-05,9.731339670801954e-05,8.640854605304576e-05,0.00010869630088808808,-0.009840646190214013,0.5389565494306915,1.051867409021076e-58,1.3545034770727946e-104,False,,
robust_pc_rollout,oracle,all,voltage_violation_pu_hours,lower,1024,0.0,0.0,0.0,0.0,0.0,0.0,nan,0.0,1.0,1.0,False,,
robust_pc_rollout,oracle,all,thermal_overload_pu_hours,lower,1024,0.0,0.0,0.0,0.0,0.0,0.0,nan,0.0,1.0,1.0,False,,
robust_pc_rollout,oracle,all,losses_mwh,lower,1024,0.8427774483804359,0.8442593210781918,-0.0014818726977559606,-0.0014818726977559606,-0.0015240804221564547,-0.0014396228503391092,0.17552340385931206,-2.1537232484805537,0.0,1.0781371515713356e-165,False,,
robust_pc_rollout,oracle,all,mean_smartds_projection_fraction,higher,1024,1.0,1.0,0.0,0.0,0.0,0.0,-0.0,0.0,1.0,1.0,False,,
robust_pc_rollout,oracle,all,smartds_curtailed_energy_kwh,lower,1024,0.0,0.0,0.0,0.0,0.0,0.0,nan,0.0,1.0,1.0,False,,
robust_pc_rollout,oracle,all,crew_completion_fraction,higher,1024,0.8229498789278082,0.8160140648633061,0.006935814064502237,0.006935814064502237,0.005263086894120189,0.008660026355038443,-0.8499625635330298,0.24819944948532513,5.2003304097931265e-15,9.449515157394338e-14,False,,
robust_pc_rollout,oracle,all,crew_mean_completion_h,lower,1024,3.0857316252090037,3.1806655921400657,-0.09493396693106188,-0.09493396693106188,-0.1106387725319485,-0.08043030512763488,2.984720153091822,-0.39070687379073354,1.7604235706755436e-33,3.10867271564684e-33,False,,
robust_pc_rollout,oracle,all,crew_total_travel_h,lower,1024,2.9311360677083336,2.9716959635416664,-0.04055989583333333,-0.04055989583333333,-0.062223307291666655,-0.018961588541666664,1.364873672506997,-0.1173928117176643,0.00018198315898856643,0.000503856534813244,False,,
robust_pc_rollout,oracle,all,latency_ms,lower,1024,193.98163838195615,7.491024508529638,186.4906138734265,186.4906138734265,185.67341520293894,187.30944595533856,-2489.520808016038,14.17298791548472,0.0,4.0561928102046334e-169,False,,
robust_pc_rollout,oracle,nominal,cost,lower,256,604.1269471845515,487.095603792996,117.03134339155555,117.03134339155555,110.68613371743682,123.20946330610556,-24.02636001643962,2.3188915917209654,9.145449327327439e-105,1.5084992557693626e-43,False,,
robust_pc_rollout,oracle,nominal,mobility_delay,lower,256,1.2654248197637132,0.05859382218438488,1.2068309975793285,1.2068309975793285,1.0442538279587328,1.3760830756471292,-2059.655698482401,0.8805739705851172,9.888978975514396e-34,7.392249258710724e-37,False,,
robust_pc_rollout,oracle,nominal,unserved_energy,lower,256,228.67082960699918,187.2664705249481,41.40435908205109,41.40435908205109,39.15190084566566,43.56908922721777,-22.109862468164103,2.3011312915603233,4.7779519079224706e-104,4.354299365440666e-43,False,,
robust_pc_rollout,oracle,nominal,comm_loss,lower,256,4.2741920002154075,0.042966574314050376,4.231225425901357,4.231225425901357,3.6825692601880293,4.782817853661254,-9847.714167237475,0.9193531383144754,7.000571595640232e-36,3.5638386282911846e-38,False,,
robust_pc_rollout,oracle,nominal,power_service_loss,lower,256,0.00036887218327989713,0.00027258462076096756,9.628756251892957e-05,9.628756251892957e-05,5.1228465038459474e-05,0.00014697722721263365,-35.32391601922589,0.2452073323240993,0.00011236920929804062,3.0120677723741235e-08,False,,
robust_pc_rollout,oracle,nominal,min_voltage_pu,higher,256,0.9888645247519408,0.9886779578816665,0.000186566870274291,0.000186566870274291,0.00015540305642654318,0.00022103751899739456,-0.01887033778663658,0.6915600477779366,1.6826750472816503e-23,2.1788670758083718e-32,False,,
robust_pc_rollout,oracle,nominal,voltage_violation_pu_hours,lower,256,0.0,0.0,0.0,0.0,0.0,0.0,nan,0.0,1.0,1.0,False,,
robust_pc_rollout,oracle,nominal,thermal_overload_pu_hours,lower,256,0.0,0.0,0.0,0.0,0.0,0.0,nan,0.0,1.0,1.0,False,,
robust_pc_rollout,oracle,nominal,losses_mwh,lower,256,0.8433823136372818,0.8451891204432788,-0.0018068068059970644,-0.0018068068059970644,-0.0019037549122968137,-0.0017103436898182481,0.2137754453168355,-2.295562933909268,8.038016797031082e-104,4.354299365440666e-43,False,,
robust_pc_rollout,oracle,nominal,mean_smartds_projection_fraction,higher,256,1.0,1.0,0.0,0.0,0.0,0.0,-0.0,0.0,1.0,1.0,False,,
robust_pc_rollout,oracle,nominal,smartds_curtailed_energy_kwh,lower,256,0.0,0.0,0.0,0.0,0.0,0.0,nan,0.0,1.0,1.0,False,,
robust_pc_rollout,oracle,nominal,crew_completion_fraction,higher,256,0.9389601672721891,0.9375118548850134,0.001448312387175551,0.001448312387175551,-0.0014357404455316732,0.004409079526815577,-0.15448470114046586,0.06032219528560252,0.33538153495848444,0.42145513900209464,False,,
robust_pc_rollout,oracle,nominal,crew_mean_completion_h,lower,256,2.250203380582834,2.3350349985791836,-0.08483161799634976,-0.08483161799634976,-0.10709540723658,-0.06290384326825124,3.63299128484018,-0.4636447681138297,1.7610814911356669e-12,3.1417809139302457e-13,False,,
robust_pc_rollout,oracle,nominal,crew_total_travel_h,lower,256,1.8413411458333333,1.879296875,-0.03795572916666665,-0.03795572916666665,-0.0702490234375,-0.005989583333333317,2.01967712880205,-0.14402135089269624,0.022007617059463868,0.017935050616806208,False,,
robust_pc_rollout,oracle,nominal,latency_ms,lower,256,193.52382168957166,7.332654163292318,186.19116752627934,186.19116752627934,184.5735638536098,187.79636045242873,-2539.205632502933,13.985656706488973,1.1277541334734001e-294,9.640418513895798e-44,False,,
robust_pc_rollout,oracle,single_domain,cost,lower,256,701.8777262215365,592.2030851126272,109.67464110890941,109.67464110890941,103.80207157885563,115.3983857490356,-18.519768617559823,2.321657938430862,7.074639582648228e-105,1.9552125686630793e-43,False,,
robust_pc_rollout,oracle,single_domain,mobility_delay,lower,256,2.004197866210908,0.3479609201114051,1.6562369460995028,1.6562369460995028,1.4483169383117875,1.8581755752468347,-475.98360918497195,0.9788150896358092,3.4418098097321505e-39,5.436181714572267e-37,False,,
robust_pc_rollout,oracle,single_domain,unserved_energy,lower,256,262.4533743815264,223.95148028060794,38.501894100918435,38.501894100918435,36.49848833358264,40.46070469866682,-17.192069484281202,2.3378920870217548,1.5747465543606241e-105,1.9669537841275588e-42,False,,
robust_pc_rollout,oracle,single_domain,comm_loss,lower,256,6.15789294563001,2.0951245857868344,4.062768359843176,4.062768359843176,3.423038768224069,4.730821170139825,-193.91535889582352,0.7558134685212725,6.519391314587506e-27,2.495963181110391e-26,False,,
robust_pc_rollout,oracle,single_domain,power_service_loss,lower,256,3.559968052125295,2.921418740982556,0.6385493111427396,0.6385493111427396,0.3822817257089147,0.9359686777430641,-21.85750718255396,0.28314419695030285,9.054716111215542e-06,1.6851751951495415e-17,False,,
robust_pc_rollout,oracle,single_domain,min_voltage_pu,higher,256,0.9889592144161704,0.9888764956097236,8.271880644673173e-05,8.271880644673173e-05,6.473034535173507e-05,0.00010219258414176733,-0.008364927957533139,0.534480795126467,1.1383641442470434e-15,1.1729571233477962e-24,False,,
robust_pc_rollout,oracle,single_domain,voltage_violation_pu_hours,lower,256,0.0,0.0,0.0,0.0,0.0,0.0,nan,0.0,1.0,1.0,False,,
robust_pc_rollout,oracle,single_domain,thermal_overload_pu_hours,lower,256,0.0,0.0,0.0,0.0,0.0,0.0,nan,0.0,1.0,1.0,False,,
robust_pc_rollout,oracle,single_domain,losses_mwh,lower,256,0.8432555481199622,0.8448781524476239,-0.0016226043276615617,-0.0016226043276615617,-0.0017077787053370124,-0.0015397345868068196,0.19205187433961385,-2.3613896908204577,1.812687453453316e-106,1.9669537841275588e-42,False,,
robust_pc_rollout,oracle,single_domain,mean_smartds_projection_fraction,higher,256,1.0,1.0,0.0,0.0,0.0,0.0,-0.0,0.0,1.0,1.0,False,,
robust_pc_rollout,oracle,single_domain,smartds_curtailed_energy_kwh,lower,256,0.0,0.0,0.0,0.0,0.0,0.0,nan,0.0,1.0,1.0,False,,
robust_pc_rollout,oracle,single_domain,crew_completion_fraction,higher,256,0.8250115647442913,0.8158594525525301,0.009152112191761218,0.009152112191761218,0.0051366110111362925,0.013556714064640896,-1.1217755905294176,0.2691938469788053,2.362100572975474e-05,1.7926652132751497e-05,False,,
robust_pc_rollout,oracle,single_domain,crew_mean_completion_h,lower,256,3.4957687224716354,3.598725458263192,-0.10295673579155681,-0.10295673579155681,-0.14139975423544204,-0.06766080079818372,2.8609222066427247,-0.3372868715230151,1.5521529546569643e-07,1.1507507202912179e-07,False,,
robust_pc_rollout,oracle,single_domain,crew_total_travel_h,lower,256,3.3599609375,3.401627604166667,-0.041666666666666685,-0.041666666666666685,-0.08782877604166667,0.0025439453124999067,1.2249038259105443,-0.11242856442173922,0.07322370109261536,0.327534934602172,False,,
robust_pc_rollout,oracle,single_domain,latency_ms,lower,256,194.92032748075871,7.658321806654082,187.2620056741046,187.2620056741046,185.68237814480048,188.81830492142245,-2445.20941273842,14.717433763039846,2.6994088364031666e-300,9.640418513895798e-44,False,,
robust_pc_rollout,oracle,cascade,cost,lower,256,1065.6306992287282,973.2160275458591,92.41467168286908,92.41467168286908,86.06843211667437,98.77017593327909,-9.495802480350582,1.7849442554869734,2.0512535003665333e-81,4.522294353661562e-43,False,,
robust_pc_rollout,oracle,cascade,mobility_delay,lower,256,6.390504730302026,3.8962672585270757,2.4942374717749503,2.4942374717749503,2.223929648580712,2.775715018817517,-64.01607760135681,1.0976498052102575,8.48612469027771e-46,3.958039415344964e-40,False,,
robust_pc_rollout,oracle,cascade,unserved_energy,lower,256,307.2256791557302,273.203598548891,34.022080606839154,34.022080606839154,32.44671472989576,35.56163847761781,-12.453013352512906,2.689016393056107,6.55656591591181e-119,6.3479306425761725e-43,False,,
robust_pc_rollout,oracle,cascade,comm_loss,lower,256,69.40275408548769,67.75391564681195,1.6488384386757389,1.6488384386757389,0.3614395333803259,2.90939991477353,-2.4335692231734836,0.1571611366472459,0.012533658776630959,0.007402189267715423,False,,
robust_pc_rollout,oracle,cascade,power_service_loss,lower,256,28.52842882423569,25.00721365323976,3.521215170995929,3.521215170995929,2.8498331030258597,4.242407021329118,-14.080797724298824,0.6271777439799053,3.459967489534772e-20,1.0130969390299029e-26,False,,
robust_pc_rollout,oracle,cascade,min_voltage_pu,higher,256,0.9890790614225289,0.9890223364651841,5.672495734477135e-05,5.672495734477135e-05,4.435871649518633e-05,6.999467651489668e-05,-0.005735457658874441,0.5368977183659229,8.77117974155586e-16,3.9164718922819676e-25,False,,
robust_pc_rollout,oracle,cascade,voltage_violation_pu_hours,lower,256,0.0,0.0,0.0,0.0,0.0,0.0,nan,0.0,1.0,1.0,False,,
robust_pc_rollout,oracle,cascade,thermal_overload_pu_hours,lower,256,0.0,0.0,0.0,0.0,0.0,0.0,nan,0.0,1.0,1.0,False,,
robust_pc_rollout,oracle,cascade,losses_mwh,lower,256,0.8426634454488067,0.8440973481149718,-0.0014339026661651338,-0.0014339026661651338,-0.0014981514359367642,-0.0013699976596274587,0.16987408731555764,-2.698462016740036,2.985646414281668e-119,6.3479306425761725e-43,False,,
robust_pc_rollout,oracle,cascade,mean_smartds_projection_fraction,higher,256,1.0,1.0,0.0,0.0,0.0,0.0,-0.0,0.0,1.0,1.0,False,,
robust_pc_rollout,oracle,cascade,smartds_curtailed_energy_kwh,lower,256,0.0,0.0,0.0,0.0,0.0,0.0,nan,0.0,1.0,1.0,False,,
robust_pc_rollout,oracle,cascade,crew_completion_fraction,higher,256,0.7849525396791357,0.7769098904117379,0.008042649267397832,0.008042649267397832,0.004780285121298288,0.011416631170107942,-1.035210050310401,0.300132854910159,2.6791147450037468e-06,1.477126624450584e-05,False,,
robust_pc_rollout,oracle,cascade,crew_mean_completion_h,lower,256,3.3709795158593066,3.441128636598039,-0.07014912073873239,-0.07014912073873239,-0.0970123526361329,-0.043255198285863716,2.0385497941769204,-0.3204598117625062,5.815491215336587e-07,7.629988624658625e-06,False,,
robust_pc_rollout,oracle,cascade,crew_total_travel_h,lower,256,3.292578125,3.327799479166667,-0.035221354166666656,-0.035221354166666656,-0.08131673177083332,0.009700520833333332,1.0583977306074535,-0.09630916488507725,0.12456976772040793,0.09438278045903792,False,,
robust_pc_rollout,oracle,cascade,latency_ms,lower,256,193.57509042462576,7.5800106772779445,185.99507974734783,185.99507974734783,184.45028561529855,187.51529530389539,-2453.757490143015,14.704791074265142,3.357440639195889e-300,9.640418513895798e-44,False,,
robust_pc_rollout,oracle,ood,cost,lower,256,1654.3532410878688,1613.9193201446906,40.43392094317824,40.43392094317824,30.93633080928121,50.048386548832056,-2.505324797744739,0.5175595678757142,6.938777476566453e-15,5.262636163028552e-14,False,,
robust_pc_rollout,oracle,ood,mobility_delay,lower,256,12.188734006667985,9.808035704029558,2.380698302638427,2.380698302638427,2.022819803781691,2.7615273365839745,-24.272936747776466,0.8027150073560269,1.8803930760581708e-29,2.2531301788950437e-37,False,,
robust_pc_rollout,oracle,ood,unserved_energy,lower,256,297.52776528330287,272.8702429890982,24.657522294204682,24.657522294204682,23.31676039704471,26.010400917795778,-9.03635443135872,2.2509843769826023,5.336718421838085e-102,4.354299365440666e-43,False,,
robust_pc_rollout,oracle,ood,comm_loss,lower,256,231.24454772332683,238.65147285955027,-7.406925136223435,-7.406925136223435,-9.756975570658687,-5.1853182088001635,3.103657835199079,-0.39847561548478344,8.493316436683781e-10,1.5748728481882583e-08,False,,
robust_pc_rollout,oracle,ood,power_service_loss,lower,256,65.34822739201516,59.89729150158402,5.450935890431136,5.450935890431136,4.184461050292231,6.818086037176682,-9.10047141328082,0.5114430617041849,1.323235990547272e-14,3.484013749345535e-17,False,,
robust_pc_rollout,oracle,ood,min_voltage_pu,higher,256,0.9890558262673261,0.9889925833145599,6.324295276628408e-05,6.324295276628408e-05,5.048339557919724e-05,7.699252678421294e-05,-0.006394684230525617,0.5806055253004178,7.099405372365947e-18,1.173264004920277e-27,False,,
robust_pc_rollout,oracle,ood,voltage_violation_pu_hours,lower,256,0.0,0.0,0.0,0.0,0.0,0.0,nan,0.0,1.0,1.0,False,,
robust_pc_rollout,oracle,ood,thermal_overload_pu_hours,lower,256,0.0,0.0,0.0,0.0,0.0,0.0,nan,0.0,1.0,1.0,False,,
robust_pc_rollout,oracle,ood,losses_mwh,lower,256,0.8418084863156928,0.8428726633068929,-0.0010641769912000825,-0.0010641769912000825,-0.0011216554697896866,-0.0010054775060289727,0.12625596220251503,-2.259313674982305,2.4264653069819585e-102,4.354299365440666e-43,False,,
robust_pc_rollout,oracle,ood,mean_smartds_projection_fraction,higher,256,1.0,1.0,0.0,0.0,0.0,0.0,-0.0,0.0,1.0,1.0,False,,
robust_pc_rollout,oracle,ood,smartds_curtailed_energy_kwh,lower,256,0.0,0.0,0.0,0.0,0.0,0.0,nan,0.0,1.0,1.0,False,,
robust_pc_rollout,oracle,ood,crew_completion_fraction,higher,256,0.742875244015617,0.7337750616039427,0.00910018241167435,0.00910018241167435,0.006063311006449867,0.012290327944624818,-1.2401869302811221,0.3593630216530101,2.5461785934449366e-08,1.1016090513307122e-07,False,,
robust_pc_rollout,oracle,ood,crew_mean_completion_h,lower,256,3.22597488192224,3.347773275119849,-0.12179839319760857,-0.12179839319760857,-0.15263655123906833,-0.09236870851754327,3.6381912151218856,-0.49407422788495836,8.08163730414107e-14,3.706887950772919e-12,False,,
robust_pc_rollout,oracle,ood,crew_total_travel_h,lower,256,3.2306640625,3.278059895833333,-0.04739583333333333,-0.04739583333333333,-0.09238444010416666,-0.00208007812500003,1.4458501320728485,-0.12746072087569366,0.042443925142842766,0.03433013567244451,False,,
robust_pc_rollout,oracle,ood,latency_ms,lower,256,193.90731393286842,7.39311138689421,186.51420254597423,186.51420254597423,184.81576630484443,188.22903796982095,-2522.810665028103,13.37256870765371,9.780354430100594e-290,9.640418513895798e-44,False,,
