station_id,station_name,input_address,input_postal_code,match_status,matched_address,longitude,latitude,tiger_line_id,tiger_side,geocoder
B000,BOULDER / AIRPORT ST1,3335 Airport Rd,80301,matched,"3335 AIRPORT RD, BOULDER, CO, 80301",-105.232842645854,40.035624163353,188218891,L,U.S. Census Geocoder Public_AR_Current/Current_Current
B001,BOULDER / ALPINE ST1,2667 Broadway,80304,matched,"2667 BROADWAY ST, BOULDER, CO, 80304",-105.282127266485,40.025151655722,188159462,L,U.S. Census Geocoder Public_AR_Current/Current_Current
B002,BOULDER / ANNEX ST1,7315 Red Deer Dr,80301,matched,"7315 RED DEER DR, BOULDER, CO, 80301",-105.182801861164,40.024159353427,220751145,R,U.S. Census Geocoder Public_AR_Current/Current_Current
B003,BOULDER / ATRIUM ST1,1770 13th St,80302,matched,"1770 13TH ST, BOULDER, CO, 80302",-105.277685225361,40.01557664501,188215641,R,U.S. Census Geocoder Public_AR_Current/Current_Current
B004,BOULDER / BASELINE ST1,600 Baseline Rd,80302,matched,"600 BASELINE RD, BOULDER, CO, 80302",-105.286572498093,40.000004270396,188202391,R,U.S. Census Geocoder Public_AR_Current/Current_Current
B005,BOULDER / BOULDER PARK S1,1739 Broadway,80302,matched,"1739 BROADWAY, BOULDER, CO, 80302",-105.279172329286,40.015218731868,638710386,L,U.S. Census Geocoder Public_AR_Current/Current_Current
B006,BOULDER / BOULDER PARK S2,1739 Broadway,80302,matched,"1739 BROADWAY, BOULDER, CO, 80302",-105.279172329286,40.015218731868,638710386,L,U.S. Census Geocoder Public_AR_Current/Current_Current
B007,BOULDER / CARPENTER PARK1,1505 30th St,80303,matched,"1505 30TH ST, BOULDER, CO, 80303",-105.253595844927,40.011573595987,220750769,L,U.S. Census Geocoder Public_AR_Current/Current_Current
B008,BOULDER / CARPENTER PARK2,1505 30th St,80303,matched,"1505 30TH ST, BOULDER, CO, 80303",-105.253595844927,40.011573595987,220750769,L,U.S. Census Geocoder Public_AR_Current/Current_Current
B009,BOULDER / EAST REC,5660 Sioux Dr,80303,matched,"5660 SIOUX DR, BOULDER, CO, 80303",-105.230039708702,39.993101267357,188163472,R,U.S. Census Geocoder Public_AR_Current/Current_Current
B010,BOULDER / FACILITIES ST1,1745 14th street,80302,matched,"1745 14TH ST, BOULDER, CO, 80302",-105.276274486712,40.014977638965,220750636,L,U.S. Census Geocoder Public_AR_Current/Current_Current
B011,BOULDER / FLT MNT E1,5064 Pearl St,80301,matched,"5064 PEARL ST, BOULDER, CO, 80301",-105.234670876399,40.025863527601,220750936,R,U.S. Census Geocoder Public_AR_Current/Current_Current
B012,BOULDER / FLT MNT E2,5064 Pearl St,80301,matched,"5064 PEARL ST, BOULDER, CO, 80301",-105.234670876399,40.025863527601,220750936,R,U.S. Census Geocoder Public_AR_Current/Current_Current
B013,BOULDER / FLT MNT E3,5064 Pearl St,80301,matched,"5064 PEARL ST, BOULDER, CO, 80301",-105.234670876399,40.025863527601,220750936,R,U.S. Census Geocoder Public_AR_Current/Current_Current
B014,BOULDER / FLT MNT E4,5064 Pearl St,80301,matched,"5064 PEARL ST, BOULDER, CO, 80301",-105.234670876399,40.025863527601,220750936,R,U.S. Census Geocoder Public_AR_Current/Current_Current
B015,BOULDER / FLT MNT E5,5064 Pearl St,80301,matched,"5064 PEARL ST, BOULDER, CO, 80301",-105.234670876399,40.025863527601,220750936,R,U.S. Census Geocoder Public_AR_Current/Current_Current
B016,BOULDER / FLT MNT E6,5064 Pearl St,80301,matched,"5064 PEARL ST, BOULDER, CO, 80301",-105.234670876399,40.025863527601,220750936,R,U.S. Census Geocoder Public_AR_Current/Current_Current
B017,BOULDER / FLT MNT E7,5064 Pearl St,80301,matched,"5064 PEARL ST, BOULDER, CO, 80301",-105.234670876399,40.025863527601,220750936,R,U.S. Census Geocoder Public_AR_Current/Current_Current
B018,BOULDER / FLT MNT E8,5064 Pearl St,80301,matched,"5064 PEARL ST, BOULDER, CO, 80301",-105.234670876399,40.025863527601,220750936,R,U.S. Census Geocoder Public_AR_Current/Current_Current
B019,BOULDER / JUNCTION ST1,2280 Junction Pl,80301,matched,"2280 JUNCTION PL, BOULDER, CO, 80301",-105.251981665785,40.02444105968,646713909,R,U.S. Census Geocoder Public_AR_Current/Current_Current
B020,BOULDER / MSC E1,5050 Pearl St,80301,matched,"5050 PEARL ST, BOULDER, CO, 80301",-105.235124602858,40.025917703856,188216509,R,U.S. Census Geocoder Public_AR_Current/Current_Current
B021,BOULDER / MSC E2,5050 Pearl St,80301,matched,"5050 PEARL ST, BOULDER, CO, 80301",-105.235124602858,40.025917703856,188216509,R,U.S. Census Geocoder Public_AR_Current/Current_Current
B022,BOULDER / N BOULDER REC 1,3172 Broadway,80304,matched,"3172 BROADWAY, BOULDER, CO, 80304",-105.28199679025,40.032602749414,220751515,R,U.S. Census Geocoder Public_AR_Current/Current_Current
B023,BOULDER / OSMP FLEET 1,2520 55th St,80301,matched,"2520 55TH ST, BOULDER, CO, 80301",-105.225345483193,40.024319226346,653881301,R,U.S. Census Geocoder Public_AR_Current/Current_Current
B024,BOULDER / OSMP FLEET 2,2520 55th St,80301,matched,"2520 55TH ST, BOULDER, CO, 80301",-105.225345483193,40.024319226346,653881301,R,U.S. Census Geocoder Public_AR_Current/Current_Current
B025,BOULDER / REC CENTER ST1,1360 Gillaspie Dr,80305,matched,"1360 GILLASPIE DR, BOULDER, CO, 80305",-105.249402635905,39.974976194369,188163911,L,U.S. Census Geocoder Public_AR_Current/Current_Current
B026,BOULDER / REC CENTER ST2,1360 Gillaspie Dr,80305,matched,"1360 GILLASPIE DR, BOULDER, CO, 80305",-105.249402635905,39.974976194369,188163911,L,U.S. Census Geocoder Public_AR_Current/Current_Current
B027,BOULDER / RESERVOIR ST1,5565 51st St,80301,matched,"5565 51ST ST, BOULDER, CO, 80301",-105.236987215709,40.073978230815,220759394,L,U.S. Census Geocoder Public_AR_Current/Current_Current
B028,BOULDER / RESERVOIR ST2,5565 51st St,80301,matched,"5565 51ST ST, BOULDER, CO, 80301",-105.236987215709,40.073978230815,220759394,L,U.S. Census Geocoder Public_AR_Current/Current_Current
B029,BOULDER / VALMONT ST1,5333 Valmont Rd,80301,matched,"5333 VALMONT RD, BOULDER, CO, 80301",-105.229234676425,40.029287853779,657608708,L,U.S. Census Geocoder Public_AR_Current/Current_Current
B030,BOULDER / VALMONT ST2,5333 Valmont Rd,80301,matched,"5333 VALMONT RD, BOULDER, CO, 80301",-105.229234676425,40.029287853779,657608708,L,U.S. Census Geocoder Public_AR_Current/Current_Current
B031,BOULDERJUNCTION / JUNCTION ST1,2280 Junction Pl,80301,matched,"2280 JUNCTION PL, BOULDER, CO, 80301",-105.251981665785,40.02444105968,646713909,R,U.S. Census Geocoder Public_AR_Current/Current_Current
B032,COMM VITALITY / 1000WALNUT1,900 Walnut St,80302,matched,"900 WALNUT ST, BOULDER, CO, 80302",-105.283477722258,40.01603197436,188159510,R,U.S. Census Geocoder Public_AR_Current/Current_Current
B033,COMM VITALITY / 1000WALNUT2,900 Walnut St,80302,matched,"900 WALNUT ST, BOULDER, CO, 80302",-105.283477722258,40.01603197436,188159510,R,U.S. Census Geocoder Public_AR_Current/Current_Current
B034,COMM VITALITY / 1100WALNUT1,1100 Walnut,80302,matched,"1100 WALNUT ST, BOULDER, CO, 80302",-105.280845503754,40.016562603806,188159717,R,U.S. Census Geocoder Public_AR_Current/Current_Current
B035,COMM VITALITY / 1104 SPRUCE1,1100 Spruce St,80302,matched,"1100 SPRUCE ST, BOULDER, CO, 80302",-105.281551644628,40.018588072433,188159713,R,U.S. Census Geocoder Public_AR_Current/Current_Current
B036,COMM VITALITY / 1400 WALNUT1,1400 Walnut St,80302,matched,"1400 WALNUT ST, BOULDER, CO, 80302",-105.276935313389,40.017381200831,188159750,R,U.S. Census Geocoder Public_AR_Current/Current_Current
B037,COMM VITALITY / 1500PEARL1,1500 Pearl St,80302,matched,"1500 PEARL ST, BOULDER, CO, 80302",-105.275971345701,40.018660473047,188159752,R,U.S. Census Geocoder Public_AR_Current/Current_Current
B038,COMM VITALITY / 1500PEARL2,1500 Pearl St,80302,matched,"1500 PEARL ST, BOULDER, CO, 80302",-105.275971345701,40.018660473047,188159752,R,U.S. Census Geocoder Public_AR_Current/Current_Current
B039,COMM VITALITY / 2200 BROADWAY1,2240 Broadway,80302,matched,"2240 BROADWAY, BOULDER, CO, 80302",-105.280738049192,40.020351246498,188159474,R,U.S. Census Geocoder Public_AR_Current/Current_Current
B040,COMM VITALITY / 5050 PEARL 1,5050 Pearl St,80301,matched,"5050 PEARL ST, BOULDER, CO, 80301",-105.235124602858,40.025917703856,188216509,R,U.S. Census Geocoder Public_AR_Current/Current_Current
B041,COMM VITALITY / BOULDER JCTN,2052 Junction Pl,80301,street_fallback,"Junction Place, Boulder Junction, Boulder, Boulder County, Colorado, 80309, United States",-105.2509914,40.0280835,,,OpenStreetMap Nominatim road-level fallback (ODbL 1.0)
B042,MUNICIPAL SC / 1000WALNUT1,900 Walnut St,80302,matched,"900 WALNUT ST, BOULDER, CO, 80302",-105.283477722258,40.01603197436,188159510,R,U.S. Census Geocoder Public_AR_Current/Current_Current
B043,MUNICIPAL SC / 1000WALNUT2,900 Walnut St,80302,matched,"900 WALNUT ST, BOULDER, CO, 80302",-105.283477722258,40.01603197436,188159510,R,U.S. Census Geocoder Public_AR_Current/Current_Current
B044,MUNICIPAL SC / 1100WALNUT1,1100 Walnut,80302,matched,"1100 WALNUT ST, BOULDER, CO, 80302",-105.280845503754,40.016562603806,188159717,R,U.S. Census Geocoder Public_AR_Current/Current_Current
B045,MUNICIPAL SC / 1104 SPRUCE1,1100 Spruce St,80302,matched,"1100 SPRUCE ST, BOULDER, CO, 80302",-105.281551644628,40.018588072433,188159713,R,U.S. Census Geocoder Public_AR_Current/Current_Current
B046,MUNICIPAL SC / 1400 WALNUT1,1400 Walnut St,80302,matched,"1400 WALNUT ST, BOULDER, CO, 80302",-105.276935313389,40.017381200831,188159750,R,U.S. Census Geocoder Public_AR_Current/Current_Current
B047,MUNICIPAL SC / 1500PEARL1,1500 Pearl St,80302,matched,"1500 PEARL ST, BOULDER, CO, 80302",-105.275971345701,40.018660473047,188159752,R,U.S. Census Geocoder Public_AR_Current/Current_Current
B048,MUNICIPAL SC / 1500PEARL2,1500 Pearl St,80302,matched,"1500 PEARL ST, BOULDER, CO, 80302",-105.275971345701,40.018660473047,188159752,R,U.S. Census Geocoder Public_AR_Current/Current_Current
B049,MUNICIPAL SC / 2200 BROADWAY1,2240 Broadway,80302,matched,"2240 BROADWAY, BOULDER, CO, 80302",-105.280738049192,40.020351246498,188159474,R,U.S. Census Geocoder Public_AR_Current/Current_Current
