scenario_id,group,first_hour,policy,smartds_mapping_index,true_road_persistence,true_spatial_spread,true_power_persistence,true_pr_coupling,true_pc_coupling,true_comm_persistence,true_rc_coupling,true_cr_coupling,true_cp_coupling,cost,mobility_delay,unserved_energy,comm_loss,feeder_margin_exceedance,power_service_loss,peak_risk,served_mobility,total_mobility,requested_restoration,executed_restoration,requested_charge_capacity,executed_charge_capacity,smartds_curtailed_energy_kwh,smartds_raw_infeasible_hours,smartds_projected_infeasible_hours,min_voltage_pu,voltage_violation_pu_hours,voltage_violating_bus_hours,thermal_overload_pu_hours,thermal_overloaded_branch_hours,losses_mwh,service_continuity,mean_control_action_fraction,mean_smartds_projection_fraction,crew_job_count,crew_jobs_dispatched,crew_jobs_completed,crew_completion_fraction,crew_mean_completion_h,crew_total_travel_h,crew_completion_events,crew_routes,crew_route_source_policy,route_score,latency_ms,precision_losses_mwh_tol8,precision_min_voltage_pu_tol8,precision_infeasible_hours_tol8,precision_losses_mwh_tol10,precision_min_voltage_pu_tol10,precision_infeasible_hours_tol10
0,nominal,50712,forecast_matched,0,0.8813455343815371,0.2644092295091314,0.778513805972404,0.016386059363011907,0.4847749192419584,0.5241902727000516,0.02710499626510095,0.04446387448002545,0.018106644547472274,315.1555128097534,0.2426198199391365,120.60679817199707,0.6712542772293091,0.0,3.5299010221478966e-06,29.74016571044922,10.757380247116089,11.0,15.0,15.0,110.89925575256348,110.89925575256348,0.0,0,0,0.9885856847845251,0.0,0,0.0,0,0.8426431411338849,0.9779436588287354,1.0,1.0,15,15,15,1.0,2.114444444444444,1.1666666666666667,B032@0.367;B004@0.417;B033@0.617;B043@0.867;B006@1.250;B034@1.383;B035@1.633;B039@2.017;B022@2.117;B045@2.150;B044@2.650;B049@3.267;B042@3.417;B001@3.650;B005@5.917,v0:B032@0.367|B043@0.867|B035@1.633|B044@2.650|B005@5.917;v1:B022@2.117|B001@3.650;v2:B004@0.417|B006@1.250|B039@2.017|B049@3.267;v3:B033@0.617|B034@1.383|B045@2.150|B042@3.417,forecast_matched,8.315680745174177,42.056350192675986,0.8426431615871115,0.9885855577079672,0,0.8426432005264917,0.9885855574456291,0
0,nominal,50712,pc_rollout,0,0.8813455343815371,0.2644092295091314,0.778513805972404,0.016386059363011907,0.4847749192419584,0.5241902727000516,0.02710499626510095,0.04446387448002545,0.018106644547472274,315.1555128097534,0.2426198199391365,120.60679817199707,0.6712542772293091,0.0,3.5299010221478966e-06,29.74016571044922,10.757380247116089,11.0,15.0,15.0,110.89925575256348,110.89925575256348,0.0,0,0,0.9885856847845251,0.0,0,0.0,0,0.8426407885723871,0.9779436588287354,1.0,1.0,15,15,15,1.0,2.114444444444444,1.1666666666666667,B032@0.367;B004@0.417;B033@0.617;B043@0.867;B006@1.250;B034@1.383;B035@1.633;B039@2.017;B022@2.117;B045@2.150;B044@2.650;B049@3.267;B042@3.417;B001@3.650;B005@5.917,v0:B032@0.367|B043@0.867|B035@1.633|B044@2.650|B005@5.917;v1:B022@2.117|B001@3.650;v2:B004@0.417|B006@1.250|B039@2.017|B049@3.267;v3:B033@0.617|B034@1.383|B045@2.150|B042@3.417,forecast_matched,8.315586684670848,63.47451661713421,0.842643177365034,0.9885855577079672,0,0.8426432001039494,0.9885855574456291,0
1,single_domain,48100,forecast_matched,1,0.8092627686323961,0.1534110340542998,0.7587711790075637,0.013355466402002742,0.47581698178390613,0.7130714721200607,0.04298092083940713,0.0762131440848572,0.012349331156805352,41.04297942109406,0.0,14.74448013305664,0.0,0.0,0.33062964185955934,11.733965873718262,2.0,2.0,25.0,19.0,110.89925384521484,110.89925384521484,0.0,0,0,0.9892779561432419,0.0,0,0.0,0,0.8403228045166,1.0,1.0,1.0,25,25,19,0.76,4.036,2.433333333333333,B008@0.817;B004@0.917;B026@0.983;B035@1.117;B044@1.167;B025@1.233;B019@1.583;B032@1.883;B007@2.017;B009@2.100;B041@2.350;B039@2.900;B020@3.367;B040@3.500;B001@3.717;B033@4.417;B031@4.933;B042@5.183;B049@5.483;B045@6.183;B022@6.800;B043@7.433;B006@9.250;B005@10.450;B034@11.117,v0:B008@0.817|B044@1.167|B007@2.017|B020@3.367|B031@4.933|B022@6.800|B034@11.117;v1:B004@0.917|B019@1.583|B041@2.350|B001@3.717|B049@5.483|B006@9.250;v2:B026@0.983|B025@1.233|B009@2.100|B040@3.500|B042@5.183|B043@7.433;v3:B035@1.117|B032@1.883|B039@2.900|B033@4.417|B045@6.183|B005@10.450,forecast_matched,0.1430476950481534,47.8689333734413,0.8403228244571865,0.9892779542662357,0,0.8403228158640464,0.9892779541508638,0
1,single_domain,48100,pc_rollout,1,0.8092627686323961,0.1534110340542998,0.7587711790075637,0.013355466402002742,0.47581698178390613,0.7130714721200607,0.04298092083940713,0.0762131440848572,0.012349331156805352,41.04297942109406,0.0,14.74448013305664,0.0,0.0,0.33062964185955934,11.733965873718262,2.0,2.0,25.0,19.0,110.89925384521484,110.89925384521484,0.0,0,0,0.9892779561432288,0.0,0,0.0,0,0.8403251253933701,1.0,1.0,1.0,25,25,19,0.76,4.036,2.433333333333333,B008@0.817;B004@0.917;B026@0.983;B035@1.117;B044@1.167;B025@1.233;B019@1.583;B032@1.883;B007@2.017;B009@2.100;B041@2.350;B039@2.900;B020@3.367;B040@3.500;B001@3.717;B033@4.417;B031@4.933;B042@5.183;B049@5.483;B045@6.183;B022@6.800;B043@7.433;B006@9.250;B005@10.450;B034@11.117,v0:B008@0.817|B044@1.167|B007@2.017|B020@3.367|B031@4.933|B022@6.800|B034@11.117;v1:B004@0.917|B019@1.583|B041@2.350|B001@3.717|B049@5.483|B006@9.250;v2:B026@0.983|B025@1.233|B009@2.100|B040@3.500|B042@5.183|B043@7.433;v3:B035@1.117|B032@1.883|B039@2.900|B033@4.417|B045@6.183|B005@10.450,forecast_matched,2.3807868286967278,59.88923328307768,0.8403227935455999,0.9892779542662357,0,0.8403228025998952,0.9892779541508638,0
2,cascade,46802,forecast_matched,2,0.6291404630261243,0.1747367773210393,0.769709689534936,0.023432115881408217,0.4999246384013164,0.3135978832632685,0.06280059892554384,0.07938704720303683,0.0657386169067384,1136.3598327636719,1.6742956638336182,351.7627182006836,60.14051175117493,0.0,23.989475965499878,80.30829620361328,6.325704574584961,8.0,36.0,30.0,110.89925193786621,109.29301071166992,0.0,0,0,0.9890495040997436,0.0,0,0.0,0,0.8423963937255066,0.7907130718231201,0.992330402135849,1.0,36,35,30,0.8333333333333334,3.000952380952381,2.55,B019@0.250;B025@0.483;B031@0.500;B026@0.733;B013@0.817;B022@0.867;B014@1.067;B009@1.100;B035@1.183;B015@1.317;B032@1.367;B045@1.433;B017@1.500;B018@1.567;B043@1.617;B005@1.700;B010@1.900;B038@1.900;B041@2.133;B003@2.450;B044@2.667;B042@2.683;B049@3.000;B008@3.533;B034@3.917;B033@3.933;B039@4.250;B016@4.883;B046@5.433;B004@5.517;B012@6.167;B036@7.033;B001@7.967;B006@8.350;B037@9.817,v0:B025@0.483|B026@0.733|B009@1.100|B017@1.500|B038@1.900|B044@2.667|B034@3.917|B046@5.433|B001@7.967;v1:B022@0.867|B035@1.183|B045@1.433|B005@1.700|B003@2.450|B008@3.533|B016@4.883|B036@7.033;v2:B032@1.367|B043@1.617|B010@1.900|B042@2.683|B033@3.933|B004@5.517|B006@8.350;v3:B019@0.250|B031@0.500|B013@0.817|B014@1.067|B015@1.317|B018@1.567|B041@2.133|B049@3.000|B039@4.250|B012@6.167|B037@9.817,greedy,193.9591474533081,44.78024994023144,0.8423964654244873,0.9890494272507817,0,0.8423964868840457,0.9890494271196203,0
2,cascade,46802,pc_rollout,2,0.6291404630261243,0.1747367773210393,0.769709689534936,0.023432115881408217,0.4999246384013164,0.3135978832632685,0.06280059892554384,0.07938704720303683,0.0657386169067384,1136.3598327636719,1.6742956638336182,351.7627182006836,60.14051175117493,0.0,23.989475965499878,80.30829620361328,6.325704574584961,8.0,36.0,30.0,110.89925193786621,109.29301071166992,0.0,0,0,0.9890495041037868,0.0,0,0.0,0,0.8423945067513249,0.7907130718231201,0.992330402135849,1.0,36,35,30,0.8333333333333334,3.000952380952381,2.55,B019@0.250;B025@0.483;B031@0.500;B026@0.733;B013@0.817;B022@0.867;B014@1.067;B009@1.100;B035@1.183;B015@1.317;B032@1.367;B045@1.433;B017@1.500;B018@1.567;B043@1.617;B005@1.700;B010@1.900;B038@1.900;B041@2.133;B003@2.450;B044@2.667;B042@2.683;B049@3.000;B008@3.533;B034@3.917;B033@3.933;B039@4.250;B016@4.883;B046@5.433;B004@5.517;B012@6.167;B036@7.033;B001@7.967;B006@8.350;B037@9.817,v0:B025@0.483|B026@0.733|B009@1.100|B017@1.500|B038@1.900|B044@2.667|B034@3.917|B046@5.433|B001@7.967;v1:B022@0.867|B035@1.183|B045@1.433|B005@1.700|B003@2.450|B008@3.533|B016@4.883|B036@7.033;v2:B032@1.367|B043@1.617|B010@1.900|B042@2.683|B033@3.933|B004@5.517|B006@8.350;v3:B019@0.250|B031@0.500|B013@0.817|B014@1.067|B015@1.317|B018@1.567|B041@2.133|B049@3.000|B039@4.250|B012@6.167|B037@9.817,greedy,150.23198246955872,44.36166685385009,0.8423964496261881,0.9890494272507817,0,0.842396500064589,0.9890494271196203,0
3,ood,47281,forecast_matched,3,0.5989829454683232,0.1437246009492772,0.7763468905783197,0.027428390680095022,0.3751897125368232,0.3433105488495447,0.013253240745461978,0.1080933509614395,0.07357443627369804,1704.2539443969727,7.111042022705078,354.5162944793701,209.26283168792725,0.0,63.79560661315918,120.82901763916016,16.88895845413208,24.0,36.0,26.0,110.89925956726074,99.88994789123535,0.0,0,0,0.9892593429254591,0.0,0,0.0,0,0.8415632634867982,0.7037066022555033,0.9523967504501343,1.0,36,28,26,0.7222222222222222,2.630952380952381,2.183333333333333,B008@0.317;B035@0.367;B022@0.617;B045@0.617;B006@0.667;B042@0.883;B001@0.900;B044@0.933;B014@1.317;B036@1.400;B034@1.617;B009@1.650;B016@2.067;B047@2.150;B003@2.383;B040@2.550;B005@2.917;B049@2.983;B043@3.150;B020@3.550;B032@3.933;B046@4.000;B025@4.383;B019@4.867;B037@5.467;B048@5.500;B015@6.117;B031@6.367,v0:B035@0.367|B045@0.617|B042@0.883|B036@1.400|B047@2.150|B005@2.917|B032@3.933|B037@5.467;v1:B022@0.617|B001@0.900|B014@1.317|B016@2.067|B049@2.983|B046@4.000|B048@5.500;v2:B034@1.617|B003@2.383|B043@3.150|B025@4.383|B015@6.117;v3:B008@0.317|B006@0.667|B044@0.933|B009@1.650|B040@2.550|B020@3.550|B019@4.867|B031@6.367,static,961.9243469238281,45.71219999343157,0.8415632439109111,0.9892591243333683,0,0.8415632454989731,0.989259124286116,0
3,ood,47281,pc_rollout,3,0.5989829454683232,0.1437246009492772,0.7763468905783197,0.027428390680095022,0.3751897125368232,0.3433105488495447,0.013253240745461978,0.1080933509614395,0.07357443627369804,1704.2539443969727,7.111042022705078,354.5162944793701,209.26283168792725,0.0,63.79560661315918,120.82901763916016,16.88895845413208,24.0,36.0,26.0,110.89925956726074,99.88994789123535,0.0,0,0,0.9892593424513608,0.0,0,0.0,0,0.841563953827575,0.7037066022555033,0.9523967504501343,1.0,36,28,26,0.7222222222222222,2.630952380952381,2.183333333333333,B008@0.317;B035@0.367;B022@0.617;B045@0.617;B006@0.667;B042@0.883;B001@0.900;B044@0.933;B014@1.317;B036@1.400;B034@1.617;B009@1.650;B016@2.067;B047@2.150;B003@2.383;B040@2.550;B005@2.917;B049@2.983;B043@3.150;B020@3.550;B032@3.933;B046@4.000;B025@4.383;B019@4.867;B037@5.467;B048@5.500;B015@6.117;B031@6.367,v0:B035@0.367|B045@0.617|B042@0.883|B036@1.400|B047@2.150|B005@2.917|B032@3.933|B037@5.467;v1:B022@0.617|B001@0.900|B014@1.317|B016@2.067|B049@2.983|B046@4.000|B048@5.500;v2:B034@1.617|B003@2.383|B043@3.150|B025@4.383|B015@6.117;v3:B008@0.317|B006@0.667|B044@0.933|B009@1.650|B040@2.550|B020@3.550|B019@4.867|B031@6.367,static,662.8349075317383,44.542066752910614,0.8415632492714882,0.9892591243333683,0,0.8415632329331589,0.989259124286116,0
4,nominal,50288,forecast_matched,4,0.8693376195091862,0.19347304092851608,0.7649240891953508,0.021003679028118834,0.46069452738780786,0.33053305827102525,0.07169732798656613,0.02745860252809388,0.026558568775487422,64.82206439971924,0.0,24.931553959846497,0.0,0.0,1.9324273125675973e-05,11.024140357971191,6.0,6.0,17.0,16.0,110.89925956726074,110.89925956726074,0.0,0,0,0.98927421002083,0.0,0,0.0,0,0.8407646077468145,1.0,1.0,1.0,17,17,16,0.9411764705882353,2.322549019607843,1.4,B032@0.367;B043@0.367;B034@0.617;B039@0.883;B049@0.883;B004@0.917;B003@1.383;B005@1.650;B006@1.900;B035@2.000;B042@2.400;B044@2.667;B022@2.983;B010@3.283;B001@3.950;B033@5.433;B045@7.800,v0:B034@0.617|B003@1.383|B042@2.400|B001@3.950;v1:B004@0.917|B035@2.000|B010@3.283;v2:B032@0.367|B039@0.883|B005@1.650|B044@2.667|B033@5.433;v3:B043@0.367|B049@0.883|B006@1.900|B022@2.983|B045@7.800,forecast_matched,0.00022652646293863654,35.441383331393205,0.8407646400394024,0.989274124239853,0,0.8407646031687632,0.9892741239019044,0
4,nominal,50288,pc_rollout,4,0.8693376195091862,0.19347304092851608,0.7649240891953508,0.021003679028118834,0.46069452738780786,0.33053305827102525,0.07169732798656613,0.02745860252809388,0.026558568775487422,64.82206439971924,0.0,24.931553959846497,0.0,0.0,1.9324273125675973e-05,11.024140357971191,6.0,6.0,17.0,16.0,110.89925956726074,110.89925956726074,0.0,0,0,0.98927421002083,0.0,0,0.0,0,0.8407648854260781,1.0,1.0,1.0,17,17,16,0.9411764705882353,2.322549019607843,1.4,B032@0.367;B043@0.367;B034@0.617;B039@0.883;B049@0.883;B004@0.917;B003@1.383;B005@1.650;B006@1.900;B035@2.000;B042@2.400;B044@2.667;B022@2.983;B010@3.283;B001@3.950;B033@5.433;B045@7.800,v0:B034@0.617|B003@1.383|B042@2.400|B001@3.950;v1:B004@0.917|B035@2.000|B010@3.283;v2:B032@0.367|B039@0.883|B005@1.650|B044@2.667|B033@5.433;v3:B043@0.367|B049@0.883|B006@1.900|B022@2.983|B045@7.800,forecast_matched,0.0003040257051907247,46.561633314316474,0.8407646437738902,0.989274124239853,0,0.8407646039830146,0.9892741239019044,0
5,single_domain,48980,forecast_matched,5,0.8034954457937138,0.13766313849167355,0.7648946775140036,0.024562349056070104,0.37716986074995806,0.537918716247739,0.061420351321046764,0.051131378778964155,0.05312416807617999,2061.7073974609375,3.276546457549557,768.1450805664062,21.458130478858948,0.0,15.04641044139862,63.549896240234375,52.72345471382141,56.0,31.0,26.0,110.89925956726074,110.89925956726074,0.0,0,0,0.9889395749171778,0.0,0,0.0,0,0.8432808231218264,0.9414902627468109,1.0,1.0,31,31,26,0.8387096774193549,3.63494623655914,2.283333333333333,B037@0.583;B038@0.583;B005@0.850;B039@0.850;B022@0.867;B049@1.100;B043@1.117;B044@1.183;B045@1.367;B025@1.600;B032@1.700;B004@1.950;B026@2.100;B033@2.117;B003@2.467;B036@2.783;B046@2.883;B008@3.017;B048@3.233;B006@3.800;B042@3.900;B031@4.083;B007@4.567;B010@5.317;B034@5.417;B035@5.950;B019@6.633;B001@7.367;B047@9.183;B041@10.317;B009@13.800,v0:B037@0.583|B005@0.850|B043@1.117|B025@1.600|B026@2.100|B008@3.017|B031@4.083|B035@5.950|B041@10.317;v1:B038@0.583|B039@0.850|B049@1.100|B045@1.367|B004@1.950|B036@2.783|B006@3.800|B010@5.317|B001@7.367;v2:B022@0.867|B044@1.183|B032@1.700|B003@2.467|B048@3.233|B007@4.567|B019@6.633|B009@13.800;v3:B033@2.117|B046@2.883|B042@3.900|B034@5.417|B047@9.183,greedy,13.378303300589323,41.131299920380116,0.8432808723711656,0.9889395494352415,0,0.843280851720539,0.9889395493644595,0
5,single_domain,48980,pc_rollout,5,0.8034954457937138,0.13766313849167355,0.7648946775140036,0.024562349056070104,0.37716986074995806,0.537918716247739,0.061420351321046764,0.051131378778964155,0.05312416807617999,2061.7073974609375,3.276546457549557,768.1450805664062,21.458130478858948,0.0,15.04641044139862,63.549896240234375,52.72345471382141,56.0,31.0,26.0,110.89925956726074,110.89925956726074,0.0,0,0,0.988939574917178,0.0,0,0.0,0,0.8432792922194076,0.9414902627468109,1.0,1.0,31,31,26,0.8387096774193549,3.63494623655914,2.283333333333333,B037@0.583;B038@0.583;B005@0.850;B039@0.850;B022@0.867;B049@1.100;B043@1.117;B044@1.183;B045@1.367;B025@1.600;B032@1.700;B004@1.950;B026@2.100;B033@2.117;B003@2.467;B036@2.783;B046@2.883;B008@3.017;B048@3.233;B006@3.800;B042@3.900;B031@4.083;B007@4.567;B010@5.317;B034@5.417;B035@5.950;B019@6.633;B001@7.367;B047@9.183;B041@10.317;B009@13.800,v0:B037@0.583|B005@0.850|B043@1.117|B025@1.600|B026@2.100|B008@3.017|B031@4.083|B035@5.950|B041@10.317;v1:B038@0.583|B039@0.850|B049@1.100|B045@1.367|B004@1.950|B036@2.783|B006@3.800|B010@5.317|B001@7.367;v2:B022@0.867|B044@1.183|B032@1.700|B003@2.467|B048@3.233|B007@4.567|B019@6.633|B009@13.800;v3:B033@2.117|B046@2.883|B042@3.900|B034@5.417|B047@9.183,greedy,18.04769676923752,40.983016680305205,0.8432808860806978,0.9889395494352415,0,0.8432808407474613,0.9889395493644595,0
6,cascade,47726,forecast_matched,6,0.715066640828751,0.30478603627345974,0.7667210592390831,0.017820614026335398,0.49682999486300317,0.45196951849206396,0.07446516148611788,0.12918565571657334,0.0755394455118195,2185.9402770996094,11.25837528705597,704.3758239746094,97.18634033203125,0.0,43.41098880767822,110.42723083496094,70.74162578582764,82.0,33.0,27.0,110.89926147460938,108.06382751464844,0.0,0,0,0.9891384188037918,0.0,0,0.0,0,0.8425697293308263,0.8627027534857029,0.9837471544742584,1.0,33,31,27,0.8181818181818182,3.063978494623656,3.05,B032@0.367;B038@0.583;B005@0.633;B046@0.833;B022@0.867;B034@0.867;B006@0.883;B048@1.083;B045@1.133;B007@1.233;B040@1.283;B009@1.533;B001@1.667;B019@1.800;B041@1.833;B008@2.650;B039@2.683;B003@2.900;B044@2.950;B033@3.700;B043@3.750;B026@4.117;B036@4.217;B042@4.950;B047@5.033;B031@5.567;B020@5.600;B049@6.467;B037@7.283;B035@8.183;B025@8.333,v0:B032@0.367|B005@0.633|B006@0.883|B007@1.233|B019@1.800|B003@2.900|B026@4.117|B020@5.600|B025@8.333;v1:B038@0.583|B046@0.833|B048@1.083|B009@1.533|B008@2.650|B043@3.750|B047@5.033|B037@7.283;v2:B022@0.867|B040@1.283|B041@1.833|B044@2.950|B036@4.217|B031@5.567|B035@8.183;v3:B034@0.867|B045@1.133|B001@1.667|B039@2.683|B033@3.700|B042@4.950|B049@6.467,robust_pc_rollout,189.20440864562988,37.87981648929417,0.8425697301391208,0.9891381567946704,0,0.8425697518087216,0.9891381567564743,0
6,cascade,47726,pc_rollout,6,0.715066640828751,0.30478603627345974,0.7667210592390831,0.017820614026335398,0.49682999486300317,0.45196951849206396,0.07446516148611788,0.12918565571657334,0.0755394455118195,2185.9402770996094,11.25837528705597,704.3758239746094,97.18634033203125,0.0,43.41098880767822,110.42723083496094,70.74162578582764,82.0,33.0,27.0,110.89926147460938,108.06382751464844,0.0,0,0,0.9891384185460415,0.0,0,0.0,0,0.8425698676143512,0.8627027534857029,0.9837471544742584,1.0,33,31,27,0.8181818181818182,3.063978494623656,3.05,B032@0.367;B038@0.583;B005@0.633;B046@0.833;B022@0.867;B034@0.867;B006@0.883;B048@1.083;B045@1.133;B007@1.233;B040@1.283;B009@1.533;B001@1.667;B019@1.800;B041@1.833;B008@2.650;B039@2.683;B003@2.900;B044@2.950;B033@3.700;B043@3.750;B026@4.117;B036@4.217;B042@4.950;B047@5.033;B031@5.567;B020@5.600;B049@6.467;B037@7.283;B035@8.183;B025@8.333,v0:B032@0.367|B005@0.633|B006@0.883|B007@1.233|B019@1.800|B003@2.900|B026@4.117|B020@5.600|B025@8.333;v1:B038@0.583|B046@0.833|B048@1.083|B009@1.533|B008@2.650|B043@3.750|B047@5.033|B037@7.283;v2:B022@0.867|B040@1.283|B041@1.833|B044@2.950|B036@4.217|B031@5.567|B035@8.183;v3:B034@0.867|B045@1.133|B001@1.667|B039@2.683|B033@3.700|B042@4.950|B049@6.467,robust_pc_rollout,157.7482634782791,46.82223328078786,0.8425697315347692,0.9891381567946704,0,0.842569736542325,0.9891381567564743,0
7,ood,44709,forecast_matched,7,0.5575680721624173,0.1807178581582557,0.7662219897182149,0.017415242084770667,0.46704737096248305,0.7042196018812603,0.060648314104708556,0.027262463798070086,0.044881591576281236,2035.0740661621094,10.178301870822906,445.3067092895508,209.1606044769287,0.0,59.37354230880737,79.29742431640625,45.954689025878906,56.0,33.0,26.0,110.89925765991211,93.05171871185303,0.0,0,0,0.9891431398872524,0.0,0,0.0,0,0.8417096282082658,0.8206194468906948,0.9249725838502248,1.0,33,27,26,0.7878787878787878,2.5969135802469143,1.9833333333333334,B047@0.333;B001@0.350;B044@0.600;B022@0.633;B019@0.750;B033@0.867;B043@0.967;B031@1.250;B006@1.383;B026@1.483;B035@1.483;B008@1.817;B045@1.900;B004@2.067;B007@2.400;B005@2.667;B020@2.667;B034@2.900;B010@3.483;B032@3.683;B046@3.817;B042@4.167;B048@5.000;B049@5.200;B040@5.467;B039@5.933;B041@6.850,v0:B019@0.750|B031@1.250|B008@1.817|B020@2.667|B046@3.817|B040@5.467;v1:B026@1.483|B007@2.400|B010@3.483|B048@5.000|B041@6.850;v2:B047@0.333|B044@0.600|B033@0.867|B006@1.383|B045@1.900|B005@2.667|B032@3.683|B049@5.200;v3:B001@0.350|B022@0.633|B043@0.967|B035@1.483|B004@2.067|B034@2.900|B042@4.167|B039@5.933,forecast_matched,837.0686874389648,38.707749995713435,0.8417097000998568,0.9891431122094074,0,0.8417096903279633,0.9891431121000805,0
7,ood,44709,pc_rollout,7,0.5575680721624173,0.1807178581582557,0.7662219897182149,0.017415242084770667,0.46704737096248305,0.7042196018812603,0.060648314104708556,0.027262463798070086,0.044881591576281236,2035.0740661621094,10.178301870822906,445.3067092895508,209.1606044769287,0.0,59.37354230880737,79.29742431640625,45.954689025878906,56.0,33.0,26.0,110.89925765991211,93.05171871185303,0.0,0,0,0.9891431398872524,0.0,0,0.0,0,0.8417102043553745,0.8206194468906948,0.9249725838502248,1.0,33,27,26,0.7878787878787878,2.5969135802469143,1.9833333333333334,B047@0.333;B001@0.350;B044@0.600;B022@0.633;B019@0.750;B033@0.867;B043@0.967;B031@1.250;B006@1.383;B026@1.483;B035@1.483;B008@1.817;B045@1.900;B004@2.067;B007@2.400;B005@2.667;B020@2.667;B034@2.900;B010@3.483;B032@3.683;B046@3.817;B042@4.167;B048@5.000;B049@5.200;B040@5.467;B039@5.933;B041@6.850,v0:B019@0.750|B031@1.250|B008@1.817|B020@2.667|B046@3.817|B040@5.467;v1:B026@1.483|B007@2.400|B010@3.483|B048@5.000|B041@6.850;v2:B047@0.333|B044@0.600|B033@0.867|B006@1.383|B045@1.900|B005@2.667|B032@3.683|B049@5.200;v3:B001@0.350|B022@0.633|B043@0.967|B035@1.483|B004@2.067|B034@2.900|B042@4.167|B039@5.933,forecast_matched,718.213794708252,40.60475000490745,0.8417096984862378,0.9891431122094074,0,0.8417096799868079,0.9891431121000805,0
8,nominal,47930,forecast_matched,8,0.6703621627606781,0.273927818770635,0.7619812132080703,0.0022503187438345277,0.5266496708240155,0.31920158142955923,0.05669093238054103,0.09849456025326149,0.04561302520920772,1092.3330688476562,1.2540742233395576,416.11756896972656,4.650745898485184,0.0,0.0002570693541201763,64.75601959228516,22.745925307273865,24.0,17.0,17.0,110.89925384521484,110.89925384521484,0.0,0,0,0.9889516161252199,0.0,0,0.0,0,0.8429929559966898,0.9477468878030777,1.0,1.0,17,17,17,1.0,2.056862745098039,1.2833333333333334,B006@0.350;B010@0.350;B033@0.617;B034@0.617;B042@0.633;B022@0.867;B044@1.117;B035@1.133;B032@1.383;B049@1.917;B005@2.133;B001@2.667;B039@3.150;B045@3.683;B004@3.967;B043@4.717;B003@5.667,v0:B034@0.617|B044@1.117|B005@2.133|B004@3.967;v1:B022@0.867|B049@1.917|B045@3.683;v2:B006@0.350|B033@0.617|B035@1.133|B001@2.667|B043@4.717;v3:B010@0.350|B042@0.633|B032@1.383|B039@3.150|B003@5.667,forecast_matched,0.0009258980862796307,39.72054994665086,0.8429930047522786,0.9889512487185124,0,0.842993018255575,0.9889512486693051,0
8,nominal,47930,pc_rollout,8,0.6703621627606781,0.273927818770635,0.7619812132080703,0.0022503187438345277,0.5266496708240155,0.31920158142955923,0.05669093238054103,0.09849456025326149,0.04561302520920772,1092.339096069336,1.2539764195680618,416.12015533447266,4.650548547506332,0.0,7.414638298541831e-05,64.75601959228516,22.746023416519165,24.0,17.0,17.0,110.89925384521484,110.89925384521484,0.0,0,0,0.9889515320239951,0.0,0,0.0,0,0.8429924638884138,0.9477509756882986,1.0,1.0,17,17,17,1.0,2.209803921568627,1.3166666666666667,B034@0.617;B035@0.617;B022@0.867;B006@0.883;B033@0.883;B042@1.133;B010@1.150;B044@1.433;B032@1.883;B004@1.917;B005@2.167;B049@2.450;B001@3.433;B045@3.750;B039@3.933;B043@4.467;B003@5.983,v0:B034@0.617|B006@0.883|B010@1.150|B005@2.167|B039@3.933;v1:B035@0.617|B033@0.883|B042@1.133|B032@1.883|B001@3.433|B003@5.983;v2:B022@0.867|B044@1.433|B049@2.450|B043@4.467;v3:B004@1.917|B045@3.750,static,0.0010068233533786497,45.51913325364391,0.8429929117249995,0.9889511639058444,0,0.8429929117029829,0.9889511638566159,0
9,single_domain,50308,forecast_matched,9,0.8859324413862522,0.27937065250172166,0.7696758525492172,0.03057202101368636,0.37217678117466085,0.6728543645064677,0.03377455548972673,0.11950467892675601,0.05639149793610234,188.78437280654907,0.0,71.89030909538269,0.6858246326446533,0.0,0.006580414716154337,29.235443115234375,0.0,0.0,36.0,29.0,110.89926147460938,110.89926147460938,0.0,0,0,0.9892643130984786,0.0,0,0.0,0,0.8411725739248579,0.0,1.0,1.0,36,36,29,0.8055555555555556,4.126388888888889,3.8833333333333333,B003@0.600;B010@0.850;B027@0.983;B038@1.117;B048@1.367;B000@1.417;B033@1.617;B049@1.633;B031@1.750;B032@1.867;B001@1.900;B007@2.067;B006@2.100;B025@2.350;B026@2.417;B035@2.617;B019@2.633;B037@3.067;B022@3.183;B009@3.283;B041@3.400;B036@3.817;B046@4.000;B008@4.150;B030@4.233;B034@5.083;B028@5.300;B042@5.750;B029@5.983;B039@6.850;B045@7.850;B004@8.083;B044@8.683;B005@9.617;B020@10.767;B043@16.167,v0:B003@0.600|B010@0.850|B038@1.117|B048@1.367|B049@1.633|B001@1.900|B026@2.417|B009@3.283|B008@4.150|B042@5.750|B004@8.083|B043@16.167;v1:B027@0.983|B000@1.417|B031@1.750|B007@2.067|B019@2.633|B041@3.400|B030@4.233|B029@5.983|B044@8.683;v2:B033@1.617|B032@1.867|B025@2.350|B037@3.067|B036@3.817|B034@5.083|B039@6.850|B005@9.617;v3:B006@2.100|B035@2.617|B022@3.183|B046@4.000|B028@5.300|B045@7.850|B020@10.767,pc_rollout,6.498263420071453,38.17388329965373,0.8411725611863067,0.9892642625728449,0,0.8411725541033993,0.9892642624024928,0
9,single_domain,50308,pc_rollout,9,0.8859324413862522,0.27937065250172166,0.7696758525492172,0.03057202101368636,0.37217678117466085,0.6728543645064677,0.03377455548972673,0.11950467892675601,0.05639149793610234,188.78437280654907,0.0,71.89030909538269,0.6858246326446533,0.0,0.006580414716154337,29.235443115234375,0.0,0.0,36.0,29.0,110.89926147460938,110.89926147460938,0.0,0,0,0.9892643118026191,0.0,0,0.0,0,0.841174158435088,0.0,1.0,1.0,36,36,29,0.8055555555555556,4.126388888888889,3.8833333333333333,B003@0.600;B010@0.850;B027@0.983;B038@1.117;B048@1.367;B000@1.417;B033@1.617;B049@1.633;B031@1.750;B032@1.867;B001@1.900;B007@2.067;B006@2.100;B025@2.350;B026@2.417;B035@2.617;B019@2.633;B037@3.067;B022@3.183;B009@3.283;B041@3.400;B036@3.817;B046@4.000;B008@4.150;B030@4.233;B034@5.083;B028@5.300;B042@5.750;B029@5.983;B039@6.850;B045@7.850;B004@8.083;B044@8.683;B005@9.617;B020@10.767;B043@16.167,v0:B003@0.600|B010@0.850|B038@1.117|B048@1.367|B049@1.633|B001@1.900|B026@2.417|B009@3.283|B008@4.150|B042@5.750|B004@8.083|B043@16.167;v1:B027@0.983|B000@1.417|B031@1.750|B007@2.067|B019@2.633|B041@3.400|B030@4.233|B029@5.983|B044@8.683;v2:B033@1.617|B032@1.867|B025@2.350|B037@3.067|B036@3.817|B034@5.083|B039@6.850|B005@9.617;v3:B006@2.100|B035@2.617|B022@3.183|B046@4.000|B028@5.300|B045@7.850|B020@10.767,pc_rollout,6.504964134073816,48.700733265529074,0.8411725794209437,0.9892642625728435,0,0.8411725598422346,0.9892642624024934,0
10,cascade,45869,forecast_matched,10,0.718089231755236,0.1770550971113184,0.7741110733075056,0.027581844422433704,0.5175395974451747,0.35635750417543616,0.07516205055945631,0.12253735905991937,0.04774016622694326,188.04645800590515,0.0,21.531766891479492,29.767597675323486,0.0,11.768761277198792,45.044525146484375,0.0,0.0,36.0,25.0,110.89926147460938,104.27291870117188,0.0,0,0,0.9892831442431649,0.0,0,0.0,0,0.8399754382322437,0.0,0.9866385261217753,1.0,36,34,25,0.6944444444444444,3.8676470588235294,3.05,B034@0.367;B009@0.417;B028@0.483;B038@0.633;B027@0.733;B026@0.783;B036@0.850;B046@0.883;B047@1.100;B048@1.133;B004@1.217;B001@1.267;B045@1.367;B044@1.650;B000@1.950;B037@2.067;B033@2.383;B022@2.717;B029@2.983;B030@3.483;B042@3.883;B035@4.283;B031@4.817;B008@5.350;B043@5.633;B006@6.050;B010@6.667;B025@7.267;B039@7.650;B049@8.067;B005@9.183;B041@10.267;B007@11.500;B019@12.417,v0:B034@0.367|B038@0.633|B046@0.883|B048@1.133|B044@1.650|B022@2.717|B035@4.283|B006@6.050|B049@8.067|B019@12.417;v1:B009@0.417|B026@0.783|B004@1.217|B037@2.067|B030@3.483|B008@5.350|B025@7.267|B041@10.267;v2:B028@0.483|B027@0.733|B001@1.267|B000@1.950|B029@2.983|B031@4.817|B010@6.667|B005@9.183;v3:B036@0.850|B047@1.100|B045@1.367|B033@2.383|B042@3.883|B043@5.633|B039@7.650|B007@11.500,greedy,104.62913179397583,35.909366638710104,0.839975425156575,0.9892831165483649,0,0.8399754221992382,0.9892831164411757,0
10,cascade,45869,pc_rollout,10,0.718089231755236,0.1770550971113184,0.7741110733075056,0.027581844422433704,0.5175395974451747,0.35635750417543616,0.07516205055945631,0.12253735905991937,0.04774016622694326,188.04645800590515,0.0,21.531766891479492,29.767597675323486,0.0,11.768761277198792,45.044525146484375,0.0,0.0,36.0,25.0,110.89926147460938,104.27291870117188,0.0,0,0,0.9892831442420436,0.0,0,0.0,0,0.8399759556813986,0.0,0.9866385261217753,1.0,36,34,25,0.6944444444444444,3.8676470588235294,3.05,B034@0.367;B009@0.417;B028@0.483;B038@0.633;B027@0.733;B026@0.783;B036@0.850;B046@0.883;B047@1.100;B048@1.133;B004@1.217;B001@1.267;B045@1.367;B044@1.650;B000@1.950;B037@2.067;B033@2.383;B022@2.717;B029@2.983;B030@3.483;B042@3.883;B035@4.283;B031@4.817;B008@5.350;B043@5.633;B006@6.050;B010@6.667;B025@7.267;B039@7.650;B049@8.067;B005@9.183;B041@10.267;B007@11.500;B019@12.417,v0:B034@0.367|B038@0.633|B046@0.883|B048@1.133|B044@1.650|B022@2.717|B035@4.283|B006@6.050|B049@8.067|B019@12.417;v1:B009@0.417|B026@0.783|B004@1.217|B037@2.067|B030@3.483|B008@5.350|B025@7.267|B041@10.267;v2:B028@0.483|B027@0.733|B001@1.267|B000@1.950|B029@2.983|B031@4.817|B010@6.667|B005@9.183;v3:B036@0.850|B047@1.100|B045@1.367|B033@2.383|B042@3.883|B043@5.633|B039@7.650|B007@11.500,greedy,87.8182202577591,45.46243340397874,0.8399754280510425,0.9892831165483649,0,0.839975419805826,0.9892831164411757,0
11,ood,44425,forecast_matched,11,0.7234862304940025,0.2922403037704575,0.7618901729218533,0.0007608434337364473,0.4168709733782525,0.3112719966422935,0.009426634300219226,0.020545075459088107,0.011767751262382432,1614.5430603027344,10.886917054653168,209.01318740844727,278.4871006011963,0.0,83.39404535293579,67.1698226928711,5.4192588329315186,16.0,36.0,22.0,110.89925384521484,90.99425029754639,0.0,0,0,0.9892798383310781,0.0,0,0.0,0,0.840369629290314,0.3387036770582199,0.9282603164513906,1.0,36,28,22,0.6111111111111112,3.6529761904761906,3.716666666666667,B019@0.250;B031@0.250;B037@0.583;B046@0.600;B043@0.867;B045@1.100;B049@1.383;B023@1.800;B007@1.817;B030@2.067;B001@2.100;B002@2.450;B003@2.650;B009@2.983;B026@3.117;B010@3.650;B048@3.783;B032@4.200;B042@4.350;B039@4.933;B047@5.283;B041@5.833;B000@6.050;B024@6.633;B044@7.050;B036@7.933;B005@8.233;B006@10.333,v0:B007@1.817|B003@2.650|B010@3.650|B039@4.933|B024@6.633|B006@10.333;v1:B001@2.100|B026@3.117|B042@4.350|B000@6.050|B005@8.233;v2:B019@0.250|B037@0.583|B045@1.100|B023@1.800|B002@2.450|B048@3.783|B047@5.283|B044@7.050;v3:B031@0.250|B046@0.600|B043@0.867|B049@1.383|B030@2.067|B009@2.983|B032@4.200|B041@5.833|B036@7.933,greedy,1008.5400695800781,35.91781652842959,0.8403696217213288,0.9892798203552049,0,0.8403696312553188,0.9892798202873425,0
11,ood,44425,pc_rollout,11,0.7234862304940025,0.2922403037704575,0.7618901729218533,0.0007608434337364473,0.4168709733782525,0.3112719966422935,0.009426634300219226,0.020545075459088107,0.011767751262382432,1614.5430603027344,10.886917054653168,209.01318740844727,278.4871006011963,0.0,83.39404535293579,67.1698226928711,5.4192588329315186,16.0,36.0,22.0,110.89925384521484,90.99425029754639,0.0,0,0,0.9892798383310781,0.0,0,0.0,0,0.8403688479168282,0.3387036770582199,0.9282603164513906,1.0,36,28,22,0.6111111111111112,3.6529761904761906,3.716666666666667,B019@0.250;B031@0.250;B037@0.583;B046@0.600;B043@0.867;B045@1.100;B049@1.383;B023@1.800;B007@1.817;B030@2.067;B001@2.100;B002@2.450;B003@2.650;B009@2.983;B026@3.117;B010@3.650;B048@3.783;B032@4.200;B042@4.350;B039@4.933;B047@5.283;B041@5.833;B000@6.050;B024@6.633;B044@7.050;B036@7.933;B005@8.233;B006@10.333,v0:B007@1.817|B003@2.650|B010@3.650|B039@4.933|B024@6.633|B006@10.333;v1:B001@2.100|B026@3.117|B042@4.350|B000@6.050|B005@8.233;v2:B019@0.250|B037@0.583|B045@1.100|B023@1.800|B002@2.450|B048@3.783|B047@5.283|B044@7.050;v3:B031@0.250|B046@0.600|B043@0.867|B049@1.383|B030@2.067|B009@2.983|B032@4.200|B041@5.833|B036@7.933,greedy,781.4299774169922,45.336583318809666,0.8403696501180155,0.9892798203552049,0,0.8403696424837828,0.9892798202873425,0
12,nominal,49070,forecast_matched,12,0.7709330711618576,0.17855294934624968,0.7853844194965628,0.02816827286104746,0.2627194508816497,0.41147271774186045,0.0683887478957337,0.043612705209984,0.07746015470665288,2110.4378967285156,5.189910493791103,795.5920562744141,19.126579999923706,0.0,0.0015265325532141105,75.81255340576172,74.81009197235107,80.0,17.0,17.0,110.89925765991211,110.89925765991211,0.0,0,0,0.9890407611716662,0.0,0,0.0,0,0.8434412139921396,0.9351261496543884,1.0,1.0,17,17,17,1.0,1.838235294117647,1.3666666666666667,B001@0.350;B005@0.350;B049@0.350;B043@0.617;B004@0.700;B039@0.867;B034@1.117;B010@1.150;B032@1.533;B033@1.633;B042@1.883;B022@1.983;B006@2.800;B003@3.400;B045@3.650;B035@4.050;B044@4.817,v0:B001@0.350|B039@0.867|B033@1.633|B003@3.400;v1:B034@1.117|B042@1.883|B045@3.650;v2:B005@0.350|B043@0.617|B010@1.150|B022@1.983|B035@4.050;v3:B049@0.350|B004@0.700|B032@1.533|B006@2.800|B044@4.817,forecast_matched,20.031317949295044,37.50653324338297,0.8434412676632466,0.9890406358619548,0,0.8434412748560711,0.9890406354465977,0
12,nominal,49070,pc_rollout,12,0.7709330711618576,0.17855294934624968,0.7853844194965628,0.02816827286104746,0.2627194508816497,0.41147271774186045,0.0683887478957337,0.043612705209984,0.07746015470665288,2110.4378967285156,5.189910493791103,795.5920562744141,19.126579999923706,0.0,0.0015265325532141105,75.81255340576172,74.81009197235107,80.0,17.0,17.0,110.89925765991211,110.89925765991211,0.0,0,0,0.98904076117586,0.0,0,0.0,0,0.8434393373824709,0.9351261496543884,1.0,1.0,17,17,17,1.0,1.838235294117647,1.3666666666666667,B001@0.350;B005@0.350;B049@0.350;B043@0.617;B004@0.700;B039@0.867;B034@1.117;B010@1.150;B032@1.533;B033@1.633;B042@1.883;B022@1.983;B006@2.800;B003@3.400;B045@3.650;B035@4.050;B044@4.817,v0:B001@0.350|B039@0.867|B033@1.633|B003@3.400;v1:B034@1.117|B042@1.883|B045@3.650;v2:B005@0.350|B043@0.617|B010@1.150|B022@1.983|B035@4.050;v3:B049@0.350|B004@0.700|B032@1.533|B006@2.800|B044@4.817,forecast_matched,20.034096754927532,42.222699926545225,0.8434412583044104,0.9890406358619548,0,0.8434412730329031,0.9890406354465977,0
13,single_domain,50957,forecast_matched,13,0.743100307249349,0.32868577731159465,0.769102971352766,0.03163793758990849,0.49927909446429336,0.30875097770321847,0.0007497328083771127,0.1557059819665644,0.07269997564332202,47.228229224681854,0.0,18.11180865764618,0.0,0.0,0.007435036415699869,7.403509140014648,0.0,0.0,36.0,29.0,110.89925384521484,110.84200859069824,0.0,0,0,0.9892828705063631,0.0,0,0.0,0,0.8405291512298857,0.0,0.9997917711734772,1.0,36,36,29,0.8055555555555556,3.4805555555555556,3.8666666666666667,B007@0.317;B028@0.483;B019@0.633;B035@0.867;B031@0.883;B029@0.950;B005@1.133;B004@1.167;B030@1.200;B006@1.233;B010@1.400;B032@1.500;B033@1.500;B043@1.650;B044@1.667;B036@2.017;B008@2.100;B020@2.333;B042@2.400;B037@2.767;B003@2.933;B009@3.233;B022@3.233;B025@3.733;B046@3.950;B039@4.533;B026@4.850;B034@5.450;B038@5.450;B001@6.050;B041@6.600;B049@7.217;B027@7.733;B045@8.583;B040@11.400;B000@12.150,v0:B007@0.317|B019@0.633|B031@0.883|B006@1.233|B032@1.500|B036@2.017|B037@2.767|B025@3.733|B034@5.450|B049@7.217|B000@12.150;v1:B028@0.483|B029@0.950|B030@1.200|B043@1.650|B042@2.400|B022@3.233|B039@4.533|B001@6.050|B045@8.583;v2:B035@0.867|B005@1.133|B010@1.400|B044@1.667|B020@2.333|B009@3.233|B026@4.850|B041@6.600|B040@11.400;v3:B004@1.167|B033@1.500|B008@2.100|B003@2.933|B046@3.950|B038@5.450|B027@7.733,forecast_matched,0.0,41.14044993184507,0.8405291535229416,0.9892828577215056,0,0.8405290941119591,0.9892828576761014,0
13,single_domain,50957,pc_rollout,13,0.743100307249349,0.32868577731159465,0.769102971352766,0.03163793758990849,0.49927909446429336,0.30875097770321847,0.0007497328083771127,0.1557059819665644,0.07269997564332202,47.228229224681854,0.0,18.11180865764618,0.0,0.0,0.007435036415699869,7.403509140014648,0.0,0.0,36.0,29.0,110.89925384521484,110.84200859069824,0.0,0,0,0.9892828705016684,0.0,0,0.0,0,0.8405312971613061,0.0,0.9997917711734772,1.0,36,36,29,0.8055555555555556,3.4805555555555556,3.8666666666666667,B007@0.317;B028@0.483;B019@0.633;B035@0.867;B031@0.883;B029@0.950;B005@1.133;B004@1.167;B030@1.200;B006@1.233;B010@1.400;B032@1.500;B033@1.500;B043@1.650;B044@1.667;B036@2.017;B008@2.100;B020@2.333;B042@2.400;B037@2.767;B003@2.933;B009@3.233;B022@3.233;B025@3.733;B046@3.950;B039@4.533;B026@4.850;B034@5.450;B038@5.450;B001@6.050;B041@6.600;B049@7.217;B027@7.733;B045@8.583;B040@11.400;B000@12.150,v0:B007@0.317|B019@0.633|B031@0.883|B006@1.233|B032@1.500|B036@2.017|B037@2.767|B025@3.733|B034@5.450|B049@7.217|B000@12.150;v1:B028@0.483|B029@0.950|B030@1.200|B043@1.650|B042@2.400|B022@3.233|B039@4.533|B001@6.050|B045@8.583;v2:B035@0.867|B005@1.133|B010@1.400|B044@1.667|B020@2.333|B009@3.233|B026@4.850|B041@6.600|B040@11.400;v3:B004@1.167|B033@1.500|B008@2.100|B003@2.933|B046@3.950|B038@5.450|B027@7.733,forecast_matched,0.07010108442045748,41.63453339909514,0.8405291306031314,0.9892828577215056,0,0.8405291085711237,0.9892828576761014,0
14,cascade,45793,forecast_matched,14,0.8181014323517619,0.22725163426341996,0.7548308996725621,0.009334058381279247,0.31291444897155885,0.6596409487184873,0.009399474083267806,0.12478522822179872,0.01120866624946335,751.8068466186523,1.1504215002059937,187.50128936767578,70.65228390693665,0.0,18.613535821437836,62.74983215332031,16.849578857421875,18.0,32.0,23.0,110.89925575256348,104.20200729370117,0.0,0,0,0.9892561677402079,0.0,0,0.0,0,0.8416014299153164,0.9360877143012153,0.9783793687820435,1.0,32,32,23,0.71875,4.25625,3.183333333333333,B003@0.350;B004@0.417;B035@0.617;B042@0.750;B049@0.883;B019@1.117;B040@1.300;B025@1.600;B026@1.783;B010@1.850;B036@2.317;B045@2.383;B020@2.517;B046@3.067;B006@3.150;B008@3.367;B039@3.833;B034@3.867;B044@3.917;B031@4.433;B005@4.850;B022@4.933;B037@5.183;B048@6.017;B043@6.367;B001@6.717;B032@6.967;B033@7.800;B041@8.250;B007@8.833;B038@10.750;B009@16.017,v0:B003@0.350|B035@0.617|B049@0.883|B040@1.300|B026@1.783|B020@2.517|B008@3.367|B031@4.433|B048@6.017|B033@7.800|B009@16.017;v1:B004@0.417|B042@0.750|B019@1.117|B025@1.600|B036@2.317|B046@3.067|B039@3.833|B005@4.850|B043@6.367|B041@8.250;v2:B010@1.850|B045@2.383|B006@3.150|B044@3.917|B037@5.183|B032@6.967|B038@10.750;v3:B034@3.867|B022@4.933|B001@6.717|B007@8.833,forecast_matched,159.82481741905212,48.45989999982218,0.8416014900084717,0.9892561474890814,0,0.8416014986385894,0.9892561474137032,0
14,cascade,45793,pc_rollout,14,0.8181014323517619,0.22725163426341996,0.7548308996725621,0.009334058381279247,0.31291444897155885,0.6596409487184873,0.009399474083267806,0.12478522822179872,0.01120866624946335,751.8068466186523,1.1504215002059937,187.50128936767578,70.65228390693665,0.0,18.613535821437836,62.74983215332031,16.849578857421875,18.0,32.0,23.0,110.89925575256348,104.20200729370117,0.0,0,0,0.989256167741457,0.0,0,0.0,0,0.8416008650083193,0.9360877143012153,0.9783793687820435,1.0,32,32,23,0.71875,4.25625,3.183333333333333,B003@0.350;B004@0.417;B035@0.617;B042@0.750;B049@0.883;B019@1.117;B040@1.300;B025@1.600;B026@1.783;B010@1.850;B036@2.317;B045@2.383;B020@2.517;B046@3.067;B006@3.150;B008@3.367;B039@3.833;B034@3.867;B044@3.917;B031@4.433;B005@4.850;B022@4.933;B037@5.183;B048@6.017;B043@6.367;B001@6.717;B032@6.967;B033@7.800;B041@8.250;B007@8.833;B038@10.750;B009@16.017,v0:B003@0.350|B035@0.617|B049@0.883|B040@1.300|B026@1.783|B020@2.517|B008@3.367|B031@4.433|B048@6.017|B033@7.800|B009@16.017;v1:B004@0.417|B042@0.750|B019@1.117|B025@1.600|B036@2.317|B046@3.067|B039@3.833|B005@4.850|B043@6.367|B041@8.250;v2:B010@1.850|B045@2.383|B006@3.150|B044@3.917|B037@5.183|B032@6.967|B038@10.750;v3:B034@3.867|B022@4.933|B001@6.717|B007@8.833,forecast_matched,134.44240009784698,45.63821665942669,0.8416014895091712,0.9892561474890812,0,0.8416014924918133,0.9892561474137032,0
15,ood,44195,forecast_matched,15,0.8570021874806868,0.15426639703180547,0.7579101727904627,0.02944087179413334,0.3663678365246822,0.46625229606703406,0.07797052235386133,0.006288987200148295,0.0763788446380542,1765.41357421875,25.38566303253174,287.568256855011,264.4351043701172,0.0,65.39232730865479,108.69450378417969,22.917863488197327,48.0,36.0,24.0,110.89925765991211,89.11699676513672,0.0,0,0,0.9890106102970457,0.0,0,0.0,0,0.8403806958702885,0.4774554893374443,0.9333747824033102,1.0,36,32,24,0.6666666666666666,3.955729166666667,4.283333333333333,B019@0.250;B032@0.367;B048@0.583;B022@0.617;B043@0.617;B009@0.667;B001@0.867;B028@1.117;B003@1.133;B047@1.367;B045@1.400;B010@1.883;B041@2.083;B036@2.117;B049@2.167;B031@2.733;B005@3.133;B000@3.150;B030@3.350;B027@3.967;B006@4.383;B007@4.533;B038@4.767;B042@5.533;B029@6.067;B039@6.383;B004@6.617;B026@7.517;B044@9.767;B046@10.150;B025@11.550;B035@15.750,v0:B032@0.367|B043@0.617|B003@1.133|B010@1.883|B031@2.733|B027@3.967|B042@5.533|B026@7.517|B035@15.750;v1:B022@0.617|B028@1.117|B041@2.083|B000@3.150|B007@4.533|B039@6.383|B046@10.150;v2:B009@0.667|B047@1.367|B036@2.117|B005@3.133|B006@4.383|B029@6.067|B044@9.767;v3:B019@0.250|B048@0.583|B001@0.867|B045@1.400|B049@2.167|B030@3.350|B038@4.767|B004@6.617|B025@11.550,forecast_matched,894.5443572998047,46.346016538639866,0.8403807382612808,0.9890103035929764,0,0.8403807268129878,0.9890103035643343,0
15,ood,44195,pc_rollout,15,0.8570021874806868,0.15426639703180547,0.7579101727904627,0.02944087179413334,0.3663678365246822,0.46625229606703406,0.07797052235386133,0.006288987200148295,0.0763788446380542,1765.41357421875,25.38566303253174,287.568256855011,264.4351043701172,0.0,65.39232730865479,108.69450378417969,22.917863488197327,48.0,36.0,24.0,110.89925765991211,89.11699676513672,0.0,0,0,0.9890106102970457,0.0,0,0.0,0,0.8403805583245118,0.4774554893374443,0.9333747824033102,1.0,36,32,24,0.6666666666666666,3.955729166666667,4.283333333333333,B019@0.250;B032@0.367;B048@0.583;B022@0.617;B043@0.617;B009@0.667;B001@0.867;B028@1.117;B003@1.133;B047@1.367;B045@1.400;B010@1.883;B041@2.083;B036@2.117;B049@2.167;B031@2.733;B005@3.133;B000@3.150;B030@3.350;B027@3.967;B006@4.383;B007@4.533;B038@4.767;B042@5.533;B029@6.067;B039@6.383;B004@6.617;B026@7.517;B044@9.767;B046@10.150;B025@11.550;B035@15.750,v0:B032@0.367|B043@0.617|B003@1.133|B010@1.883|B031@2.733|B027@3.967|B042@5.533|B026@7.517|B035@15.750;v1:B022@0.617|B028@1.117|B041@2.083|B000@3.150|B007@4.533|B039@6.383|B046@10.150;v2:B009@0.667|B047@1.367|B036@2.117|B005@3.133|B006@4.383|B029@6.067|B044@9.767;v3:B019@0.250|B048@0.583|B001@0.867|B045@1.400|B049@2.167|B030@3.350|B038@4.767|B004@6.617|B025@11.550,forecast_matched,674.4751968383789,57.72004990528027,0.8403807608250683,0.9890103035929764,0,0.8403807276758222,0.9890103035643343,0
16,nominal,45163,forecast_matched,16,0.6306548746260714,0.12760391371424493,0.7781298601084309,0.002821357765818368,0.40542862761718,0.3178617211121054,0.038983518715282425,0.029600081773764587,0.03116481309926666,1308.9617767333984,3.1112645940990147,493.9327201843262,11.204822421073914,0.0,0.0027944297180511057,71.2735824584961,58.88873529434204,62.0,19.0,16.0,110.89925575256348,110.89925575256348,0.0,0,0,0.9889007447883402,0.0,0,0.0,0,0.8428820775009017,0.9498183111990651,1.0,1.0,19,19,16,0.8421052631578947,3.4921052631578946,2.7,B019@0.250;B040@0.317;B032@0.617;B044@0.733;B043@0.867;B009@1.450;B041@2.000;B033@2.117;B007@2.817;B005@3.367;B006@3.633;B008@3.817;B004@4.450;B042@5.133;B031@5.483;B025@5.733;B034@6.533;B020@8.067;B026@8.967,v0:B033@2.117|B006@3.633|B031@5.483|B026@8.967;v1:B008@3.817|B025@5.733;v2:B019@0.250|B032@0.617|B043@0.867|B041@2.000|B005@3.367|B042@5.133|B020@8.067;v3:B040@0.317|B044@0.733|B009@1.450|B007@2.817|B004@4.450|B034@6.533,forecast_matched,0.007103607291355729,43.788000009953976,0.8428820870819322,0.9889006321422645,0,0.8428821130759763,0.9889006319106871,0
16,nominal,45163,pc_rollout,16,0.6306548746260714,0.12760391371424493,0.7781298601084309,0.002821357765818368,0.40542862761718,0.3178617211121054,0.038983518715282425,0.029600081773764587,0.03116481309926666,1308.9617767333984,3.1112645940990147,493.9327201843262,11.204822421073914,0.0,0.0027944297180511057,71.2735824584961,58.88873529434204,62.0,19.0,16.0,110.89925575256348,110.89925575256348,0.0,0,0,0.9889007447883402,0.0,0,0.0,0,0.8428809604451698,0.9498183111990651,1.0,1.0,19,19,16,0.8421052631578947,3.4921052631578946,2.7,B019@0.250;B040@0.317;B032@0.617;B044@0.733;B043@0.867;B009@1.450;B041@2.000;B033@2.117;B007@2.817;B005@3.367;B006@3.633;B008@3.817;B004@4.450;B042@5.133;B031@5.483;B025@5.733;B034@6.533;B020@8.067;B026@8.967,v0:B033@2.117|B006@3.633|B031@5.483|B026@8.967;v1:B008@3.817|B025@5.733;v2:B019@0.250|B032@0.617|B043@0.867|B041@2.000|B005@3.367|B042@5.133|B020@8.067;v3:B040@0.317|B044@0.733|B009@1.450|B007@2.817|B004@4.450|B034@6.533,forecast_matched,0.007101926472387277,64.26398339681327,0.842882085196538,0.9889006321422645,0,0.8428821221373093,0.9889006319106871,0
17,single_domain,46879,forecast_matched,17,0.6139895747190882,0.16176010748257236,0.7623459798987798,0.0008804437347489636,0.2836785735774203,0.7945010023935537,0.07618007928168356,0.12799164229766338,0.06203680805443091,5.627057075500488,0.0,0.7226071357727051,0.0,0.0,4.886556048688817e-09,1.8787784576416016,2.0,2.0,28.0,22.0,110.89925765991211,110.77835083007812,0.0,0,0,0.9892966929708885,0.0,0,0.0,0,0.8396745641128633,1.0,0.999734491109848,1.0,28,28,22,0.7857142857142857,3.7845238095238094,2.3333333333333335,B004@0.417;B035@0.750;B032@0.867;B037@1.017;B043@1.117;B048@1.267;B026@1.483;B010@1.600;B034@1.633;B031@1.850;B009@2.100;B003@2.350;B036@2.400;B008@2.667;B046@3.050;B039@3.117;B038@3.400;B019@3.733;B045@4.067;B005@4.383;B025@4.867;B006@5.583;B033@6.083;B049@6.400;B007@7.283;B044@8.100;B041@9.967;B042@14.417,v0:B004@0.417|B035@0.750|B037@1.017|B048@1.267|B031@1.850|B008@2.667|B019@3.733|B006@5.583|B044@8.100;v1:B032@0.867|B043@1.117|B034@1.633|B036@2.400|B038@3.400|B025@4.867|B007@7.283;v2:B026@1.483|B009@2.100|B046@3.050|B045@4.067|B033@6.083|B041@9.967;v3:B010@1.600|B003@2.350|B039@3.117|B005@4.383|B049@6.400|B042@14.417,forecast_matched,0.0331362986471504,47.53538337536156,0.8396745515515526,0.9892966846204975,0,0.8396745616726948,0.9892966845887197,0
17,single_domain,46879,pc_rollout,17,0.6139895747190882,0.16176010748257236,0.7623459798987798,0.0008804437347489636,0.2836785735774203,0.7945010023935537,0.07618007928168356,0.12799164229766338,0.06203680805443091,5.627057075500488,0.0,0.7226071357727051,0.0,0.0,4.886556048688817e-09,1.8787784576416016,2.0,2.0,28.0,22.0,110.89925765991211,110.77835083007812,0.0,0,0,0.9892966929708885,0.0,0,0.0,0,0.8396769505037749,1.0,0.999734491109848,1.0,28,28,22,0.7857142857142857,3.7845238095238094,2.3333333333333335,B004@0.417;B035@0.750;B032@0.867;B037@1.017;B043@1.117;B048@1.267;B026@1.483;B010@1.600;B034@1.633;B031@1.850;B009@2.100;B003@2.350;B036@2.400;B008@2.667;B046@3.050;B039@3.117;B038@3.400;B019@3.733;B045@4.067;B005@4.383;B025@4.867;B006@5.583;B033@6.083;B049@6.400;B007@7.283;B044@8.100;B041@9.967;B042@14.417,v0:B004@0.417|B035@0.750|B037@1.017|B048@1.267|B031@1.850|B008@2.667|B019@3.733|B006@5.583|B044@8.100;v1:B032@0.867|B043@1.117|B034@1.633|B036@2.400|B038@3.400|B025@4.867|B007@7.283;v2:B026@1.483|B009@2.100|B046@3.050|B045@4.067|B033@6.083|B041@9.967;v3:B010@1.600|B003@2.350|B039@3.117|B005@4.383|B049@6.400|B042@14.417,forecast_matched,4.845463534351438,66.39145004252593,0.839674562504238,0.9892966846204975,0,0.8396745568464478,0.9892966845887197,0
18,cascade,43964,forecast_matched,18,0.6048410175603758,0.12567891558954616,0.7615385513748172,0.004385922736537496,0.19440488260713326,0.3717832596144994,0.009995096237829086,0.013680003846889513,0.06419781585216575,1567.3837280273438,11.564879164099693,481.5140380859375,74.30411326885223,0.0,63.95623278617859,75.99639129638672,42.435120820999146,54.0,31.0,24.0,110.89926528930664,108.4193286895752,0.0,0,0,0.9892495574914946,0.0,0,0.0,0,0.8419546945619161,0.7858355707592435,0.990524172782898,1.0,31,28,24,0.7741935483870968,3.357738095238095,2.55,B048@0.333;B005@0.350;B006@0.600;B039@0.600;B049@0.850;B032@0.867;B044@1.117;B045@1.133;B022@1.433;B037@1.583;B042@1.650;B047@2.000;B008@2.167;B043@2.400;B034@2.617;B010@2.767;B035@3.017;B001@3.450;B036@3.883;B019@4.117;B041@4.383;B003@5.000;B004@5.467;B046@5.967;B025@6.383;B031@7.350;B007@8.350;B026@14.183,v0:B037@1.583|B008@2.167|B035@3.017|B041@4.383|B025@6.383;v1:B034@2.617|B036@3.883|B004@5.467|B007@8.350;v2:B048@0.333|B039@0.600|B049@0.850|B044@1.117|B022@1.433|B047@2.000|B010@2.767|B019@4.117|B046@5.967|B026@14.183;v3:B005@0.350|B006@0.600|B032@0.867|B045@1.133|B042@1.650|B043@2.400|B001@3.450|B003@5.000|B031@7.350,pc_rollout,297.0101432800293,67.57751666009426,0.8419547593814672,0.9892495187893366,0,0.8419547463636862,0.9892495186495645,0
18,cascade,43964,pc_rollout,18,0.6048410175603758,0.12567891558954616,0.7615385513748172,0.004385922736537496,0.19440488260713326,0.3717832596144994,0.009995096237829086,0.013680003846889513,0.06419781585216575,1575.8003234863281,11.77751936018467,482.1939392089844,75.10870575904846,0.0,67.64596176147461,75.94659423828125,42.22248160839081,54.0,31.0,24.0,110.89925765991211,108.41780853271484,0.0,0,0,0.989250664073084,0.0,0,0.0,0,0.8419262796233962,0.7818978075627927,0.990524172782898,1.0,31,28,24,0.7741935483870968,3.132738095238094,2.216666666666667,B048@0.333;B005@0.350;B006@0.350;B039@0.600;B032@0.617;B044@0.617;B049@0.850;B045@0.883;B022@0.933;B042@1.367;B047@1.400;B008@1.567;B037@1.583;B043@2.117;B010@2.167;B035@2.350;B001@2.683;B036@3.383;B019@3.517;B041@3.717;B003@4.233;B004@4.967;B046@5.367;B025@5.717;B031@6.583;B034@7.550;B007@8.200;B026@13.717,v0:B037@1.583|B035@2.350|B041@3.717|B025@5.717|B026@13.717;v1:B048@0.333|B039@0.600|B049@0.850|B042@1.367|B043@2.117|B036@3.383|B004@4.967|B034@7.550;v2:B005@0.350|B032@0.617|B045@0.883|B047@1.400|B010@2.167|B019@3.517|B046@5.367|B007@8.200;v3:B006@0.350|B044@0.617|B022@0.933|B008@1.567|B001@2.683|B003@4.233|B031@6.583,forecast_matched,197.4561264514923,67.94499993945162,0.8419278894509235,0.9892506345476317,0,0.8419279104175095,0.9892506344437972,0
19,ood,48502,forecast_matched,19,0.7108773739926857,0.14573002089108664,0.7836651356273905,0.0017730743451283414,0.4979526252066012,0.6106874669523178,0.04657470046508926,0.02078428512996938,0.030881656587810582,2567.4940490722656,18.80932715535164,576.8962326049805,250.64900398254395,0.0,128.02695178985596,111.26618194580078,45.190672874450684,64.0,36.0,25.0,110.89925956726074,90.96317195892334,0.0,0,0,0.989166520105869,0.0,0,0.0,0,0.8415799687572502,0.7061042636632919,0.9221347371737162,1.0,36,30,25,0.6944444444444444,3.2794444444444437,3.2666666666666666,B000@0.333;B037@0.333;B036@0.583;B038@0.750;B047@0.833;B034@1.017;B003@1.100;B039@1.100;B045@1.283;B004@1.433;B046@1.617;B048@1.800;B031@2.000;B010@2.017;B027@2.167;B029@2.467;B028@2.667;B033@2.800;B040@2.817;B001@3.400;B025@4.033;B009@4.217;B006@4.233;B042@4.700;B043@5.500;B049@6.017;B005@6.917;B032@7.200;B020@9.933;B008@13.117,v0:B003@1.100|B004@1.433|B010@2.017|B033@2.800|B025@4.033|B049@6.017|B008@13.117;v1:B031@2.000|B040@2.817|B009@4.217|B005@6.917;v2:B000@0.333|B038@0.750|B034@1.017|B045@1.283|B048@1.800|B029@2.467|B001@3.400|B042@4.700|B032@7.200;v3:B037@0.333|B036@0.583|B047@0.833|B039@1.100|B046@1.617|B027@2.167|B028@2.667|B006@4.233|B043@5.500|B020@9.933,forecast_matched,832.1014938354492,48.39359984422723,0.8415800039369735,0.9891663935572299,0,0.8415800487031615,0.9891663930550612,0
19,ood,48502,pc_rollout,19,0.7108773739926857,0.14573002089108664,0.7836651356273905,0.0017730743451283414,0.4979526252066012,0.6106874669523178,0.04657470046508926,0.02078428512996938,0.030881656587810582,2567.4940490722656,18.80932715535164,576.8962326049805,250.64900398254395,0.0,128.02695178985596,111.26618194580078,45.190672874450684,64.0,36.0,25.0,110.89925956726074,90.96317195892334,0.0,0,0,0.9891665201055779,0.0,0,0.0,0,0.8415801719831089,0.7061042636632919,0.9221347371737162,1.0,36,30,25,0.6944444444444444,3.2794444444444437,3.2666666666666666,B000@0.333;B037@0.333;B036@0.583;B038@0.750;B047@0.833;B034@1.017;B003@1.100;B039@1.100;B045@1.283;B004@1.433;B046@1.617;B048@1.800;B031@2.000;B010@2.017;B027@2.167;B029@2.467;B028@2.667;B033@2.800;B040@2.817;B001@3.400;B025@4.033;B009@4.217;B006@4.233;B042@4.700;B043@5.500;B049@6.017;B005@6.917;B032@7.200;B020@9.933;B008@13.117,v0:B003@1.100|B004@1.433|B010@2.017|B033@2.800|B025@4.033|B049@6.017|B008@13.117;v1:B031@2.000|B040@2.817|B009@4.217|B005@6.917;v2:B000@0.333|B038@0.750|B034@1.017|B045@1.283|B048@1.800|B029@2.467|B001@3.400|B042@4.700|B032@7.200;v3:B037@0.333|B036@0.583|B047@0.833|B039@1.100|B046@1.617|B027@2.167|B028@2.667|B006@4.233|B043@5.500|B020@9.933,forecast_matched,733.8414459228516,78.71384988538921,0.8415800175047451,0.9891663935572299,0,0.8415800177372652,0.9891663930550612,0
20,nominal,49878,forecast_matched,0,0.6171785487040202,0.3135386141231834,0.7848947330051844,0.015832604821210794,0.32189046416425693,0.7220257310666457,0.002574947266438743,0.1588218849918108,0.007307639953403138,38.74658441589009,0.0,14.902531385421753,0.0,0.0,3.906966071554052e-06,12.592334747314453,0.0,0.0,15.0,14.0,110.89925575256348,110.89925575256348,0.0,0,0,0.9892787866547276,0.0,0,0.0,0,0.8402659110094579,0.0,1.0,1.0,15,15,14,0.9333333333333333,2.631111111111111,1.25,B001@0.350;B033@0.367;B034@0.633;B035@1.117;B039@1.117;B045@1.400;B004@1.417;B006@2.133;B032@2.133;B043@2.417;B022@3.067;B005@3.883;B042@3.883;B044@4.433;B049@11.117,v0:B035@1.117|B006@2.133|B005@3.883;v1:B004@1.417|B022@3.067|B049@11.117;v2:B001@0.350|B039@1.117|B032@2.133|B042@3.883;v3:B033@0.367|B034@0.633|B045@1.400|B043@2.417|B044@4.433,forecast_matched,0.0006864968745503575,58.20103346680602,0.8402659008605873,0.9892787787726266,0,0.840265872991555,0.9892787787448029,0
20,nominal,49878,pc_rollout,0,0.6171785487040202,0.3135386141231834,0.7848947330051844,0.015832604821210794,0.32189046416425693,0.7220257310666457,0.002574947266438743,0.1588218849918108,0.007307639953403138,38.75929832501502,0.0,14.907423257827759,0.0,0.0,0.0,12.592334747314453,0.0,0.0,15.0,14.0,110.89925575256348,110.89925575256348,0.0,0,0,0.9892787959684896,0.0,0,0.0,0,0.840267107170856,0.0,1.0,1.0,15,15,14,0.9333333333333333,2.7277777777777783,1.2833333333333334,B034@0.367;B033@0.633;B001@0.933;B035@1.117;B004@1.417;B022@1.617;B039@1.700;B045@1.867;B006@2.500;B032@2.700;B043@2.717;B005@3.633;B042@4.267;B044@4.717;B049@10.733,v0:B034@0.367|B033@0.633|B001@0.933|B039@1.700|B043@2.717|B049@10.733;v1:B035@1.117|B045@1.867|B005@3.633;v2:B004@1.417|B006@2.500|B042@4.267;v3:B022@1.617|B032@2.700|B044@4.717,static,0.0008232406426031957,61.94353336468339,0.8402656501384178,0.9892787880534379,0,0.8402656330417593,0.9892787880254952,0
21,single_domain,51745,forecast_matched,1,0.6634816133486808,0.32304451698359343,0.7630088509931646,0.024104438953923026,0.2346449935521137,0.6096957874496168,0.02793887518835656,0.024994910978811475,0.06541349149127858,404.19374084472656,0.6940164053812623,148.89719009399414,2.7889034748077393,0.0,7.350273117423058,23.350797653198242,8.305983543395996,9.0,27.0,24.0,110.89925384521484,110.89925384521484,0.0,0,0,0.9889544698857703,0.0,0,0.0,0,0.8425559139315215,0.9228870603773329,1.0,1.0,27,27,24,0.8888888888888888,3.1191358024691365,2.4,B032@0.367;B034@0.633;B022@0.867;B044@0.883;B007@1.067;B026@1.350;B019@1.483;B008@1.567;B025@1.850;B041@2.000;B033@2.117;B004@2.200;B031@2.767;B003@2.817;B043@2.867;B005@3.033;B020@3.583;B040@3.733;B035@3.883;B049@4.050;B001@4.750;B009@5.133;B045@5.133;B039@5.300;B042@6.050;B010@6.667;B006@8.067,v0:B032@0.367|B034@0.633|B044@0.883|B026@1.350|B025@1.850|B003@2.817|B040@3.733|B009@5.133;v1:B022@0.867|B019@1.483|B041@2.000|B031@2.767|B020@3.583|B001@4.750|B042@6.050;v2:B007@1.067|B008@1.567|B004@2.200|B005@3.033|B049@4.050|B039@5.300|B006@8.067;v3:B033@2.117|B043@2.867|B035@3.883|B045@5.133|B010@6.667,forecast_matched,9.844063770025969,55.49824998403589,0.8425559297820093,0.9889543438905738,0,0.8425559203472436,0.9889543436897821,0
21,single_domain,51745,pc_rollout,1,0.6634816133486808,0.32304451698359343,0.7630088509931646,0.024104438953923026,0.2346449935521137,0.6096957874496168,0.02793887518835656,0.024994910978811475,0.06541349149127858,404.19374084472656,0.6940164053812623,148.89719009399414,2.7889034748077393,0.0,7.350273117423058,23.350797653198242,8.305983543395996,9.0,27.0,24.0,110.89925384521484,110.89925384521484,0.0,0,0,0.9889544698905792,0.0,0,0.0,0,0.8425538352690559,0.9228870603773329,1.0,1.0,27,27,24,0.8888888888888888,3.1191358024691365,2.4,B032@0.367;B034@0.633;B022@0.867;B044@0.883;B007@1.067;B026@1.350;B019@1.483;B008@1.567;B025@1.850;B041@2.000;B033@2.117;B004@2.200;B031@2.767;B003@2.817;B043@2.867;B005@3.033;B020@3.583;B040@3.733;B035@3.883;B049@4.050;B001@4.750;B009@5.133;B045@5.133;B039@5.300;B042@6.050;B010@6.667;B006@8.067,v0:B032@0.367|B034@0.633|B044@0.883|B026@1.350|B025@1.850|B003@2.817|B040@3.733|B009@5.133;v1:B022@0.867|B019@1.483|B041@2.000|B031@2.767|B020@3.583|B001@4.750|B042@6.050;v2:B007@1.067|B008@1.567|B004@2.200|B005@3.033|B049@4.050|B039@5.300|B006@8.067;v3:B033@2.117|B043@2.867|B035@3.883|B045@5.133|B010@6.667,forecast_matched,13.04858524352312,51.371749956160784,0.842555916510498,0.9889543438905738,0,0.842555925358456,0.9889543436897821,0
22,cascade,48790,forecast_matched,2,0.5637142167607664,0.3483990648254537,0.7628499488671578,0.023320650133174553,0.18258203054145272,0.44243491198149004,0.036075675337375775,0.03557055072949236,0.05700938211184549,1806.3759155273438,19.72117304801941,524.0881385803223,105.14737796783447,0.0,75.49340105056763,66.78643798828125,54.27882671356201,74.0,31.0,24.0,110.89925765991211,106.49732494354248,0.0,0,0,0.9891474497150058,0.0,0,0.0,0,0.8422523715990573,0.7334976582913786,0.9837736388047537,1.0,31,26,24,0.7741935483870968,2.4942307692307697,2.283333333333333,B019@0.250;B041@0.267;B008@0.567;B038@0.583;B010@0.617;B036@0.833;B003@0.867;B033@0.867;B044@0.917;B004@1.167;B042@1.367;B037@1.383;B007@1.517;B009@1.867;B006@2.133;B048@2.133;B034@2.367;B049@2.833;B031@3.217;B047@3.400;B005@3.883;B046@4.350;B045@5.083;B039@5.417;B025@7.600;B043@9.367,v0:B038@0.583|B036@0.833|B004@1.167|B009@1.867|B049@2.833|B046@4.350|B043@9.367;v1:B033@0.867|B042@1.367|B006@2.133|B047@3.400|B039@5.417;v2:B019@0.250|B008@0.567|B044@0.917|B007@1.517|B034@2.367|B005@3.883|B025@7.600;v3:B041@0.267|B010@0.617|B003@0.867|B037@1.383|B048@2.133|B031@3.217|B045@5.083,pc_rollout,254.12799453735352,48.5901499632746,0.8422523987062998,0.9891471945567897,0,0.8422523854891456,0.9891471945214704,0
22,cascade,48790,pc_rollout,2,0.5637142167607664,0.3483990648254537,0.7628499488671578,0.023320650133174553,0.18258203054145272,0.44243491198149004,0.036075675337375775,0.03557055072949236,0.05700938211184549,1806.3759155273438,19.72117304801941,524.0881385803223,105.14737796783447,0.0,75.49340105056763,66.78643798828125,54.27882671356201,74.0,31.0,24.0,110.89925765991211,106.49732494354248,0.0,0,0,0.9891474493745497,0.0,0,0.0,0,0.8422526158644719,0.7334976582913786,0.9837736388047537,1.0,31,26,24,0.7741935483870968,2.4942307692307697,2.283333333333333,B019@0.250;B041@0.267;B008@0.567;B038@0.583;B010@0.617;B036@0.833;B003@0.867;B033@0.867;B044@0.917;B004@1.167;B042@1.367;B037@1.383;B007@1.517;B009@1.867;B006@2.133;B048@2.133;B034@2.367;B049@2.833;B031@3.217;B047@3.400;B005@3.883;B046@4.350;B045@5.083;B039@5.417;B025@7.600;B043@9.367,v0:B038@0.583|B036@0.833|B004@1.167|B009@1.867|B049@2.833|B046@4.350|B043@9.367;v1:B033@0.867|B042@1.367|B006@2.133|B047@3.400|B039@5.417;v2:B019@0.250|B008@0.567|B044@0.917|B007@1.517|B034@2.367|B005@3.883|B025@7.600;v3:B041@0.267|B010@0.617|B003@0.867|B037@1.383|B048@2.133|B031@3.217|B045@5.083,pc_rollout,186.76469802856445,67.2210668368886,0.842252399998818,0.9891471945567896,0,0.8422523755017455,0.9891471945214704,0
23,ood,45781,forecast_matched,3,0.5629493453125426,0.2732378421781234,0.7549546913430293,0.008194094852543281,0.215263977116181,0.3748547385757429,0.07394607718460447,0.15473422178763968,0.025713413762143356,2363.0156860351562,15.098071247339249,479.9044532775879,300.40000915527344,0.0,79.35512113571167,98.50760650634766,42.90192890167236,58.0,33.0,20.0,110.89925765991211,96.1573133468628,0.0,0,0,0.9892547952844698,0.0,0,0.0,0,0.8412764387925689,0.7396884293391787,0.9392402370770773,1.0,33,25,20,0.6060606060606061,3.4933333333333336,2.1,B031@0.250;B038@0.333;B047@0.583;B001@0.600;B006@0.850;B010@0.900;B004@1.183;B037@1.333;B020@1.550;B039@2.033;B041@2.183;B040@2.300;B026@2.733;B049@3.033;B048@3.283;B035@3.467;B005@4.200;B045@4.550;B042@5.067;B036@5.483;B044@6.217;B008@6.650;B032@8.817;B043@9.250;B046@10.483,v0:B037@1.333|B041@2.183|B048@3.283|B042@5.067|B032@8.817;v1:B026@2.733|B005@4.200|B044@6.217|B046@10.483;v2:B031@0.250|B001@0.600|B010@0.900|B020@1.550|B040@2.300|B035@3.467|B036@5.483|B043@9.250;v3:B038@0.333|B047@0.583|B006@0.850|B004@1.183|B039@2.033|B049@3.033|B045@4.550|B008@6.650,forecast_matched,1095.0543518066406,65.36645015391211,0.8412764772864074,0.9892547550033025,0,0.8412764706553495,0.9892547548527421,0
23,ood,45781,pc_rollout,3,0.5629493453125426,0.2732378421781234,0.7549546913430293,0.008194094852543281,0.215263977116181,0.3748547385757429,0.07394607718460447,0.15473422178763968,0.025713413762143356,2363.0156860351562,15.098071247339249,479.9044532775879,300.40000915527344,0.0,79.35512113571167,98.50760650634766,42.90192890167236,58.0,33.0,20.0,110.89925765991211,96.1573133468628,0.0,0,0,0.9892547952844698,0.0,0,0.0,0,0.8412766274894665,0.7396884293391787,0.9392402370770773,1.0,33,25,20,0.6060606060606061,3.4933333333333336,2.1,B031@0.250;B038@0.333;B047@0.583;B001@0.600;B006@0.850;B010@0.900;B004@1.183;B037@1.333;B020@1.550;B039@2.033;B041@2.183;B040@2.300;B026@2.733;B049@3.033;B048@3.283;B035@3.467;B005@4.200;B045@4.550;B042@5.067;B036@5.483;B044@6.217;B008@6.650;B032@8.817;B043@9.250;B046@10.483,v0:B037@1.333|B041@2.183|B048@3.283|B042@5.067|B032@8.817;v1:B026@2.733|B005@4.200|B044@6.217|B046@10.483;v2:B031@0.250|B001@0.600|B010@0.900|B020@1.550|B040@2.300|B035@3.467|B036@5.483|B043@9.250;v3:B038@0.333|B047@0.583|B006@0.850|B004@1.183|B039@2.033|B049@3.033|B045@4.550|B008@6.650,forecast_matched,926.1511154174805,65.1846166389684,0.8412764837835964,0.9892547550033025,0,0.8412764711089946,0.9892547548527421,0
24,nominal,48983,forecast_matched,4,0.7814669629487307,0.22093479023816237,0.7564916573856477,0.002384057825095755,0.5091036246010516,0.6599032911489271,0.0594230034202674,0.15355321768224628,0.0714111951700203,1399.1881103515625,1.4234835505485535,532.2197647094727,7.556448459625244,0.0,0.002167009166441858,69.53379821777344,36.57651603221893,38.0,19.0,18.0,110.89925765991211,110.89925765991211,0.0,0,0,0.9889641623082912,0.0,0,0.0,0,0.8432273251625395,0.9625398955847088,1.0,1.0,19,19,18,0.9473684210526315,2.0929824561403514,1.1166666666666667,B037@0.333;B048@0.333;B005@0.600;B034@0.600;B032@0.867;B039@0.867;B049@1.117;B038@1.333;B010@1.400;B022@1.667;B035@1.867;B046@2.083;B003@2.150;B036@2.733;B047@2.883;B044@3.350;B045@3.417;B001@4.267;B006@7.900,v0:B038@1.333|B046@2.083|B044@3.350;v1:B035@1.867|B047@2.883|B006@7.900;v2:B037@0.333|B005@0.600|B032@0.867|B010@1.400|B003@2.150|B045@3.417;v3:B048@0.333|B034@0.600|B039@0.867|B049@1.117|B022@1.667|B036@2.733|B001@4.267,forecast_matched,0.004492883221246302,63.46928336036702,0.8432273403688058,0.9889636690473181,0,0.8432273965084499,0.988963668985892,0
24,nominal,48983,pc_rollout,4,0.7814669629487307,0.22093479023816237,0.7564916573856477,0.002384057825095755,0.5091036246010516,0.6599032911489271,0.0594230034202674,0.15355321768224628,0.0714111951700203,1399.1881103515625,1.4234835505485535,532.2197647094727,7.556448459625244,0.0,0.002167009166441858,69.53379821777344,36.57651603221893,38.0,19.0,18.0,110.89925765991211,110.89925765991211,0.0,0,0,0.988964163046591,0.0,0,0.0,0,0.8432263654793404,0.9625398955847088,1.0,1.0,19,19,18,0.9473684210526315,2.0929824561403514,1.1166666666666667,B037@0.333;B048@0.333;B005@0.600;B034@0.600;B032@0.867;B039@0.867;B049@1.117;B038@1.333;B010@1.400;B022@1.667;B035@1.867;B046@2.083;B003@2.150;B036@2.733;B047@2.883;B044@3.350;B045@3.417;B001@4.267;B006@7.900,v0:B038@1.333|B046@2.083|B044@3.350;v1:B035@1.867|B047@2.883|B006@7.900;v2:B037@0.333|B005@0.600|B032@0.867|B010@1.400|B003@2.150|B045@3.417;v3:B048@0.333|B034@0.600|B039@0.867|B049@1.117|B022@1.667|B036@2.733|B001@4.267,forecast_matched,0.004693610665821524,57.08030005916953,0.8432273513903361,0.9889636690473175,0,0.8432273908115709,0.988963668985892,0
25,single_domain,47463,forecast_matched,5,0.5932291791206799,0.22093876688309338,0.7577301724305808,0.01763650068727765,0.50705730930357,0.6724999265678187,0.06352723081253661,0.12729891747485148,0.06923915011365375,1259.1278533935547,2.966226721648127,464.195987701416,11.917258143424988,0.0,20.586431562900543,50.15119934082031,53.033772468566895,56.0,30.0,26.0,110.89925765991211,110.83981323242188,0.0,0,0,0.9890291553357726,0.0,0,0.0,0,0.8429054544437544,0.9470316512244088,0.9998652040958405,1.0,30,30,26,0.8666666666666667,3.1883333333333335,2.533333333333333,B003@0.350;B042@0.617;B035@0.867;B043@0.867;B004@0.917;B044@1.133;B019@1.233;B025@1.350;B022@1.367;B038@1.650;B008@1.800;B026@1.850;B049@1.917;B036@2.400;B010@2.633;B039@2.667;B005@2.817;B046@3.150;B034@3.400;B001@3.433;B045@3.833;B048@4.150;B031@4.517;B041@4.550;B007@5.183;B032@5.683;B009@6.183;B037@6.650;B033@8.033;B006@10.450,v0:B003@0.350|B042@0.617|B043@0.867|B044@1.133|B038@1.650|B036@2.400|B046@3.150|B048@4.150|B032@5.683|B006@10.450;v1:B035@0.867|B019@1.233|B008@1.800|B010@2.633|B034@3.400|B031@4.517|B009@6.183;v2:B004@0.917|B025@1.350|B026@1.850|B005@2.817|B045@3.833|B007@5.183|B033@8.033;v3:B022@1.367|B049@1.917|B039@2.667|B001@3.433|B041@4.550|B037@6.650,pc_rollout,30.81608819961548,67.2244499437511,0.8429054594484658,0.9890291046127033,0,0.8429054746736538,0.9890291044384452,0
25,single_domain,47463,pc_rollout,5,0.5932291791206799,0.22093876688309338,0.7577301724305808,0.01763650068727765,0.50705730930357,0.6724999265678187,0.06352723081253661,0.12729891747485148,0.06923915011365375,1259.1278533935547,2.966226721648127,464.195987701416,11.917258143424988,0.0,20.586431562900543,50.15119934082031,53.033772468566895,56.0,30.0,26.0,110.89925765991211,110.83981323242188,0.0,0,0,0.9890291553357726,0.0,0,0.0,0,0.8429054797018686,0.9470316512244088,0.9998652040958405,1.0,30,30,26,0.8666666666666667,3.1883333333333335,2.533333333333333,B003@0.350;B042@0.617;B035@0.867;B043@0.867;B004@0.917;B044@1.133;B019@1.233;B025@1.350;B022@1.367;B038@1.650;B008@1.800;B026@1.850;B049@1.917;B036@2.400;B010@2.633;B039@2.667;B005@2.817;B046@3.150;B034@3.400;B001@3.433;B045@3.833;B048@4.150;B031@4.517;B041@4.550;B007@5.183;B032@5.683;B009@6.183;B037@6.650;B033@8.033;B006@10.450,v0:B003@0.350|B042@0.617|B043@0.867|B044@1.133|B038@1.650|B036@2.400|B046@3.150|B048@4.150|B032@5.683|B006@10.450;v1:B035@0.867|B019@1.233|B008@1.800|B010@2.633|B034@3.400|B031@4.517|B009@6.183;v2:B004@0.917|B025@1.350|B026@1.850|B005@2.817|B045@3.833|B007@5.183|B033@8.033;v3:B022@1.367|B049@1.917|B039@2.667|B001@3.433|B041@4.550|B037@6.650,pc_rollout,32.09448632411659,77.35471660271287,0.8429054620425831,0.9890291046127033,0,0.8429054770654782,0.9890291044384452,0
26,cascade,50749,forecast_matched,6,0.77712520702307,0.27768054799472247,0.7820085644593197,0.011632860667669774,0.4519293741089189,0.787735503539359,0.054509207435815846,0.08618236947782983,0.0495462817672054,1557.0033264160156,6.103848271071911,450.0358533859253,97.56649208068848,0.0,22.374812364578247,46.31926727294922,37.896151542663574,44.0,32.0,22.0,110.89925384521484,101.488112449646,0.0,0,0,0.98913958566151,0.0,0,0.0,0,0.8422769068946707,0.8612761714241721,0.9625065823396047,1.0,32,30,22,0.6875,4.037222222222222,2.7333333333333334,B019@0.250;B041@0.517;B022@0.867;B035@0.883;B045@1.133;B039@1.167;B007@1.317;B033@1.400;B009@1.633;B026@1.733;B042@1.900;B049@2.350;B004@2.667;B001@2.700;B010@3.383;B032@3.617;B036@3.983;B046@4.000;B031@4.733;B037@5.150;B038@5.483;B048@5.750;B008@6.550;B006@6.917;B034@7.250;B043@7.533;B020@8.400;B025@8.883;B044@9.250;B040@9.717,v0:B022@0.867|B039@1.167|B009@1.633|B049@2.350|B010@3.383|B031@4.733|B008@6.550|B020@8.400;v1:B007@1.317|B026@1.733|B004@2.667|B046@4.000|B048@5.750|B043@7.533|B040@9.717;v2:B032@3.617|B037@5.150|B006@6.917|B025@8.883;v3:B019@0.250|B041@0.517|B035@0.883|B045@1.133|B033@1.400|B042@1.900|B001@2.700|B036@3.983|B038@5.483|B034@7.250|B044@9.250,forecast_matched,156.5239381790161,45.1802332730343,0.8422769194108529,0.9891393503359274,0,0.8422769500638754,0.9891393503050906,0
26,cascade,50749,pc_rollout,6,0.77712520702307,0.27768054799472247,0.7820085644593197,0.011632860667669774,0.4519293741089189,0.787735503539359,0.054509207435815846,0.08618236947782983,0.0495462817672054,1588.591323852539,6.329704582691193,451.83101749420166,104.40958786010742,0.0,30.470122575759888,58.78590774536133,37.67029547691345,44.0,32.0,22.0,110.89925765991211,100.80495262145996,0.0,0,0,0.9891382126921382,0.0,0,0.0,0,0.8422241717874026,0.8561430790207603,0.9610887368520101,1.0,32,30,22,0.6875,4.045000000000001,3.1666666666666665,B019@0.250;B041@0.517;B001@0.850;B035@0.883;B004@0.917;B039@1.117;B045@1.133;B033@1.250;B009@1.583;B026@1.617;B042@1.750;B049@2.267;B022@2.600;B010@2.833;B036@3.533;B032@3.617;B046@3.917;B007@4.167;B031@4.883;B037@5.150;B038@5.417;B008@5.917;B020@6.700;B048@6.900;B006@7.183;B034@7.767;B043@8.633;B025@8.867;B044@9.200;B040@9.933,v0:B001@0.850|B039@1.117|B009@1.583|B022@2.600|B046@3.917|B038@5.417|B006@7.183|B044@9.200;v1:B004@0.917|B033@1.250|B042@1.750|B049@2.267|B036@3.533|B031@4.883|B020@6.700|B043@8.633;v2:B032@3.617|B037@5.150|B048@6.900|B025@8.867;v3:B019@0.250|B041@0.517|B035@0.883|B045@1.133|B026@1.617|B010@2.833|B007@4.167|B008@5.917|B034@7.767|B040@9.933,pc_rollout,113.69070768356323,66.30216686365505,0.842223825826887,0.9891379669611334,0,0.8422238549277601,0.9891379669267765,0
27,ood,47705,forecast_matched,7,0.8608564584047087,0.2782330326764765,0.7643803098035228,0.001338446235631928,0.30533278261508257,0.6491188558483647,0.0736030429938193,0.0021058703648524535,0.044832724503896255,1692.3618621826172,9.519208192825317,253.55066871643066,267.92296600341797,0.0,49.47589734196663,71.11920166015625,30.95000123977661,40.0,36.0,26.0,110.89925765991211,91.44242668151855,0.0,0,0,0.9890116593512706,0.0,0,0.0,0,0.8413188988531661,0.7737500309944153,0.9225934545199076,1.0,36,30,26,0.7222222222222222,2.9111111111111114,3.3833333333333333,B008@0.317;B020@0.317;B040@0.567;B010@0.650;B025@0.733;B005@0.917;B036@0.967;B032@1.183;B038@1.200;B039@1.233;B042@1.433;B001@1.483;B043@1.500;B026@1.983;B047@2.217;B028@2.267;B007@2.350;B003@3.200;B037@3.217;B041@3.433;B034@3.567;B045@4.217;B006@4.483;B031@4.700;B029@5.017;B033@5.733;B046@6.250;B019@6.450;B049@6.950;B027@8.800,v0:B025@0.733|B038@1.200|B001@1.483|B028@2.267|B034@3.567|B029@5.017|B049@6.950;v1:B026@1.983|B003@3.200|B045@4.217|B033@5.733|B027@8.800;v2:B008@0.317|B010@0.650|B005@0.917|B032@1.183|B042@1.433|B047@2.217|B037@3.217|B006@4.483|B046@6.250;v3:B020@0.317|B040@0.567|B036@0.967|B039@1.233|B043@1.500|B007@2.350|B041@3.433|B031@4.700|B019@6.450,forecast_matched,963.3905334472656,68.84834993009765,0.841318959156841,0.9890116053843059,0,0.8413189526633154,0.9890116052801308,0
27,ood,47705,pc_rollout,7,0.8608564584047087,0.2782330326764765,0.7643803098035228,0.001338446235631928,0.30533278261508257,0.6491188558483647,0.0736030429938193,0.0021058703648524535,0.044832724503896255,1692.3618621826172,9.519208192825317,253.55066871643066,267.92296600341797,0.0,49.47589734196663,71.11920166015625,30.95000123977661,40.0,36.0,26.0,110.89925765991211,91.44242668151855,0.0,0,0,0.9890116593487364,0.0,0,0.0,0,0.841320068244628,0.7737500309944153,0.9225934545199076,1.0,36,30,26,0.7222222222222222,2.9111111111111114,3.3833333333333333,B008@0.317;B020@0.317;B040@0.567;B010@0.650;B025@0.733;B005@0.917;B036@0.967;B032@1.183;B038@1.200;B039@1.233;B042@1.433;B001@1.483;B043@1.500;B026@1.983;B047@2.217;B028@2.267;B007@2.350;B003@3.200;B037@3.217;B041@3.433;B034@3.567;B045@4.217;B006@4.483;B031@4.700;B029@5.017;B033@5.733;B046@6.250;B019@6.450;B049@6.950;B027@8.800,v0:B025@0.733|B038@1.200|B001@1.483|B028@2.267|B034@3.567|B029@5.017|B049@6.950;v1:B026@1.983|B003@3.200|B045@4.217|B033@5.733|B027@8.800;v2:B008@0.317|B010@0.650|B005@0.917|B032@1.183|B042@1.433|B047@2.217|B037@3.217|B006@4.483|B046@6.250;v3:B020@0.317|B040@0.567|B036@0.967|B039@1.233|B043@1.500|B007@2.350|B041@3.433|B031@4.700|B019@6.450,forecast_matched,705.9104919433594,63.38815010773639,0.8413189825861045,0.9890116053843059,0,0.8413189330618784,0.9890116052801308,0
28,nominal,44041,forecast_matched,8,0.5804919503950621,0.1832282631585997,0.771554343507084,0.0007067545537189425,0.3786451103786311,0.492169408609496,0.06624198803001939,0.11474458158763047,0.031135192703985678,721.3470993041992,1.0587945580482483,274.11500358581543,3.9062305092811584,0.0,0.0009408840705873445,46.78023147583008,18.941205620765686,20.0,15.0,15.0,110.89925193786621,110.89925193786621,0.0,0,0,0.9889962252786815,0.0,0,0.0,0,0.8426561642905047,0.9470602810382843,1.0,1.0,15,15,15,1.0,2.3744444444444444,1.2666666666666666,B022@0.367;B001@0.600;B005@0.600;B032@1.117;B006@1.200;B043@1.367;B049@1.617;B045@2.133;B004@2.533;B035@2.883;B044@3.133;B033@3.900;B034@4.367;B042@4.650;B039@5.150,v0:B022@0.367|B006@1.200|B004@2.533|B034@4.367;v1:B032@1.117|B045@2.133|B033@3.900;v2:B001@0.600|B049@1.617|B044@3.133|B039@5.150;v3:B005@0.600|B043@1.367|B035@2.883|B042@4.650,forecast_matched,3.2562316989933606,52.58326674811542,0.842656160713402,0.9889961475876361,0,0.8426561603191473,0.9889961475895921,0
28,nominal,44041,pc_rollout,8,0.5804919503950621,0.1832282631585997,0.771554343507084,0.0007067545537189425,0.3786451103786311,0.492169408609496,0.06624198803001939,0.11474458158763047,0.031135192703985678,721.3470993041992,1.0587945580482483,274.11500358581543,3.9062305092811584,0.0,0.0009408840705873445,46.78023147583008,18.941205620765686,20.0,15.0,15.0,110.89925193786621,110.89925193786621,0.0,0,0,0.9889962252786815,0.0,0,0.0,0,0.8426553606855259,0.9470602810382843,1.0,1.0,15,15,15,1.0,2.3744444444444444,1.2666666666666666,B022@0.367;B001@0.600;B005@0.600;B032@1.117;B006@1.200;B043@1.367;B049@1.617;B045@2.133;B004@2.533;B035@2.883;B044@3.133;B033@3.900;B034@4.367;B042@4.650;B039@5.150,v0:B022@0.367|B006@1.200|B004@2.533|B034@4.367;v1:B032@1.117|B045@2.133|B033@3.900;v2:B001@0.600|B049@1.617|B044@3.133|B039@5.150;v3:B005@0.600|B043@1.367|B035@2.883|B042@4.650,forecast_matched,3.2563796962051583,51.06423329561949,0.842656169501659,0.9889961475876361,0,0.8426561674715984,0.9889961475895921,0
29,single_domain,50377,forecast_matched,9,0.8708522993052613,0.1706317101025192,0.7558330925572229,0.0030835303338948928,0.44158044279588954,0.6643126327136049,0.06192831381227312,0.13723458990712173,0.025301815321874237,354.70753288269043,0.11536304652690887,135.86536026000977,0.4756753444671631,0.0,0.289591645821929,29.906394958496094,9.88463693857193,10.0,36.0,29.0,110.89925956726074,110.85072898864746,0.0,0,0,0.9891037435170966,0.0,0,0.0,0,0.8419319733698452,0.988463693857193,0.9996936023235321,1.0,36,36,29,0.8055555555555556,3.561111111111112,4.116666666666666,B030@0.333;B038@0.333;B025@0.483;B037@0.583;B012@0.600;B005@0.850;B023@0.883;B008@0.900;B044@1.117;B019@1.217;B001@1.333;B045@1.383;B049@1.567;B039@1.850;B003@1.900;B047@2.083;B010@2.383;B027@2.450;B000@2.750;B009@3.083;B028@3.200;B029@3.533;B031@4.000;B002@4.250;B036@4.467;B035@4.867;B024@5.400;B006@5.483;B007@5.967;B026@6.650;B046@6.750;B011@7.567;B022@8.117;B034@8.517;B013@8.883;B048@12.467,v0:B030@0.333|B012@0.600|B023@0.883|B001@1.333|B039@1.850|B010@2.383|B009@3.083|B031@4.000|B035@4.867|B007@5.967|B011@7.567|B048@12.467;v1:B038@0.333|B037@0.583|B005@0.850|B044@1.117|B045@1.383|B003@1.900|B027@2.450|B028@3.200|B002@4.250|B024@5.400|B026@6.650|B013@8.883;v2:B025@0.483|B008@0.900|B019@1.217|B049@1.567|B047@2.083|B000@2.750|B029@3.533|B036@4.467|B006@5.483|B046@6.750|B034@8.517;v3:B022@8.117,forecast_matched,16.35590362548828,82.1233664949735,0.841931983075487,0.9891035905494423,0,0.8419320014148614,0.9891035900790288,0
29,single_domain,50377,pc_rollout,9,0.8708522993052613,0.1706317101025192,0.7558330925572229,0.0030835303338948928,0.44158044279588954,0.6643126327136049,0.06192831381227312,0.13723458990712173,0.025301815321874237,353.08944511413574,0.1153055801987648,135.22701978683472,0.4756753444671631,0.0,0.3365451619029045,29.830591201782227,9.884694397449493,10.0,36.0,32.0,110.89926147460938,110.82625389099121,0.0,0,0,0.9891037660651919,0.0,0,0.0,0,0.8419572909695232,0.9884694397449494,0.9996282458305359,1.0,36,36,32,0.8888888888888888,2.966666666666667,3.7,B019@0.250;B008@0.317;B012@0.317;B030@0.333;B037@0.583;B023@0.600;B038@0.650;B001@0.767;B005@0.850;B044@0.917;B049@1.033;B045@1.050;B025@1.317;B003@1.433;B039@1.533;B047@1.567;B009@1.933;B010@1.933;B027@2.083;B000@2.233;B036@2.700;B028@2.833;B029@2.850;B031@3.067;B035@3.467;B002@3.767;B024@4.067;B007@4.133;B006@4.483;B026@5.100;B046@5.467;B011@5.600;B034@6.250;B013@7.333;B048@10.217;B022@13.767,v0:B019@0.250|B037@0.583|B005@0.850|B025@1.317|B009@1.933|B029@2.850|B002@3.767|B026@5.100|B013@7.333;v1:B008@0.317|B038@0.650|B044@0.917|B003@1.433|B010@1.933|B036@2.700|B035@3.467|B006@4.483|B034@6.250;v2:B012@0.317|B023@0.600|B045@1.050|B047@1.567|B000@2.233|B031@3.067|B007@4.133|B046@5.467|B048@10.217;v3:B030@0.333|B001@0.767|B049@1.033|B039@1.533|B027@2.083|B028@2.833|B024@4.067|B011@5.600|B022@13.767,uniform_route,16.468311957549304,57.29951662942767,0.8419565162687025,0.989103614103723,0,0.8419565160346003,0.9891036136341564,0
30,cascade,48708,forecast_matched,10,0.8016682745799847,0.22253061140842548,0.7561388102009358,0.007722787631470067,0.3746599606597003,0.7130062625823689,0.04573941631652399,0.01883693478557035,0.04908370698678418,1530.7819519042969,10.313925445079803,439.050311088562,103.31585884094238,0.0,27.202317714691162,71.3126220703125,51.686073303222656,62.0,36.0,27.0,110.89925765991211,100.74275970458984,0.0,0,0,0.9889767718113076,0.0,0,0.0,0,0.8419614578057433,0.8336463436003654,0.9630395472049713,1.0,36,33,27,0.75,3.57979797979798,3.95,B004@0.417;B046@0.750;B007@1.083;B008@1.333;B022@1.367;B034@1.367;B035@1.367;B019@1.650;B031@1.733;B014@1.783;B018@1.783;B020@1.967;B029@2.050;B009@2.150;B015@2.283;B041@2.517;B006@2.733;B032@2.867;B033@2.967;B042@3.150;B003@3.483;B040@3.800;B000@3.917;B045@4.417;B016@4.900;B026@5.283;B017@5.467;B005@6.183;B039@7.067;B049@7.767;B030@7.983;B043@8.700;B010@11.850,v0:B004@0.417|B046@0.750|B007@1.083|B008@1.333|B019@1.650|B020@1.967|B041@2.517|B042@3.150|B045@4.417|B005@6.183|B043@8.700;v1:B022@1.367|B031@1.733|B009@2.150|B032@2.867|B040@3.800|B026@5.283|B049@7.767;v2:B034@1.367|B014@1.783|B029@2.050|B006@2.733|B003@3.483|B016@4.900|B039@7.067|B010@11.850;v3:B035@1.367|B018@1.783|B015@2.283|B033@2.967|B000@3.917|B017@5.467|B030@7.983,static,220.88645839691162,53.02166659384966,0.8419615068857267,0.9889766535363486,0,0.8419615255025158,0.9889766532868255,0
30,cascade,48708,pc_rollout,10,0.8016682745799847,0.22253061140842548,0.7561388102009358,0.007722787631470067,0.3746599606597003,0.7130062625823689,0.04573941631652399,0.01883693478557035,0.04908370698678418,1530.7819519042969,10.313925445079803,439.050311088562,103.31585884094238,0.0,27.202317714691162,71.3126220703125,51.686073303222656,62.0,36.0,27.0,110.89925765991211,100.74275970458984,0.0,0,0,0.9889767718113076,0.0,0,0.0,0,0.8419602296777641,0.8336463436003654,0.9630395472049713,1.0,36,33,27,0.75,3.57979797979798,3.95,B004@0.417;B046@0.750;B007@1.083;B008@1.333;B022@1.367;B034@1.367;B035@1.367;B019@1.650;B031@1.733;B014@1.783;B018@1.783;B020@1.967;B029@2.050;B009@2.150;B015@2.283;B041@2.517;B006@2.733;B032@2.867;B033@2.967;B042@3.150;B003@3.483;B040@3.800;B000@3.917;B045@4.417;B016@4.900;B026@5.283;B017@5.467;B005@6.183;B039@7.067;B049@7.767;B030@7.983;B043@8.700;B010@11.850,v0:B004@0.417|B046@0.750|B007@1.083|B008@1.333|B019@1.650|B020@1.967|B041@2.517|B042@3.150|B045@4.417|B005@6.183|B043@8.700;v1:B022@1.367|B031@1.733|B009@2.150|B032@2.867|B040@3.800|B026@5.283|B049@7.767;v2:B034@1.367|B014@1.783|B029@2.050|B006@2.733|B003@3.483|B016@4.900|B039@7.067|B010@11.850;v3:B035@1.367|B018@1.783|B015@2.283|B033@2.967|B000@3.917|B017@5.467|B030@7.983,static,164.1381378173828,71.19124995854993,0.8419615063596512,0.9889766535363486,0,0.8419615042139232,0.9889766532868255,0
31,ood,44735,forecast_matched,11,0.7180821699532327,0.3071950004278623,0.7728254122975317,0.005555973983105157,0.5098454039179335,0.4933890879394646,0.015149588552841963,0.11723455666720015,0.006944828936457048,1966.2693939208984,11.65209449827671,342.6828098297119,268.63629150390625,0.0,88.68159240484238,91.81388854980469,28.612918972969055,40.0,33.0,28.0,110.89925765991211,91.820556640625,0.0,0,0,0.9890321747146572,0.0,0,0.0,0,0.84149787867761,0.7153229743242264,0.9317265450954437,1.0,33,29,28,0.8484848484848485,2.5482758620689654,2.683333333333333,B049@0.350;B005@0.617;B034@0.867;B010@0.883;B032@1.133;B036@1.150;B037@1.333;B042@1.383;B047@1.400;B038@1.583;B048@1.583;B022@1.717;B019@1.750;B040@1.983;B025@2.050;B026@2.233;B044@2.283;B020@2.483;B046@2.767;B045@2.800;B006@3.200;B001@3.400;B033@3.533;B043@3.567;B003@4.450;B041@5.017;B031@5.400;B039@5.833;B009@7.150,v0:B049@0.350|B005@0.617|B010@0.883|B036@1.150|B047@1.400|B022@1.717|B044@2.283|B045@2.800|B043@3.567|B039@5.833;v1:B034@0.867|B032@1.133|B042@1.383|B019@1.750|B026@2.233|B006@3.200|B003@4.450|B009@7.150;v2:B037@1.333|B048@1.583|B040@1.983|B020@2.483|B001@3.400|B041@5.017;v3:B038@1.583|B025@2.050|B046@2.767|B033@3.533|B031@5.400,pc_rollout,747.8197937011719,66.98913336731493,0.8414978060965517,0.9890321305033306,0,0.8414978195178762,0.9890321305247534,0
31,ood,44735,pc_rollout,11,0.7180821699532327,0.3071950004278623,0.7728254122975317,0.005555973983105157,0.5098454039179335,0.4933890879394646,0.015149588552841963,0.11723455666720015,0.006944828936457048,1936.4892578125,13.222377933561802,340.60763931274414,266.3129940032959,0.0,82.46382909081876,91.83258819580078,27.043076872825623,40.0,33.0,27.0,110.89925575256348,92.46428871154785,0.0,0,0,0.9890186030849962,0.0,0,0.0,0,0.8415853957962439,0.6760769218206406,0.9275160531202952,1.0,33,29,27,0.8181818181818182,2.639080459770115,2.65,B019@0.250;B005@0.350;B040@0.567;B010@0.617;B036@0.883;B047@0.967;B048@1.133;B049@1.233;B032@1.417;B042@1.500;B038@1.583;B022@1.750;B025@1.983;B026@2.050;B044@2.317;B009@2.667;B046@2.700;B020@2.783;B045@2.833;B006@3.467;B033@3.600;B034@3.633;B001@3.700;B043@4.233;B003@4.867;B037@4.900;B041@5.317;B031@6.100;B039@7.133,v0:B005@0.350|B010@0.617|B036@0.883|B048@1.133|B032@1.417|B022@1.750|B044@2.317|B045@2.833|B033@3.600|B003@4.867|B039@7.133;v1:B038@1.583|B026@2.050|B020@2.783|B001@3.700|B041@5.317;v2:B009@2.667|B034@3.633|B037@4.900;v3:B019@0.250|B040@0.567|B047@0.967|B049@1.233|B042@1.500|B025@1.983|B046@2.700|B006@3.467|B043@4.233|B031@6.100,greedy,594.3681497573853,57.64693324454129,0.8415844947909343,0.9890185652842299,0,0.8415845173565305,0.9890185653898341,0
