crews,service_scale,policy,metric,mean,sd,ci95_low,ci95_high,n
4,0.5,forecast_matched,integrated_risk_6h,123.10791752218233,35.24524251534674,117.00199077532665,129.21384426903802,128
4,0.5,forecast_matched,integer_unrouted_integrated_risk_6h,104.36731373656463,31.790635665153047,98.85986709258478,109.87476038054447,128
4,0.5,forecast_matched,routing_risk_penalty_6h,18.740603785617708,7.266817965224065,17.48169180170746,19.999515769527957,128
4,0.5,forecast_matched,risk_weighted_completion_h,2.029659755759021,0.4497931215833131,1.9517370729903774,2.1075824385276642,128
4,0.5,forecast_matched,risk_fraction_completed_within_6h,0.9693084780319916,0.039245254735607214,0.962509584522521,0.9761073715414622,128
4,0.5,forecast_matched,total_travel_h,2.5493489583333333,0.22807538875564093,2.5098369131006697,2.588861003565997,128
4,0.5,greedy,integrated_risk_6h,133.84307057556873,38.89800025407499,127.10433583577688,140.58180531536058,128
4,0.5,greedy,integer_unrouted_integrated_risk_6h,113.08436505385168,35.434585366585615,106.94563633154634,119.22309377615703,128
4,0.5,greedy,routing_risk_penalty_6h,20.758705521717033,9.932406876098534,19.03800381909671,22.479407224337358,128
4,0.5,greedy,risk_weighted_completion_h,2.2030950672993104,0.44588413182831166,2.125849582455688,2.280340552142933,128
4,0.5,greedy,risk_fraction_completed_within_6h,0.9666064765934859,0.04000178684657222,0.9596765205824823,0.9735364326044894,128
4,0.5,greedy,total_travel_h,2.505208333333333,0.21393646287795684,2.4681457320405364,2.5422709346261296,128
4,0.5,oracle,integrated_risk_6h,100.47926868763355,27.75956381811163,95.67016961208452,105.28836776318258,128
4,0.5,oracle,integer_unrouted_integrated_risk_6h,85.27045442339393,24.740883440697363,80.98431504229548,89.55659380449238,128
4,0.5,oracle,routing_risk_penalty_6h,15.208814264239606,4.1551426999661105,14.488972517153371,15.928656011325842,128
4,0.5,oracle,risk_weighted_completion_h,1.6499778672409124,0.3265870847708643,1.5933995413800035,1.7065561931018214,128
4,0.5,oracle,risk_fraction_completed_within_6h,0.9762611402141259,0.02603163912410195,0.9717513888193628,0.980770891608889,128
4,0.5,oracle,total_travel_h,2.6626302083333337,0.3037225020316674,2.610012969340877,2.7152474473257904,128
4,0.5,pc_rollout,integrated_risk_6h,121.72850289851257,34.831304539297435,115.69428724737138,127.76271854965377,128
4,0.5,pc_rollout,integer_unrouted_integrated_risk_6h,103.75740389488746,31.44949582054282,98.30905671378453,109.20575107599039,128
4,0.5,pc_rollout,routing_risk_penalty_6h,17.971099003625113,7.626369586631189,16.64989787924238,19.292300128007845,128
4,0.5,pc_rollout,risk_weighted_completion_h,2.005591721318352,0.44299470732333524,1.9288468037317223,2.0823366389049816,128
4,0.5,pc_rollout,risk_fraction_completed_within_6h,0.9684684505824523,0.041188068212245514,0.9613329818099234,0.9756039193549813,128
4,0.5,pc_rollout,total_travel_h,2.553515625,0.25051698377357845,2.5101157717829694,2.596915478217031,128
4,0.5,route_aware_pc,integrated_risk_6h,121.77857375632486,35.09519463983841,115.69864147768644,127.85850603496328,128
4,0.5,route_aware_pc,integer_unrouted_integrated_risk_6h,103.61688346616134,31.258162417461126,98.20168310602112,109.03208382630156,128
4,0.5,route_aware_pc,routing_risk_penalty_6h,18.161690290163524,7.782709499859298,16.81340465764143,19.509975922685616,128
4,0.5,route_aware_pc,risk_weighted_completion_h,2.0070192283772657,0.4478653097458844,1.9294305219702812,2.08460793478425,128
4,0.5,route_aware_pc,risk_fraction_completed_within_6h,0.9690233021952068,0.03873499138958126,0.9623128073004168,0.9757337970899969,128
4,0.5,route_aware_pc,total_travel_h,2.529166666666667,0.23688707344282098,2.4881280749449877,2.570205258388346,128
4,0.5,static,integrated_risk_6h,125.36695500687804,35.19201328372984,119.2702497539276,131.4636602598285,128
4,0.5,static,integer_unrouted_integrated_risk_6h,107.27063005123146,32.18784216081939,101.69437089263045,112.84688920983248,128
4,0.5,static,routing_risk_penalty_6h,18.09632495564657,6.50423809176499,16.969523194667545,19.223126716625593,128
4,0.5,static,risk_weighted_completion_h,2.0679529200837443,0.4536035023388484,1.9893701225276712,2.1465357176398174,128
4,0.5,static,risk_fraction_completed_within_6h,0.9653911973525803,0.042961897537194,0.9579484283276883,0.9728339663774722,128
4,0.5,static,total_travel_h,2.6555989583333335,0.23217068177468442,2.6153774397818155,2.6958204768848515,128
4,1.0,forecast_matched,integrated_risk_6h,168.66199347724842,49.261094738751645,160.12794421332958,177.19604274116725,128
4,1.0,forecast_matched,integer_unrouted_integrated_risk_6h,152.96559892403513,45.818899991385905,145.0278794758829,160.90331837218736,128
4,1.0,forecast_matched,routing_risk_penalty_6h,15.696394553213281,9.119912392984208,14.116450338471221,17.27633876795534,128
4,1.0,forecast_matched,risk_weighted_completion_h,3.2082933011831707,0.8578418205688505,3.059679787898307,3.3569068144680343,128
4,1.0,forecast_matched,risk_fraction_completed_within_6h,0.831379494651026,0.09657627842691999,0.8146485080135544,0.8481104812884976,128
4,1.0,forecast_matched,total_travel_h,2.772135416666666,0.29249963078843977,2.7214624409225245,2.8228083924108076,128
4,1.0,greedy,integrated_risk_6h,180.06669682534613,52.657495999715714,170.94425106242903,189.18914258826322,128
4,1.0,greedy,integer_unrouted_integrated_risk_6h,162.47202452289073,52.803745068219314,153.32424240149376,171.6198066442877,128
4,1.0,greedy,routing_risk_penalty_6h,17.594672302455393,11.663698288705781,15.574039664809234,19.615304940101552,128
4,1.0,greedy,risk_weighted_completion_h,3.467934433755821,0.9199876641512957,3.3085547023531294,3.627314165158513,128
4,1.0,greedy,risk_fraction_completed_within_6h,0.8105710254748806,0.1132115816941569,0.7909581195793063,0.8301839313704549,128
4,1.0,greedy,total_travel_h,2.7463541666666664,0.31240702903988216,2.692232410129178,2.800475923204155,128
4,1.0,oracle,integrated_risk_6h,143.56434473898702,40.26397357445431,136.58896719474393,150.5397222832301,128
4,1.0,oracle,integer_unrouted_integrated_risk_6h,130.23336203835527,38.18527285153885,123.61810102153376,136.84862305517677,128
4,1.0,oracle,routing_risk_penalty_6h,13.330982700631733,3.693738532796111,12.691075147336539,13.970890253926926,128
4,1.0,oracle,risk_weighted_completion_h,2.6663698417647774,0.6290432716425763,2.5573936548204093,2.7753460287091456,128
4,1.0,oracle,risk_fraction_completed_within_6h,0.8789008082727376,0.059674205989493856,0.8685627795220496,0.8892388370234257,128
4,1.0,oracle,total_travel_h,2.8779947916666666,0.3148826219235631,2.8234441605428784,2.932545422790455,128
4,1.0,pc_rollout,integrated_risk_6h,168.31187893053374,48.002921392727025,159.99579707831103,176.62796078275645,128
4,1.0,pc_rollout,integer_unrouted_integrated_risk_6h,152.35725099149155,45.58737636285234,144.45964096563588,160.25486101734722,128
4,1.0,pc_rollout,routing_risk_penalty_6h,15.954627939042204,8.820503177169716,14.426553724578927,17.482702153505482,128
4,1.0,pc_rollout,risk_weighted_completion_h,3.1979843389569638,0.8510678500516271,3.0505443561917303,3.3454243217221973,128
4,1.0,pc_rollout,risk_fraction_completed_within_6h,0.8325920654940059,0.09987599083148306,0.8152894328473125,0.8498946981406993,128
4,1.0,pc_rollout,total_travel_h,2.777604166666667,0.2767328882263034,2.7296626397153383,2.8255456936179955,128
4,1.0,route_aware_pc,integrated_risk_6h,167.57695782768926,47.83156017075259,159.29056279257873,175.8633528627998,128
4,1.0,route_aware_pc,integer_unrouted_integrated_risk_6h,152.27217972225588,45.67556289341353,144.3592921594268,160.18506728508498,128
4,1.0,route_aware_pc,routing_risk_penalty_6h,15.304778105433384,8.133805994798228,13.895668108367866,16.7138881024989,128
4,1.0,route_aware_pc,risk_weighted_completion_h,3.1875659407701034,0.8502403571938245,3.040269313828598,3.3348625677116086,128
4,1.0,route_aware_pc,risk_fraction_completed_within_6h,0.8340258444729722,0.09359231920225142,0.8178118023971247,0.8502398865488198,128
4,1.0,route_aware_pc,total_travel_h,2.779427083333333,0.2905216322208666,2.7290967783582674,2.829757388308399,128
4,1.0,static,integrated_risk_6h,173.92449097938788,50.180989930884465,165.23107800402622,182.61790395474955,128
4,1.0,static,integer_unrouted_integrated_risk_6h,158.56793223641796,48.42681044491986,150.17841535249255,166.95744912034337,128
4,1.0,static,routing_risk_penalty_6h,15.356558742969945,8.249828535160345,13.927348866264595,16.785768619675295,128
4,1.0,static,risk_weighted_completion_h,3.308788041929806,0.8931426295275459,3.154058975502907,3.4635171083567053,128
4,1.0,static,risk_fraction_completed_within_6h,0.8282674482369157,0.09820941714012407,0.8112535347520564,0.8452813617217749,128
4,1.0,static,total_travel_h,2.877083333333333,0.2957411319851476,2.8258487961572247,2.9283178705094417,128
4,2.0,forecast_matched,integrated_risk_6h,231.7614538223877,60.88365461208928,221.21389878767886,242.30900885709653,128
4,2.0,forecast_matched,integer_unrouted_integrated_risk_6h,220.74454468226315,59.33717608838054,210.4649033830674,231.0241859814589,128
4,2.0,forecast_matched,routing_risk_penalty_6h,11.016909140124575,9.415629465522851,9.385734556292862,12.648083723956288,128
4,2.0,forecast_matched,risk_weighted_completion_h,6.126681701587499,1.7004043105504516,5.832101683993979,6.421261719181018,128
4,2.0,forecast_matched,risk_fraction_completed_within_6h,0.623037149686039,0.13398556190764402,0.5998253353315727,0.6462489640405052,128
4,2.0,forecast_matched,total_travel_h,3.0165364583333334,0.29822672249968585,2.9648713145697445,3.0682016020969223,128
4,2.0,greedy,integrated_risk_6h,239.56824916571856,64.88440717587665,228.32759911042234,250.80889922101477,128
4,2.0,greedy,integer_unrouted_integrated_risk_6h,229.14128178641232,64.11890732016568,218.0332478151639,240.24931575766075,128
4,2.0,greedy,routing_risk_penalty_6h,10.426967379306252,10.393163479596145,8.626443667577563,12.22749109103494,128
4,2.0,greedy,risk_weighted_completion_h,6.533491138804871,1.8598442519069869,6.211289560598679,6.855692717011063,128
4,2.0,greedy,risk_fraction_completed_within_6h,0.5938236794701548,0.13719953319186498,0.5700550729977336,0.617592285942576,128
4,2.0,greedy,total_travel_h,2.9441406249999997,0.3239532564311744,2.8880185866195625,3.000262663380437,128
4,2.0,oracle,integrated_risk_6h,206.28195133780997,55.73493653357476,196.6263662026963,215.93753647292365,128
4,2.0,oracle,integer_unrouted_integrated_risk_6h,196.84075751100937,54.38887807284547,187.4183651069322,206.26314991508653,128
4,2.0,oracle,routing_risk_penalty_6h,9.441193826800609,3.337313384118107,8.863033780211246,10.01935387338997,128
4,2.0,oracle,risk_weighted_completion_h,5.067137749122131,1.2374643623568014,4.852757985807832,5.28151751243643,128
4,2.0,oracle,risk_fraction_completed_within_6h,0.7104310790562105,0.10361446445412874,0.6924807888973014,0.7283813692151196,128
4,2.0,oracle,total_travel_h,3.087239583333333,0.3428974654421481,3.0278356281822063,3.1466435384844598,128
4,2.0,pc_rollout,integrated_risk_6h,230.5586224844714,60.26314087158726,220.118565970826,240.99867899811682,128
4,2.0,pc_rollout,integer_unrouted_integrated_risk_6h,219.93035581644003,59.590224834059015,209.60687605865445,230.2538355742256,128
4,2.0,pc_rollout,routing_risk_penalty_6h,10.628266668031367,7.947413823842008,9.25144746713644,12.005085868926294,128
4,2.0,pc_rollout,risk_weighted_completion_h,6.094316295161471,1.706416041403046,5.79869479833308,6.389937791989863,128
4,2.0,pc_rollout,risk_fraction_completed_within_6h,0.6325725775312686,0.12467166982506214,0.6109743126582564,0.6541708424042808,128
4,2.0,pc_rollout,total_travel_h,3.063671875,0.30842949904017203,3.0102391903791275,3.117104559620872,128
4,2.0,route_aware_pc,integrated_risk_6h,229.88671082521603,60.37685662823602,219.4269540618204,240.34646758861166,128
4,2.0,route_aware_pc,integer_unrouted_integrated_risk_6h,219.38325100975413,59.459902349524334,209.08234847054467,229.6841535489636,128
4,2.0,route_aware_pc,routing_risk_penalty_6h,10.503459815461909,8.185368922974293,9.085416996834466,11.921502634089352,128
4,2.0,route_aware_pc,risk_weighted_completion_h,6.130574976907048,1.7503771777827104,5.827337601756188,6.433812352057908,128
4,2.0,route_aware_pc,risk_fraction_completed_within_6h,0.6311613523543689,0.1266453034010795,0.6092211729084878,0.65310153180025,128
4,2.0,route_aware_pc,total_travel_h,3.0734375,0.3111829200185738,3.0195278095310316,3.127347190468968,128
4,2.0,static,integrated_risk_6h,235.82166622252515,63.6849080936188,224.78881878132637,246.85451366372394,128
4,2.0,static,integer_unrouted_integrated_risk_6h,226.06102437710354,62.2184038894804,215.28223582741404,236.83981292679303,128
4,2.0,static,routing_risk_penalty_6h,9.760641845421588,6.501750802661771,8.63427098529552,10.887012705547656,128
4,2.0,static,risk_weighted_completion_h,6.297130154865133,1.7491807624315256,5.994100048099218,6.600160261631048,128
4,2.0,static,risk_fraction_completed_within_6h,0.6080740071848076,0.12803221768444856,0.5858935570977263,0.630254457271889,128
4,2.0,static,total_travel_h,3.152473958333333,0.33161030953776494,3.09502540317988,3.2099225134867866,128
12,0.5,forecast_matched,integrated_risk_6h,61.15821858548037,17.79504970077284,58.07538350831318,64.24105366264756,128
12,0.5,forecast_matched,integer_unrouted_integrated_risk_6h,60.81015385983771,20.91488208688673,57.18683539675582,64.4334723229196,128
12,0.5,forecast_matched,routing_risk_penalty_6h,0.3480647256426646,7.616248253183867,-0.9713829671788303,1.6675124184641594,128
12,0.5,forecast_matched,risk_weighted_completion_h,0.9897378950138523,0.2054952009553878,0.9541376677401249,1.02533812228758,128
12,0.5,forecast_matched,risk_fraction_completed_within_6h,1.0,0.0,1.0,1.0,128
12,0.5,forecast_matched,total_travel_h,3.7841145833333334,0.30723884894628356,3.730888168317536,3.8373409983491307,128
12,0.5,greedy,integrated_risk_6h,64.08459096002935,19.0450685165363,60.785201171459065,67.38398074859963,128
12,0.5,greedy,integer_unrouted_integrated_risk_6h,59.12117190171187,19.46558679592463,55.74893103803433,62.49341276538941,128
12,0.5,greedy,routing_risk_penalty_6h,4.96341905831748,7.008839301425045,3.7491995977377934,6.177638518897166,128
12,0.5,greedy,risk_weighted_completion_h,1.0363374926366506,0.2152005885092387,0.9990558927513471,1.0736190925219542,128
12,0.5,greedy,risk_fraction_completed_within_6h,1.0,0.0,1.0,1.0,128
12,0.5,greedy,total_travel_h,3.6234375,0.2334030407686883,3.583002486145111,3.6638725138548893,128
12,0.5,oracle,integrated_risk_6h,54.74247675078638,15.676380617651036,52.02668236618179,57.45827113539097,128
12,0.5,oracle,integer_unrouted_integrated_risk_6h,55.30180172049791,18.78689943906342,52.0471374427442,58.556465998251625,128
12,0.5,oracle,routing_risk_penalty_6h,-0.5593249697115421,5.844269341116497,-1.5717929778466493,0.45314303842356507,128
12,0.5,oracle,risk_weighted_completion_h,0.8863115538620061,0.17615113328954748,0.8557949269506362,0.916828180773376,128
12,0.5,oracle,risk_fraction_completed_within_6h,1.0,0.0,1.0,1.0,128
12,0.5,oracle,total_travel_h,3.7770833333333336,0.33470191488624834,3.7190991848787474,3.83506748178792,128
12,0.5,pc_rollout,integrated_risk_6h,60.585700477139554,17.475751902082123,57.55818092144704,63.61322003283207,128
12,0.5,pc_rollout,integer_unrouted_integrated_risk_6h,60.119617172947656,20.32516130816183,56.5984626224683,63.640771723427015,128
12,0.5,pc_rollout,routing_risk_penalty_6h,0.46608330419190225,8.675325016596288,-1.0368400771250679,1.9690066855088726,128
12,0.5,pc_rollout,risk_weighted_completion_h,0.9812630350525202,0.20424760759396274,0.9458789423016694,1.016647127803371,128
12,0.5,pc_rollout,risk_fraction_completed_within_6h,1.0,0.0,1.0,1.0,128
12,0.5,pc_rollout,total_travel_h,3.7949218749999996,0.2884595599610795,3.744948805818091,3.8448949441819082,128
12,0.5,route_aware_pc,integrated_risk_6h,60.782937892978914,17.50003806176608,57.75121097477703,63.8146648111808,128
12,0.5,route_aware_pc,integer_unrouted_integrated_risk_6h,56.74665942386492,18.390077221339247,53.56074108797537,59.932577759754466,128
12,0.5,route_aware_pc,routing_risk_penalty_6h,4.036278469113992,6.208464577045225,2.960716855333631,5.1118400828943535,128
12,0.5,route_aware_pc,risk_weighted_completion_h,0.9843127183216644,0.2041181871998911,0.9489510465101901,1.0196743901331387,128
12,0.5,route_aware_pc,risk_fraction_completed_within_6h,1.0,0.0,1.0,1.0,128
12,0.5,route_aware_pc,total_travel_h,3.7572916666666663,0.28911992746686055,3.707204194651111,3.8073791386822213,128
12,0.5,static,integrated_risk_6h,61.63861443578126,17.815588769252773,58.55222114653672,64.72500772502579,128
12,0.5,static,integer_unrouted_integrated_risk_6h,60.99403753367255,20.192646804091062,57.49583994977952,64.49223511756557,128
12,0.5,static,routing_risk_penalty_6h,0.6445769021087051,8.284744707758167,-0.7906818928888093,2.0798356971062195,128
12,0.5,static,risk_weighted_completion_h,0.9988338085563127,0.20922242462753562,0.9625878727248594,1.035079744387766,128
12,0.5,static,risk_fraction_completed_within_6h,1.0,0.0,1.0,1.0,128
12,0.5,static,total_travel_h,3.904557291666667,0.28309558377465405,3.8555134839489664,3.9536010993843673,128
12,1.0,forecast_matched,integrated_risk_6h,96.19360759914872,30.653517540918294,90.88315661964971,101.50405857864773,128
12,1.0,forecast_matched,integer_unrouted_integrated_risk_6h,103.17262024527153,33.82082395668366,97.3134614238251,109.03177906671796,128
12,1.0,forecast_matched,routing_risk_penalty_6h,-6.979012646122785,12.15185982914972,-9.084214955981725,-4.873810336263844,128
12,1.0,forecast_matched,risk_weighted_completion_h,1.6016735243123263,0.42150922809290603,1.528650776100612,1.6746962725240406,128
12,1.0,forecast_matched,risk_fraction_completed_within_6h,0.9768057184067386,0.03164346256405678,0.9713237682017181,0.9822876686117591,128
12,1.0,forecast_matched,total_travel_h,3.8753906249999996,0.3262097401857925,3.818877670753253,3.9319035792467463,128
12,1.0,greedy,integrated_risk_6h,99.52936725271158,32.68830178770282,93.86640788712012,105.19232661830304,128
12,1.0,greedy,integer_unrouted_integrated_risk_6h,106.00527030412599,35.613142798071564,99.83560808501508,112.17493252323689,128
12,1.0,greedy,routing_risk_penalty_6h,-6.475903051414395,13.924678414547703,-8.888230511942709,-4.0635755908860824,128
12,1.0,greedy,risk_weighted_completion_h,1.6566044374714377,0.4360572145213159,1.5810613791949695,1.732147495747906,128
12,1.0,greedy,risk_fraction_completed_within_6h,0.9759359522424842,0.033235524922104555,0.9701781913055492,0.9816937131794192,128
12,1.0,greedy,total_travel_h,3.6881510416666665,0.26024210028368056,3.643066397970766,3.7332356853625672,128
12,1.0,oracle,integrated_risk_6h,88.2584729987629,27.878790901633106,83.42871888479539,93.08822711273041,128
12,1.0,oracle,integer_unrouted_integrated_risk_6h,95.5794112816064,32.49255397070362,89.95036349517157,101.20845906804122,128
12,1.0,oracle,routing_risk_penalty_6h,-7.320938282843493,8.961139762012104,-8.873376542598887,-5.768500023088098,128
12,1.0,oracle,risk_weighted_completion_h,1.4645186434091664,0.36514054213520947,1.4012612718188313,1.5277760149995014,128
12,1.0,oracle,risk_fraction_completed_within_6h,0.9806566003805852,0.02900551069786538,0.9756316520205566,0.9856815487406139,128
12,1.0,oracle,total_travel_h,3.9019531249999995,0.3222204044385251,3.846131287911287,3.957774962088712,128
12,1.0,pc_rollout,integrated_risk_6h,95.87243360085841,30.367170358927275,90.61158973972849,101.13327746198834,128
12,1.0,pc_rollout,integer_unrouted_integrated_risk_6h,104.25389257294648,34.3736327297269,98.29896451763108,110.20882062826189,128
12,1.0,pc_rollout,routing_risk_penalty_6h,-8.38145897208808,12.406523178785276,-10.530779456401532,-6.232138487774628,128
12,1.0,pc_rollout,risk_weighted_completion_h,1.595928323049586,0.4155017813784359,1.5239463118836793,1.6679103342154926,128
12,1.0,pc_rollout,risk_fraction_completed_within_6h,0.978078847126277,0.031356508123946976,0.9726466092417274,0.9835110850108266,128
12,1.0,pc_rollout,total_travel_h,3.9124999999999996,0.3086532709121911,3.859028548880132,3.9659714511198674,128
12,1.0,route_aware_pc,integrated_risk_6h,95.85340058526994,30.47289991267112,90.5742400134561,101.13256115708377,128
12,1.0,route_aware_pc,integer_unrouted_integrated_risk_6h,97.4713690767365,32.43226094514786,91.8527665240727,103.08997162940028,128
12,1.0,route_aware_pc,routing_risk_penalty_6h,-1.6179684914665493,8.329217256427736,-3.0609317624455845,-0.1750052204875141,128
12,1.0,route_aware_pc,risk_weighted_completion_h,1.5973371655506998,0.41904524696812,1.5247412802906883,1.6699330508107113,128
12,1.0,route_aware_pc,risk_fraction_completed_within_6h,0.977369209381187,0.03192942455655424,0.9718377187884727,0.9829006999739013,128
12,1.0,route_aware_pc,total_travel_h,3.8753906249999996,0.3276815135075817,3.8186226990336825,3.932158550966317,128
12,1.0,static,integrated_risk_6h,97.53903431717501,30.6854354881235,92.22305383543296,102.85501479891705,128
12,1.0,static,integer_unrouted_integrated_risk_6h,103.97276781823663,34.028345164963476,98.07765778165461,109.86787785481866,128
12,1.0,static,routing_risk_penalty_6h,-6.433733501061624,12.006861348132302,-8.51381610566922,-4.353650896454029,128
12,1.0,static,risk_weighted_completion_h,1.6234479126381498,0.41899144477468736,1.550861348132614,1.6960344771436857,128
12,1.0,static,risk_fraction_completed_within_6h,0.9771578004536472,0.03232474350816516,0.9715578243466361,0.9827577765606583,128
12,1.0,static,total_travel_h,4.041536458333333,0.32400325715388334,3.985405757769623,4.097667158897043,128
12,2.0,forecast_matched,integrated_risk_6h,162.1860014081133,48.318291567262634,153.81528446058604,170.55671835564056,128
12,2.0,forecast_matched,integer_unrouted_integrated_risk_6h,169.76782827738157,48.27236137411659,161.40506832985784,178.1305882249053,128
12,2.0,forecast_matched,routing_risk_penalty_6h,-7.58182686926826,14.601768485434619,-10.111454200043136,-5.052199538493385,128
12,2.0,forecast_matched,risk_weighted_completion_h,3.037918684725141,0.8218323191298318,2.8955434992906732,3.1802938701596086,128
12,2.0,forecast_matched,risk_fraction_completed_within_6h,0.8691857466492803,0.10204132175025515,0.8515079895594235,0.886863503739137,128
12,2.0,forecast_matched,total_travel_h,4.078125,0.357366852641063,4.016214351405922,4.140035648594078,128
12,2.0,greedy,integrated_risk_6h,167.5022383090111,52.168047787239765,158.46458512286392,176.53989149515826,128
12,2.0,greedy,integer_unrouted_integrated_risk_6h,172.93195026915868,52.33169594609074,163.8659464859127,181.99795405240465,128
12,2.0,greedy,routing_risk_penalty_6h,-5.429711960147607,16.008645144593803,-8.203068237288694,-2.65635568300652,128
12,2.0,greedy,risk_weighted_completion_h,3.1582834719561172,0.8757425245018942,3.006568819932182,3.3099981239800527,128
12,2.0,greedy,risk_fraction_completed_within_6h,0.853775762050236,0.11614156943781795,0.8336552616750893,0.8738962624253827,128
12,2.0,greedy,total_travel_h,3.8669270833333336,0.27267657137450024,3.81968827742438,3.914165889242287,128
12,2.0,oracle,integrated_risk_6h,150.43101615463024,45.56851041655022,142.53667448722268,158.3253578220378,128
12,2.0,oracle,integer_unrouted_integrated_risk_6h,157.35303677736334,46.62979158830959,149.27483752719812,165.43123602752857,128
12,2.0,oracle,routing_risk_penalty_6h,-6.922020622733094,9.002626798446128,-8.481646144862978,-5.3623951006032105,128
12,2.0,oracle,risk_weighted_completion_h,2.7818188314070538,0.7255315215879767,2.656126907981588,2.9075107548325194,128
12,2.0,oracle,risk_fraction_completed_within_6h,0.8878341971758098,0.08802694867411365,0.8725843063538264,0.9030840879977932,128
12,2.0,oracle,total_travel_h,4.099479166666667,0.3417694775218076,4.040270625452894,4.158687707880439,128
12,2.0,pc_rollout,integrated_risk_6h,161.723969130522,47.70522486206831,153.45946057101258,169.9884776900314,128
12,2.0,pc_rollout,integer_unrouted_integrated_risk_6h,167.91496466940055,48.43905306274775,159.52332686014418,176.3066024786569,128
12,2.0,pc_rollout,routing_risk_penalty_6h,-6.190995538878543,13.600146372901193,-8.547100691603518,-3.8348903861535675,128
12,2.0,pc_rollout,risk_weighted_completion_h,3.0296922307127123,0.8213170711811576,2.887406307431277,3.171978153994148,128
12,2.0,pc_rollout,risk_fraction_completed_within_6h,0.8744350330437038,0.09847528786729114,0.8573750598052904,0.8914950062821173,128
12,2.0,pc_rollout,total_travel_h,4.120052083333333,0.3643409861947285,4.056933227742724,4.183170938923943,128
12,2.0,route_aware_pc,integrated_risk_6h,161.28854301116127,47.49987784736989,153.05960900696633,169.5174770153562,128
12,2.0,route_aware_pc,integer_unrouted_integrated_risk_6h,163.0133491918882,47.89810344888587,154.71542612199113,171.3112722617853,128
12,2.0,route_aware_pc,routing_risk_penalty_6h,-1.724806180726907,11.527519297412478,-3.7218470117643987,0.27223465031058436,128
12,2.0,route_aware_pc,risk_weighted_completion_h,3.035693318253944,0.8364853557112526,2.8907796237442103,3.1806070127636774,128
12,2.0,route_aware_pc,risk_fraction_completed_within_6h,0.8734318077632975,0.0988517104701382,0.8563066226359932,0.8905569928906019,128
12,2.0,route_aware_pc,total_travel_h,4.079817708333334,0.34308346757121827,4.020381529957346,4.139253886709321,128
12,2.0,static,integrated_risk_6h,165.47202322863365,49.661056257057304,156.86868416677194,174.07536229049535,128
12,2.0,static,integer_unrouted_integrated_risk_6h,171.39192481267236,50.573173986230245,162.6305694160837,180.15328020926103,128
12,2.0,static,routing_risk_penalty_6h,-5.919901584038735,14.649974976712969,-8.457880263349244,-3.3819229047282264,128
12,2.0,static,risk_weighted_completion_h,3.0830107792644386,0.8281322618768288,2.939544184431786,3.226477374097091,128
12,2.0,static,risk_fraction_completed_within_6h,0.8681638170873384,0.1055023924854601,0.8498864600836593,0.8864411740910174,128
12,2.0,static,total_travel_h,4.197526041666666,0.31793907814112776,4.142445906518008,4.252606176815325,128
24,0.5,forecast_matched,integrated_risk_6h,47.293291469258186,14.117698253536814,44.847525027651955,49.73905791086442,128
24,0.5,forecast_matched,integer_unrouted_integrated_risk_6h,70.67780388884927,25.162397046923225,66.31864100106627,75.03696677663227,128
24,0.5,forecast_matched,routing_risk_penalty_6h,-23.384512419591072,13.94202375091885,-25.799844806337035,-20.96918003284511,128
24,0.5,forecast_matched,risk_weighted_completion_h,0.7656813033977627,0.16483757040659508,0.7371246512597023,0.7942379555358232,128
24,0.5,forecast_matched,risk_fraction_completed_within_6h,1.0,0.0,1.0,1.0,128
24,0.5,forecast_matched,total_travel_h,5.905078125,0.31042374020900143,5.851299955722946,5.958856294277054,128
24,0.5,greedy,integrated_risk_6h,48.253400092424755,13.849748670891666,45.85405354771012,50.65274663713939,128
24,0.5,greedy,integer_unrouted_integrated_risk_6h,70.14179687542428,23.82130491005581,66.01496634696413,74.26862740388442,128
24,0.5,greedy,routing_risk_penalty_6h,-21.88839678299953,12.797995652931519,-24.105536413386567,-19.67125715261249,128
24,0.5,greedy,risk_weighted_completion_h,0.7819962365472974,0.15920690984473498,0.7544150465843704,0.8095774265102245,128
24,0.5,greedy,risk_fraction_completed_within_6h,1.0,0.0,1.0,1.0,128
24,0.5,greedy,total_travel_h,5.718880208333333,0.2859373244540957,5.669344094159955,5.768416322506711,128
24,0.5,oracle,integrated_risk_6h,45.851581150023186,13.72562203297338,43.47373844822104,48.22942385182533,128
24,0.5,oracle,integer_unrouted_integrated_risk_6h,63.37028033438043,20.779236071545593,59.77046134453426,66.97009932422661,128
24,0.5,oracle,routing_risk_penalty_6h,-17.518699184357246,10.305028540788966,-19.30395429692788,-15.733444071786613,128
24,0.5,oracle,risk_weighted_completion_h,0.7422648615325069,0.15991776267189478,0.7145605226002248,0.769969200464789,128
24,0.5,oracle,risk_fraction_completed_within_6h,1.0,0.0,1.0,1.0,128
24,0.5,oracle,total_travel_h,5.918229166666666,0.3298601038341668,5.861083819181977,5.975374514151356,128
24,0.5,pc_rollout,integrated_risk_6h,47.34402395933661,14.032579260119714,44.91300363100636,49.77504428766686,128
24,0.5,pc_rollout,integer_unrouted_integrated_risk_6h,69.85852472336109,24.557127624475118,65.60421941327728,74.1128300334449,128
24,0.5,pc_rollout,routing_risk_penalty_6h,-22.51450076402447,13.310083136479834,-24.82035502479506,-20.208646503253878,128
24,0.5,pc_rollout,risk_weighted_completion_h,0.766656239923018,0.16396806331063107,0.7382502222040997,0.7950622576419363,128
24,0.5,pc_rollout,risk_fraction_completed_within_6h,1.0,0.0,1.0,1.0,128
24,0.5,pc_rollout,total_travel_h,5.998958333333333,0.33023328799038093,5.941748334992009,6.056168331674658,128
24,0.5,route_aware_pc,integrated_risk_6h,47.1485615746247,14.002818682255173,44.722697003367365,49.574426145882036,128
24,0.5,route_aware_pc,integer_unrouted_integrated_risk_6h,65.47025624230969,22.136097914108408,61.635372931011204,69.30513955360817,128
24,0.5,route_aware_pc,routing_risk_penalty_6h,-18.321694667684977,10.717826452986474,-20.178463369984364,-16.46492596538559,128
24,0.5,route_aware_pc,risk_weighted_completion_h,0.7632690714140284,0.1622062703309864,0.7351682687570339,0.791369874071023,128
24,0.5,route_aware_pc,risk_fraction_completed_within_6h,1.0,0.0,1.0,1.0,128
24,0.5,route_aware_pc,total_travel_h,5.902213541666667,0.31130894522601504,5.848282018444396,5.956145064888937,128
24,0.5,static,integrated_risk_6h,47.58714378981025,14.246242802880976,45.11910814118519,50.05517943843531,128
24,0.5,static,integer_unrouted_integrated_risk_6h,70.01687179373798,22.58294956999869,66.1045753826037,73.92916820487225,128
24,0.5,static,routing_risk_penalty_6h,-22.42972800392773,12.540285958781933,-24.602221707598652,-20.257234300256805,128
24,0.5,static,risk_weighted_completion_h,0.7706055736308843,0.16670714560570607,0.7417250341140226,0.7994861131477461,128
24,0.5,static,risk_fraction_completed_within_6h,1.0,0.0,1.0,1.0,128
24,0.5,static,total_travel_h,6.126171875000001,0.33064323689422903,6.068890856634463,6.183452893365539,128
24,1.0,forecast_matched,integrated_risk_6h,77.66935299596221,25.86253906263996,73.18889669223802,82.14980929968641,128
24,1.0,forecast_matched,integer_unrouted_integrated_risk_6h,120.98574942946489,37.42594588453523,114.50203509828236,127.46946376064741,128
24,1.0,forecast_matched,routing_risk_penalty_6h,-43.31639643350267,18.456015680939355,-46.513738024713646,-40.11905484229169,128
24,1.0,forecast_matched,risk_weighted_completion_h,1.2865935397399229,0.35071671987251835,1.2258349678700695,1.3473521116097762,128
24,1.0,forecast_matched,risk_fraction_completed_within_6h,0.9824276902278157,0.029087369826318682,0.9773885604973034,0.9874668199583281,128
24,1.0,forecast_matched,total_travel_h,6.110546875,0.3500335635309941,6.049906653928163,6.1711870960718365,128
24,1.0,greedy,integrated_risk_6h,78.7311860761163,25.597791341294606,74.29659497511352,83.16577717711908,128
24,1.0,greedy,integer_unrouted_integrated_risk_6h,125.64230106407334,43.37843700032522,118.1273702588235,133.15723186932317,128
24,1.0,greedy,routing_risk_penalty_6h,-46.911114987957035,25.48381348606881,-51.32596043294768,-42.49626954296639,128
24,1.0,greedy,risk_weighted_completion_h,1.3058223179628246,0.34643359098594856,1.2458057603156667,1.3658388756099824,128
24,1.0,greedy,risk_fraction_completed_within_6h,0.9835001402190685,0.02784900945103764,0.97867554547819,0.988324734959947,128
24,1.0,greedy,total_travel_h,5.889192708333333,0.39128514865499503,5.821406014745407,5.9569794019212585,128
24,1.0,oracle,integrated_risk_6h,76.01310021692582,25.39548146959727,71.61355751305669,80.41264292079495,128
24,1.0,oracle,integer_unrouted_integrated_risk_6h,108.6068718394736,35.90009829779542,102.38749711632308,114.82624656262412,128
24,1.0,oracle,routing_risk_penalty_6h,-32.59377162254779,14.886190397269791,-35.17267253565396,-30.014870709441624,128
24,1.0,oracle,risk_weighted_completion_h,1.2579293420722113,0.3402550959995308,1.198983154072147,1.3168755300722756,128
24,1.0,oracle,risk_fraction_completed_within_6h,0.984113908340541,0.027790102318933967,0.9792995187396424,0.9889282979414397,128
24,1.0,oracle,total_travel_h,6.152213541666667,0.3492923172570424,6.091701734960206,6.2127253483731275,128
24,1.0,pc_rollout,integrated_risk_6h,77.76127756101656,25.779332211306873,73.29523610885296,82.22731901318015,128
24,1.0,pc_rollout,integer_unrouted_integrated_risk_6h,121.56244200877886,39.24764155242352,114.76313500439095,128.36174901316676,128
24,1.0,pc_rollout,routing_risk_penalty_6h,-43.801164447762304,20.80691800615445,-47.405779088109654,-40.196549807414954,128
24,1.0,pc_rollout,risk_weighted_completion_h,1.2876507092836809,0.3486272516425393,1.2272541193166782,1.3480472992506836,128
24,1.0,pc_rollout,risk_fraction_completed_within_6h,0.9836203520341191,0.02784537682176268,0.9787963866141551,0.9884443174540831,128
24,1.0,pc_rollout,total_travel_h,6.162109375,0.34087091151800614,6.103056502404312,6.221162247595688,128
24,1.0,route_aware_pc,integrated_risk_6h,77.02819713325033,25.440964875723363,72.6207748312799,81.43561943522076,128
24,1.0,route_aware_pc,integer_unrouted_integrated_risk_6h,112.17428817538932,35.59580354766048,106.00762982815728,118.34094652262137,128
24,1.0,route_aware_pc,routing_risk_penalty_6h,-35.14609104213898,16.240481938061723,-37.95961099463354,-32.33257108964441,128
24,1.0,route_aware_pc,risk_weighted_completion_h,1.2767864102255646,0.3449327247480766,1.2170298643885478,1.3365429560625814,128
24,1.0,route_aware_pc,risk_fraction_completed_within_6h,0.9828357234354897,0.02874883652358727,0.977855241607512,0.9878162052634675,128
24,1.0,route_aware_pc,total_travel_h,6.066796875,0.377126493846708,6.001463043214792,6.132130706785207,128
24,1.0,static,integrated_risk_6h,78.66028589910107,26.041639314826433,74.14880205968272,83.17176973851942,128
24,1.0,static,integer_unrouted_integrated_risk_6h,118.49915455036795,38.91796234487984,111.75696155478127,125.24134754595462,128
24,1.0,static,routing_risk_penalty_6h,-39.83886865126689,19.306719678871726,-43.18358719107939,-36.494150111454395,128
24,1.0,static,risk_weighted_completion_h,1.3026913964145888,0.35322632209352295,1.24149805814134,1.3638847346878376,128
24,1.0,static,risk_fraction_completed_within_6h,0.9826121568683743,0.02883064802476823,0.9776175019209169,0.9876068118158318,128
24,1.0,static,total_travel_h,6.330338541666666,0.37510239834810505,6.265355366536403,6.39532171679693,128
24,2.0,forecast_matched,integrated_risk_6h,134.49223991255818,42.936344676059804,127.053897695006,141.93058213011037,128
24,2.0,forecast_matched,integer_unrouted_integrated_risk_6h,190.35013745790286,50.429416830823065,181.61368671787514,199.08658819793058,128
24,2.0,forecast_matched,routing_risk_penalty_6h,-55.8578975453447,27.69701051133343,-60.65615981337864,-51.059635277310754,128
24,2.0,forecast_matched,risk_weighted_completion_h,2.446643114477105,0.7101535811449212,2.3236152833137913,2.5696709456404188,128
24,2.0,forecast_matched,risk_fraction_completed_within_6h,0.9179054277259666,0.08143329807593787,0.9037978285914158,0.9320130268605175,128
24,2.0,forecast_matched,total_travel_h,6.236067708333334,0.374187818900388,6.1712429760087755,6.300892440657892,128
24,2.0,greedy,integrated_risk_6h,135.70621883467564,43.28860273346839,128.20685102214875,143.20558664720252,128
24,2.0,greedy,integer_unrouted_integrated_risk_6h,191.47410441960594,58.65098629443651,181.3133394372475,201.63486940196438,128
24,2.0,greedy,routing_risk_penalty_6h,-55.76788558493031,29.5819559668237,-60.89269799283152,-50.6430731770291,128
24,2.0,greedy,risk_weighted_completion_h,2.4658458117449946,0.6903783307743959,2.3462438679226625,2.5854477555673268,128
24,2.0,greedy,risk_fraction_completed_within_6h,0.9204872757260162,0.07802918189299107,0.9069694096325079,0.9340051418195244,128
24,2.0,greedy,total_travel_h,5.970442708333334,0.360483628457116,5.907992105877088,6.0328933107895795,128
24,2.0,oracle,integrated_risk_6h,131.14913846842717,41.79009354364037,123.90937412830074,138.38890280855358,128
24,2.0,oracle,integer_unrouted_integrated_risk_6h,172.58021147528618,50.385891182159035,163.8513011691833,181.30912178138905,128
24,2.0,oracle,routing_risk_penalty_6h,-41.43107300685902,17.225597666964067,-44.41525555233288,-38.446890461385166,128
24,2.0,oracle,risk_weighted_completion_h,2.379476208703137,0.6682517135068862,2.263707505753876,2.495244911652398,128
24,2.0,oracle,risk_fraction_completed_within_6h,0.9212446697565653,0.07805808211254328,0.9077217969554573,0.9347675425576732,128
24,2.0,oracle,total_travel_h,6.2197916666666675,0.4178892823685003,6.14739604205642,6.292187291276915,128
24,2.0,pc_rollout,integrated_risk_6h,133.70136476257736,42.30761727773795,126.37194400970861,141.0307855154461,128
24,2.0,pc_rollout,integer_unrouted_integrated_risk_6h,187.75477889542327,53.05170811398205,178.56403936799637,196.94551842285017,128
24,2.0,pc_rollout,routing_risk_penalty_6h,-54.0534141328459,28.668093061078157,-59.01990786960387,-49.08692039608793,128
24,2.0,pc_rollout,risk_weighted_completion_h,2.430734870446596,0.6855961911007112,2.3119613900552656,2.549508350837926,128
24,2.0,pc_rollout,risk_fraction_completed_within_6h,0.9212819873243998,0.07774467388022795,0.9078134097294476,0.934750564919352,128
24,2.0,pc_rollout,total_travel_h,6.3140624999999995,0.3827219676859839,6.247759301828344,6.380365698171655,128
24,2.0,route_aware_pc,integrated_risk_6h,133.12884140466872,42.17580240588746,125.82225641328792,140.4354263960495,128
24,2.0,route_aware_pc,integer_unrouted_integrated_risk_6h,177.35341658345186,48.497700011025834,168.9516187087638,185.75521445813993,128
24,2.0,route_aware_pc,routing_risk_penalty_6h,-44.224575178783134,20.24335691397485,-47.731557841006676,-40.71759251655959,128
24,2.0,route_aware_pc,risk_weighted_completion_h,2.4256087953419865,0.6845724950430808,2.307012661244591,2.544204929439382,128
24,2.0,route_aware_pc,risk_fraction_completed_within_6h,0.9210256279910924,0.07776413588608988,0.9075536787756417,0.9344975772065431,128
24,2.0,route_aware_pc,total_travel_h,6.205078125,0.3811535571044754,6.139046640099022,6.271109609900978,128
24,2.0,static,integrated_risk_6h,134.52494607691682,42.92468442936076,127.08862389404489,141.96126825978874,128
24,2.0,static,integer_unrouted_integrated_risk_6h,185.61219926352538,53.87133230204397,176.27946708985473,194.94493143719603,128
24,2.0,static,routing_risk_penalty_6h,-51.087253186608564,24.028049251308087,-55.24990034485822,-46.92460602835891,128
24,2.0,static,risk_weighted_completion_h,2.4415913633172854,0.6845939013709177,2.3229915207627947,2.560191205871776,128
24,2.0,static,risk_fraction_completed_within_6h,0.9182934028510563,0.07875149733522399,0.9046504019914452,0.9319364037106674,128
24,2.0,static,total_travel_h,6.434114583333335,0.34109634478556305,6.37502265641656,6.4932065102501095,128
