forecast,condition,group,policy,mean_cost,q95,q99,es95,maximum_cost,positive_excess,worse_fraction,guard_acceptance,crew_completion_fraction,crew_mean_completion_h,crew_total_travel_h,communication_loss,raw_infeasible_hours,infeasible_hours,curtailed_energy_kwh
graph,primary,published,matched,517.8447315570389,1681.1135002136225,2938.1894812011706,2370.241352409124,4046.095489501953,0.0,0.0,0.0,0.8318868003988136,2.8532190356854805,1.7188151041666666,81.22504518773349,0,0,0.0
graph,primary,published,central,517.1922532527327,1667.9445640563963,2930.7965618896465,2365.792735010385,4001.8966674804688,0.8513237716642998,0.126953125,0.0,0.833625388307677,2.8345413002511872,1.7259765624999999,81.06238830185612,0,0,0.0
graph,primary,published,robust,517.0144821060553,1667.9445640563963,2930.7965618896465,2364.898423045873,4001.8966674804688,0.6566590677398358,0.1171875,0.0,0.8340957259850457,2.842156258394258,1.7195963541666666,81.0527454229159,0,0,0.0
graph,primary,published,protected_0.001,516.9096365544154,1667.9445640563963,2938.1894812011706,2366.97597810626,4046.095489501953,0.1073157361533961,0.0087890625,0.060546875,0.8324798894928792,2.8438556172596696,1.7189453125,80.99863377066504,0,0,0.0
graph,primary,independent,matched,489.0429338573175,1555.2721408843977,2801.6077383422844,2285.6457281708713,3822.907287597656,0.0,0.0,0.0,0.8254440560643919,3.0069437064340727,1.7437174479166666,74.22483112359623,0,0,0.0
graph,primary,independent,central,489.00506218979615,1555.2721408843977,2801.6077383422844,2285.4352325797076,3822.907287597656,0.08698859007280384,0.052734375,0.0,0.8262940076127141,3.006473654684216,1.7417643229166668,74.22567283437093,0,0,0.0
graph,primary,independent,robust,489.0868411387482,1555.2721408843977,2801.6077383422844,2283.6870268583293,3822.907287597656,0.31114712436683384,0.0595703125,0.0,0.8269339050055411,2.9969209606652973,1.7417154947916667,74.27425802057405,0,0,0.0
graph,primary,independent,protected_0.001,488.98236135722243,1555.2721408843977,2801.6077383422844,2285.6457281708713,3822.907287597656,0.0,0.0,0.0048828125,0.8256162697375821,3.00501523894164,1.7439290364583333,74.2169643994057,0,0,0.0
graph,primary,independent,observed,489.53181181155304,1555.2721408843977,2801.6077383422844,2285.324785172939,3822.907287597656,0.591108746999881,0.0673828125,0.0,0.8259693059671275,3.007395467468071,1.7423828125,74.33673052230006,0,0,0.0
graph,matrix_scale_075,published,matched,518.7987673744839,1669.557942962646,2943.4071640014636,2372.345752984285,4046.095489501953,0.0,0.0,0.0,0.8317889258877185,2.8479016057771096,1.722216796875,81.49017945201194,0,0,0.0
graph,matrix_scale_075,published,central,521.8278426914471,1681.1135002136225,2995.093544311522,2386.047204524278,4076.441192626953,3.968996264730488,0.2099609375,0.0,0.8331572466041837,2.8113489425652727,1.7386881510416665,82.13033251211891,0,0,0.0
graph,matrix_scale_075,published,robust,518.8044356889698,1662.5420867919916,2930.7965618896465,2373.8116254508486,4001.8966674804688,1.2012732535114323,0.142578125,0.0,0.8339167952152947,2.8215513862153045,1.7270182291666667,81.43411576597282,0,0,0.0
graph,matrix_scale_075,published,protected_0.001,519.1683114231657,1662.5420867919916,2943.4071640014636,2375.02120694518,4076.441192626953,1.0721277980239283,0.064453125,0.12109375,0.8320675914495872,2.8280124230384214,1.7270670572916667,81.5211379118482,0,0,0.0
graph,matrix_scale_075,independent,matched,489.0429338573175,1555.2721408843977,2801.6077383422844,2285.6457281708713,3822.907287597656,0.0,0.0,0.0,0.8254440560643919,3.0069437064340727,1.7437174479166666,74.22483112359623,0,0,0.0
graph,matrix_scale_075,independent,central,489.6742498513745,1559.242863845825,2801.6077383422844,2286.2962791621676,3822.907287597656,0.7758705558554373,0.076171875,0.0,0.8258234391564119,3.000821081591698,1.74150390625,74.40025755920942,0,0,0.0
graph,matrix_scale_075,independent,robust,489.0963446786867,1555.2721408843977,2801.6077383422844,2284.973523974418,3822.907287597656,0.2259467216400745,0.05859375,0.0,0.8265036820167244,3.002879324521863,1.7451822916666666,74.26381419790414,0,0,0.0
graph,matrix_scale_075,independent,protected_0.001,489.06125590534054,1555.2721408843977,2801.6077383422844,2285.6457281708713,3822.907287597656,0.060963794589042664,0.0029296875,0.0068359375,0.8256096935591308,3.003504108068636,1.7435221354166668,74.23739566929726,0,0,0.0
graph,matrix_scale_075,independent,observed,494.937831960862,1566.298559570312,2801.6077383422844,2302.399126917123,3822.907287597656,6.010546075183161,0.1376953125,0.0,0.8258876791521021,2.9861149362326342,1.7447428385416666,75.66562079573487,0,0,0.0
graph,matrix_scale_125,published,matched,518.6661434673142,1680.9660659790031,2943.4071640014636,2377.6590044200416,4046.095489501953,0.0,0.0,0.0,0.8326368957534012,2.8582410950137236,1.7173990885416668,81.34929647242825,0,0,0.0
graph,matrix_scale_125,published,central,517.3838645527762,1670.0671386718745,2930.7965618896465,2368.604902297258,3981.8317260742183,0.48554371381530836,0.1064453125,0.0,0.8346545871090925,2.850708160047404,1.7201822916666667,81.05146955633245,0,0,0.0
graph,matrix_scale_125,published,robust,520.1971675617664,1681.1135002136225,3002.424721984861,2384.7640150189395,3979.4928283691406,3.057754081628994,0.1865234375,0.0,0.8356090192090468,2.840347090517352,1.7162597656249998,81.71242664096644,0,0,0.0
graph,matrix_scale_125,published,protected_0.001,517.7720531454461,1670.0671386718745,2943.4071640014636,2372.715201348066,4046.095489501953,0.007549705085693845,0.001953125,0.0361328125,0.83282352316255,2.8550741316534265,1.7149739583333332,81.15229200849717,0,0,0.0
graph,matrix_scale_125,independent,matched,489.0429338573175,1555.2721408843977,2801.6077383422844,2285.6457281708713,3822.907287597656,0.0,0.0,0.0,0.8254440560643919,3.0069437064340727,1.7437174479166666,74.22483112359623,0,0,0.0
graph,matrix_scale_125,independent,central,488.87605174798193,1555.2721408843977,2801.6077383422844,2283.4757346510883,3822.907287597656,0.07244386072342068,0.048828125,0.0,0.8264210452885798,3.009829909963786,1.7419596354166667,74.20791523147636,0,0,0.0
graph,matrix_scale_125,independent,robust,493.4565622332208,1565.5792724609369,2801.6077383422844,2312.3119391500945,4001.8966674804688,4.56330086246821,0.099609375,0.0,0.828927139167893,2.9642080660329304,1.73759765625,75.37635002047318,0,0,0.0
graph,matrix_scale_125,independent,protected_0.001,488.9753258633717,1555.2721408843977,2801.6077383422844,2285.6457281708713,3822.907287597656,0.0,0.0,0.005859375,0.8255866769345517,3.005255704331425,1.7440755208333332,74.21608056310652,0,0,0.0
graph,matrix_scale_125,independent,observed,488.9915561801189,1555.2721408843977,2801.6077383422844,2285.4352325797076,3822.907287597656,0.07612053735140999,0.048828125,0.0,0.8259430393174099,3.015346193950638,1.74208984375,74.22124281927972,0,0,0.0
graph,matrix_noise_015,published,matched,518.1099725654653,1674.439416503906,2943.4071640014636,2372.7595728933807,4046.095489501953,0.0,0.0,0.0,0.8318276969949836,2.854862598319027,1.7237792968749999,81.25248817632382,0,0,0.0
graph,matrix_noise_015,published,central,516.6747675561076,1667.9445640563963,2930.7965618896465,2365.4901889860625,3979.4928283691406,0.2119737340976719,0.0888671875,0.0,0.8333788990475157,2.846515140559302,1.7246256510416667,80.92119324480882,0,0,0.0
graph,matrix_noise_015,published,robust,517.1721487420368,1667.9445640563963,2930.7965618896465,2363.4740916788573,3979.4928283691406,0.6132018368759187,0.1123046875,0.0,0.8339660067805135,2.846859420876642,1.7207845052083333,81.05803924806241,0,0,0.0
graph,matrix_noise_015,published,protected_0.001,517.2529906123232,1667.9445640563963,2943.4071640014636,2367.96130695939,4046.095489501953,0.013975613081129303,0.0048828125,0.0439453125,0.8322872358098565,2.8491531836161466,1.7217285156249997,81.0618747034896,0,0,0.0
graph,matrix_noise_015,independent,matched,489.0429338573175,1555.2721408843977,2801.6077383422844,2285.6457281708713,3822.907287597656,0.0,0.0,0.0,0.8254440560643919,3.0069437064340727,1.7437174479166666,74.22483112359623,0,0,0.0
graph,matrix_noise_015,independent,central,488.9534054392065,1555.2721408843977,2801.6077383422844,2285.324785172939,3822.907287597656,0.03533183948313741,0.0478515625,0.0,0.8262710731903655,3.007334269293854,1.7424967447916666,74.20958257005987,0,0,0.0
graph,matrix_noise_015,independent,robust,488.9429758704918,1555.2721408843977,2801.6077383422844,2282.9987845420833,3822.907287597656,0.16373054685450653,0.0498046875,0.0,0.8267760767227129,3.0033503467008478,1.741845703125,74.23165653309115,0,0,0.0
graph,matrix_noise_015,independent,protected_0.001,488.98236135722243,1555.2721408843977,2801.6077383422844,2285.6457281708713,3822.907287597656,0.0,0.0,0.0048828125,0.8256162697375821,3.00501523894164,1.7439290364583333,74.2169643994057,0,0,0.0
graph,matrix_noise_015,independent,observed,489.00066369009363,1555.2721408843977,2801.6077383422844,2285.324785172939,3822.907287597656,0.03371710391227495,0.044921875,0.0,0.8258095076653236,3.0152065421555343,1.744287109375,74.21714161519049,0,0,0.0
graph,expanded_unsupported,published,matched,645.0127596619423,1987.5938171386713,3190.9090136718746,2708.303565025329,4688.2138671875,0.0,0.0,0.0,0.8318868003988136,2.8532190356854805,1.7188151041666666,106.91500454630295,0,0,0.0
graph,expanded_unsupported,published,central,644.9017340734197,1972.7735855102533,3190.9090136718746,2702.5630947351447,4580.443237304688,2.230995111162385,0.1552734375,0.0,0.833625388307677,2.8345413002511872,1.7259765624999999,106.94796231285727,0,0,0.0
graph,expanded_unsupported,published,robust,642.8613027134791,1971.7823684692376,3186.3744732666005,2698.200475871562,4580.443237304688,0.7676879461022174,0.1142578125,0.0,0.8340957259850457,2.842156258394258,1.7195963541666666,106.46146453097754,0,0,0.0
graph,expanded_unsupported,published,protected_0.001,643.5107573497236,1971.7823684692376,3190.9090136718746,2703.8089975714674,4688.2138671875,0.22708262913511157,0.0107421875,0.060546875,0.8324798894928792,2.8438556172596696,1.7189453125,106.58151691230887,0,0,0.0
graph,expanded_unsupported,independent,matched,603.092430651591,1859.1276451110832,3132.168493652343,2607.1930555701247,4474.955139160156,0.0,0.0,0.0,0.8254440560643919,3.0069437064340727,1.7437174479166666,97.10064992446132,0,0,0.0
graph,expanded_unsupported,independent,central,602.9405427578276,1866.0512199401849,3132.168493652343,2607.0156489014616,4474.955139160156,0.1221384696665227,0.0537109375,0.0,0.8262940076127141,3.006473654684216,1.7417643229166668,97.08498036361561,0,0,0.0
graph,expanded_unsupported,independent,robust,602.8855040609766,1866.0512199401849,3132.168493652343,2603.421561539172,4474.955139160156,0.36018838173274514,0.0595703125,0.0,0.8269339050055411,2.9969209606652973,1.7417154947916667,97.11085852390534,0,0,0.0
graph,expanded_unsupported,independent,protected_0.001,602.9818667629363,1859.1276451110832,3132.168493652343,2607.1930555701247,4474.955139160156,0.0,0.0,0.0048828125,0.8256162697375821,3.00501523894164,1.7439290364583333,97.08637476716103,0,0,0.0
graph,expanded_unsupported,independent,observed,604.2983990723862,1859.1276451110832,3132.168493652343,2606.9900311231604,4474.955139160156,1.4283917283298644,0.0732421875,0.0,0.8259693059671275,3.007395467468071,1.7423828125,97.3830610629011,0,0,0.0
graph,zero_all_unsupported,published,matched,400.05629670441704,1363.9675148010253,2664.0593513488757,2053.6756677925578,3513.7500915527344,0.0,0.0,0.0,0.8318868003988136,2.8532190356854805,1.7188151041666666,60.74512231646804,0,0,0.0
graph,zero_all_unsupported,published,central,399.0759258154117,1363.9653488159179,2664.0593513488757,2052.339921712875,3487.0184326171875,0.316444847399908,0.095703125,0.0,0.833625388307677,2.8345413002511872,1.7259765624999999,60.41144376376178,0,0,0.0
graph,zero_all_unsupported,published,robust,399.46551055054806,1363.9653488159179,2664.0593513488757,2050.784265965223,3487.0184326171875,0.429321285531112,0.1083984375,0.0,0.8340957259850457,2.842156258394258,1.7195963541666666,60.56935666328354,0,0,0.0
graph,zero_all_unsupported,published,protected_0.001,399.34868460020334,1363.9675148010253,2664.0593513488757,2052.591725885867,3513.7500915527344,0.08360090180940433,0.0068359375,0.060546875,0.8324798894928792,2.8438556172596696,1.7189453125,60.50934339070227,0,0,0.0
graph,zero_all_unsupported,independent,matched,384.6663116491061,1328.0123855590814,2599.486815795898,2006.0713026672595,3316.997772216797,0.0,0.0,0.0,0.8254440560643919,3.0069437064340727,1.7437174479166666,56.10410937537381,0,0,0.0
graph,zero_all_unsupported,independent,central,384.63027144270814,1328.0123855590814,2599.486815795898,2006.0181150585406,3316.997772216797,0.04458466342111955,0.046875,0.0,0.8262940076127141,3.006473654684216,1.7417643229166668,56.09462288249051,0,0,0.0
graph,zero_all_unsupported,independent,robust,384.6486836164702,1328.0123855590814,2599.486815795898,2005.1669794321053,3316.997772216797,0.14032781152127402,0.052734375,0.0,0.8269339050055411,2.9969209606652973,1.7417154947916667,56.13078678162128,0,0,0.0
graph,zero_all_unsupported,independent,protected_0.001,384.6296369651852,1328.0123855590814,2599.486815795898,2006.0713026672595,3316.997772216797,0.0,0.0,0.0048828125,0.8256162697375821,3.00501523894164,1.7439290364583333,56.09832448516681,0,0,0.0
graph,zero_all_unsupported,independent,observed,384.7499123183593,1328.0123855590814,2599.486815795898,2006.0181150585406,3316.997772216797,0.16892771398257567,0.0576171875,0.0,0.8259693059671275,3.007395467468071,1.7423828125,56.120649406904704,0,0,0.0
graph,nonlinear_ood,published,matched,379.5414127263183,1313.9101659774742,2563.343583068847,1973.9159326255315,3194.775115966797,0.0,0.0,0.0,0.8318868003988136,2.8532190356854805,1.7188151041666666,47.72845534895896,0,0,0.0
graph,nonlinear_ood,published,central,378.19951115371333,1304.706736850736,2559.8176278686515,1971.7763260230415,3194.775115966797,0.19290522140699684,0.0947265625,0.0,0.833625388307677,2.8345413002511872,1.7259765624999999,47.37794033330283,0,0,0.0
graph,nonlinear_ood,published,robust,378.580937811169,1304.2388852119418,2559.8176278686515,1969.735625110566,3194.775115966797,0.32672427129070397,0.1083984375,0.0,0.8340957259850457,2.842156258394258,1.7195963541666666,47.510152168077184,0,0,0.0
graph,nonlinear_ood,published,protected_0.001,378.6623754112269,1304.2388852119418,2559.8176278686515,1972.042860783636,3194.775115966797,0.046881420406861975,0.005859375,0.060546875,0.8324798894928792,2.8438556172596696,1.7189453125,47.50334843763267,0,0,0.0
graph,nonlinear_ood,independent,matched,368.02972420363716,1271.8604541778561,2498.955418548584,1939.8325239121907,3135.1688232421875,0.0,0.0,0.0,0.8254440560643919,3.0069437064340727,1.7437174479166666,44.98885547602549,0,0,0.0
graph,nonlinear_ood,independent,central,367.9603237645413,1271.8580677032467,2498.955418548584,1939.7621678411954,3135.1688232421875,0.0412749288834042,0.05078125,0.0,0.8262940076127141,3.006473654684216,1.7417643229166668,44.97465654187545,0,0,0.0
graph,nonlinear_ood,independent,robust,367.86730067686494,1271.8595981597896,2498.955418548584,1938.1936433315273,3135.1688232421875,0.05737866474136186,0.0537109375,0.0,0.8269339050055411,2.9969209606652973,1.7417154947916667,44.96957491595822,0,0,0.0
graph,nonlinear_ood,independent,protected_0.001,367.98349663150606,1271.8604541778561,2498.955418548584,1939.8325239121907,3135.1688232421875,0.0,0.0,0.0048828125,0.8256162697375821,3.00501523894164,1.7439290364583333,44.982456689031096,0,0,0.0
graph,nonlinear_ood,independent,observed,368.05794501809726,1271.8580677032467,2498.955418548584,1939.7621678411954,3135.1688232421875,0.14889785410790546,0.060546875,0.0,0.8259693059671275,3.007395467468071,1.7423828125,44.974529436280136,0,0,0.0
graph,electrical_stress,published,matched,7506.046493348476,35243.54943847652,56564.10286621094,47931.81470918654,66453.611328125,0.0,0.0,0.0,0.8319690026294533,2.8510861593420325,1.7187337239583331,552.9372239900986,128,0,6276.544977545738
graph,electrical_stress,published,central,7503.71817178506,35243.54943847652,56564.10286621094,47931.34340333937,66453.611328125,5.687278143098629,0.11328125,0.0,0.8342788618240781,2.821320005471221,1.7301595052083332,552.7471492588811,128,0,6306.1220499277115
graph,electrical_stress,published,robust,7503.654590448641,35243.54943847652,56564.10286621094,47932.42533731459,66453.611328125,3.850265783169219,0.1083984375,0.0,0.8345280748340709,2.8307545447907962,1.7224446614583333,552.7039188021736,129,0,6312.839018464088
graph,electrical_stress,published,protected_0.001,7503.5660349471855,35243.54943847652,56564.10286621094,47933.85316896437,66453.611328125,0.753628198988741,0.005859375,0.048828125,0.8325916845265492,2.8411466153391203,1.71982421875,552.6731565130176,128,0,6255.3846381902695
graph,electrical_stress,independent,matched,7445.985561159008,35104.93311767576,56542.41479492187,47794.36333036421,66624.1689453125,0.0,0.0,0.0,0.8254485771870771,3.0073263187412707,1.7432454427083333,544.6830463207152,131,0,6391.045449733734
graph,electrical_stress,independent,central,7445.639764795952,35104.93311767576,56542.41479492187,47791.14187097548,66624.1689453125,1.000227238667927,0.0732421875,0.0,0.8264913440235355,2.9970478675192123,1.7385904947916666,544.6833355834533,130,0,6345.80153465271
graph,electrical_stress,independent,robust,7443.330128629952,35104.93311767576,56542.41479492187,47777.32330179213,66651.265625,0.6817940108354699,0.080078125,0.0,0.8273958525291845,2.9913057897618502,1.7415852864583332,544.6803883031534,131,0,6408.630721569061
graph,electrical_stress,independent,protected_0.001,7445.78443345105,35104.93311767576,56542.41479492187,47794.36333036421,66624.1689453125,0.0,0.0,0.001953125,0.8255077627931376,3.006711898168354,1.74345703125,544.6694992354896,131,0,6391.045449733734
graph,electrical_stress,independent,observed,7445.464861774224,35104.93311767576,56542.41479492187,47794.998467922196,66624.1689453125,1.1853330643912297,0.0537109375,0.0,0.8260811010007975,3.005453906813521,1.7432779947916668,544.7903033554612,131,0,6373.739277839661
weekly,primary,published,matched,525.6656299363967,1654.0553245544427,2900.0726213073713,2351.9492734074583,3931.910400390625,0.0,0.0,0.0,0.8325066784762396,2.8442520406898835,1.7187825520833333,84.1442912259663,0,0,0.0
weekly,primary,published,central,525.1382948553238,1646.7390296936035,2900.0726213073713,2351.63800305128,3931.910400390625,0.6324310222342057,0.130859375,0.0,0.8347152819501646,2.8120938962200914,1.7250162760416667,84.00763622015438,0,0,0.0
weekly,primary,published,robust,525.5016608349154,1657.3716217041012,2900.0726213073713,2353.4808762073512,3951.008117675781,0.8285374018165784,0.1328125,0.0,0.8349095148526527,2.8256648438893444,1.7166829427083332,84.09152193987029,0,0,0.0
weekly,primary,published,protected_0.001,524.9622399456479,1646.7390296936035,2900.0726213073713,2350.81718212366,3931.910400390625,0.039890082068076135,0.01953125,0.0908203125,0.8335710545907289,2.831023047746398,1.7195475260416666,83.98472316697735,0,0,0.0
weekly,primary,independent,matched,498.81958591141296,1557.7771133422848,2779.7001489257805,2280.646452575921,3785.187744140625,0.0,0.0,0.0,0.8251216982299331,3.0084981138214957,1.7458170572916667,77.33745115643615,0,0,0.0
weekly,primary,independent,central,498.8088794376477,1557.7771133422848,2779.7001489257805,2280.583112806081,3785.187744140625,0.21520950080336546,0.099609375,0.0,0.8283099875124108,2.972075025027036,1.7410807291666668,77.33816399574062,0,0,0.0
weekly,primary,independent,robust,499.22526501395964,1557.7771133422848,2779.7001489257805,2284.3742099106303,3785.187744140625,0.6454212732748164,0.08984375,0.0,0.8281748822747665,2.9741738463637946,1.7404622395833333,77.46517681157275,0,0,0.0
weekly,primary,independent,protected_0.001,498.7354008943977,1557.7771133422848,2779.7001489257805,2280.5205407440653,3785.187744140625,0.02970152654084007,0.015625,0.0439453125,0.825831081848188,3.000591538861939,1.74423828125,77.32047173456158,0,0,0.0
weekly,primary,independent,observed,499.4963489432621,1557.7771133422848,2779.7001489257805,2280.7355510890475,3785.187744140625,0.8666117269197937,0.1201171875,0.0,0.8279024248745892,2.968013360402706,1.7425455729166668,77.46646096072072,0,0,0.0
weekly,matrix_scale_075,published,matched,526.7508935593177,1646.7390296936035,2900.0726213073713,2352.93855524063,3931.910400390625,0.0,0.0,0.0,0.8323270666022918,2.8415199834267364,1.7219726562500002,84.40043492354744,0,0,0.0
weekly,matrix_scale_075,published,central,529.5586154809698,1671.0732688903806,2907.220781707762,2360.1741240024558,3857.1326293945312,3.910267082193374,0.2333984375,0.0,0.8342317919158934,2.7881135878052854,1.7330240885416668,85.02426668992848,0,0,0.0
weekly,matrix_scale_075,published,robust,526.719588268709,1654.0044830322258,2900.0726213073713,2355.5435771346083,3869.608795166016,1.242108280462503,0.158203125,0.0,0.8348684481921981,2.7997064395998112,1.7285319010416667,84.34670414239736,0,0,0.0
weekly,matrix_scale_075,published,protected_0.001,526.770610065059,1646.7390296936035,2900.0726213073713,2351.825047194957,3869.608795166016,0.9146483989486925,0.0693359375,0.154296875,0.8335394673019972,2.8125630723707777,1.72158203125,84.3856333000731,0,0,0.0
weekly,matrix_scale_075,independent,matched,498.81958591141296,1557.7771133422848,2779.7001489257805,2280.646452575921,3785.187744140625,0.0,0.0,0.0,0.8251216982299331,3.0084981138214957,1.7458170572916667,77.33745115643615,0,0,0.0
weekly,matrix_scale_075,independent,central,500.25871006229886,1557.7771133422848,2779.7001489257805,2281.930729418992,3785.187744140625,1.6703790188883356,0.138671875,0.0,0.828145149736469,2.9607175861832316,1.7405924479166668,77.70578687226953,0,0,0.0
weekly,matrix_scale_075,independent,robust,499.03630856189125,1557.7771133422848,2779.7001489257805,2280.748763650655,3785.187744140625,0.4578945118182435,0.1103515625,0.0,0.8284103536014622,2.9654826356532196,1.7375651041666667,77.40214764984557,0,0,0.0
weekly,matrix_scale_075,independent,protected_0.001,498.7965214250941,1557.7771133422848,2779.7001489257805,2280.5205407440653,3785.187744140625,0.07835919465855143,0.0224609375,0.0439453125,0.8256927138618554,2.998035879895517,1.7449869791666668,77.33697729980122,0,0,0.0
weekly,matrix_scale_075,independent,observed,503.9019542305121,1564.64659576416,2779.7001489257805,2284.000266760587,3785.187744140625,5.2821921548512565,0.1865234375,0.0,0.8278731835569588,2.9472322789529146,1.7429361979166667,78.6006938799037,0,0,0.0
weekly,matrix_scale_125,published,matched,527.1209123463245,1654.0553245544427,2900.0726213073713,2359.4988641738883,3992.914367675781,0.0,0.0,0.0,0.8330997675703053,2.8475443075162348,1.7170084635416667,84.36078951949094,0,0,0.0
weekly,matrix_scale_125,published,central,526.124580431881,1654.0553245544427,2900.0726213073713,2356.9443387389174,3857.1326293945312,0.743398335238876,0.123046875,0.0,0.8352396229965877,2.8309479077330493,1.7205403645833333,84.14657373337832,0,0,0.0
weekly,matrix_scale_125,published,robust,528.2124911253345,1669.4804481506337,2957.9297511291475,2366.3666201233855,3857.1326293945312,2.6375043460775895,0.1884765625,0.0,0.8357086912621807,2.827474074356657,1.710595703125,84.6439821894819,0,0,0.0
weekly,matrix_scale_125,published,protected_0.001,526.2853768756034,1654.0553245544427,2900.0726213073713,2354.0354565381995,3857.1326293945312,0.016891130611030244,0.01953125,0.078125,0.8335607205960198,2.843265329599169,1.7172688802083333,84.17270787762027,0,0,0.0
weekly,matrix_scale_125,independent,matched,498.81958591141296,1557.7771133422848,2779.7001489257805,2280.646452575921,3785.187744140625,0.0,0.0,0.0,0.8251216982299331,3.0084981138214957,1.7458170572916667,77.33745115643615,0,0,0.0
weekly,matrix_scale_125,independent,central,498.7353280756378,1557.7771133422848,2779.7001489257805,2280.665965050458,3785.187744140625,0.1730480407727418,0.0830078125,0.0,0.8278900515455998,2.9795583032952164,1.7402018229166667,77.32984511044924,0,0,0.0
weekly,matrix_scale_125,independent,robust,503.8221726861685,1570.015834808349,2779.7001489257805,2313.160598844289,4106.131530761719,5.20320788488376,0.1259765625,0.0,0.8297709207848675,2.9490652586255792,1.7343098958333334,78.60009151628765,0,0,0.0
weekly,matrix_scale_125,independent,protected_0.001,498.75956302812034,1557.7771133422848,2779.7001489257805,2280.646452575921,3785.187744140625,0.02632775540055646,0.017578125,0.0439453125,0.8256559910969254,3.0050460247984203,1.7447591145833332,77.32592861999728,0,0,0.0
weekly,matrix_scale_125,independent,observed,498.94832736308524,1557.7771133422848,2779.7001489257805,2281.4657246768465,3785.187744140625,0.33735007041259424,0.095703125,0.0,0.8274394619116263,2.977811499124771,1.7436848958333333,77.33877417966141,0,0,0.0
weekly,matrix_noise_015,published,matched,525.9187230686948,1654.0553245544427,2900.0726213073713,2352.057247519492,3931.910400390625,0.0,0.0,0.0,0.8326538204690848,2.8442170665675315,1.7214518229166667,84.16626492493015,0,0,0.0
weekly,matrix_noise_015,published,central,525.1500561223332,1654.0553245544427,2900.0726213073713,2351.015520155429,3931.910400390625,0.3171567743913565,0.11328125,0.0,0.8341055880055097,2.8258198784609068,1.7246744791666666,83.98673563895136,0,0,0.0
weekly,matrix_noise_015,published,robust,525.926793047171,1654.0553245544427,2900.0726213073713,2351.1718950271597,3931.910400390625,0.9769759317828566,0.1298828125,0.0,0.83438490021671,2.83452564342245,1.7170572916666667,84.16667777861585,0,0,0.0
weekly,matrix_noise_015,published,protected_0.001,525.3624124747605,1654.0553245544427,2900.0726213073713,2350.6041947603217,3931.910400390625,0.040905153795892525,0.015625,0.068359375,0.8330093667487676,2.839067258873546,1.7204427083333333,84.03963549385298,0,0,0.0
weekly,matrix_noise_015,independent,matched,498.81958591141296,1557.7771133422848,2779.7001489257805,2280.646452575921,3785.187744140625,0.0,0.0,0.0,0.8251216982299331,3.0084981138214957,1.7458170572916667,77.33745115643615,0,0,0.0
weekly,matrix_noise_015,independent,central,498.7362549217528,1557.7771133422848,2779.7001489257805,2280.62622603774,3785.187744140625,0.14370157423067267,0.0966796875,0.0,0.8280140594821078,2.975418928723999,1.7411783854166667,77.31755329592488,0,0,0.0
weekly,matrix_noise_015,independent,robust,498.87219334003134,1557.7771133422848,2779.7001489257805,2281.6865801513186,3833.2039489746094,0.3113623442653691,0.08203125,0.0,0.8280285623042277,2.9798970567140053,1.7404459635416667,77.37319061776361,0,0,0.0
weekly,matrix_noise_015,independent,protected_0.001,498.73738958213534,1557.7771133422848,2779.7001489257805,2280.646452575921,3785.187744140625,0.028039169248529436,0.0146484375,0.0390625,0.8258875547806375,3.000634704386285,1.7451334635416667,77.32411891178708,0,0,0.0
weekly,matrix_noise_015,independent,observed,498.94852862356134,1557.7771133422848,2779.7001489257805,2280.7786643207064,3785.187744140625,0.31560789450344484,0.09765625,0.0,0.8277051395210538,2.976955671581513,1.7415852864583332,77.33046615729108,0,0,0.0
weekly,expanded_unsupported,published,matched,649.7343535670354,1967.8531166076655,3136.0124890136713,2678.978920578956,4550.527587890625,0.0,0.0,0.0,0.8325066784762396,2.8442520406898835,1.7187825520833333,109.32241302244074,0,0,0.0
weekly,expanded_unsupported,published,central,649.9882677004325,1960.633391571044,3136.0124890136713,2678.1406627297392,4550.527587890625,1.8486584843412326,0.1572265625,0.0,0.8347152819501646,2.8120938962200914,1.7250162760416667,109.44054965430041,0,0,0.0
weekly,expanded_unsupported,published,robust,648.7602837645899,1960.633391571044,3137.3117630004876,2679.9429423809042,4521.022338867188,0.8899142441330314,0.1201171875,0.0,0.8349095148526527,2.8256648438893444,1.7166829427083332,109.11790637709055,0,0,0.0
weekly,expanded_unsupported,published,protected_0.001,648.9143710601433,1960.633391571044,3136.0124890136713,2676.918335080146,4550.527587890625,0.2304348327584641,0.025390625,0.0908203125,0.8335710545907289,2.831023047746398,1.7195475260416666,109.16876444609807,0,0,0.0
weekly,expanded_unsupported,independent,matched,610.7864891773588,1864.006433105469,3095.952901611327,2595.4757990241046,4420.95361328125,0.0,0.0,0.0,0.8251216982299331,3.0084981138214957,1.7458170572916667,99.9308714826002,0,0,0.0
weekly,expanded_unsupported,independent,central,611.1374793528341,1869.5329109191887,3095.952901611327,2595.385319590568,4420.95361328125,0.7674029683768379,0.103515625,0.0,0.8283099875124108,2.972075025027036,1.7410807291666668,100.0370130815354,0,0,0.0
weekly,expanded_unsupported,independent,robust,610.9726563920453,1864.0039817810057,3095.952901611327,2600.3479763269415,4420.95361328125,0.7351147730432507,0.0859375,0.0,0.8281748822747665,2.9741738463637946,1.7404622395833333,100.01353809793,0,0,0.0
weekly,expanded_unsupported,independent,protected_0.001,610.6040781014763,1864.006433105469,3095.952901611327,2595.332272827625,4420.95361328125,0.05608538327015658,0.015625,0.0439453125,0.825831081848188,3.000591538861939,1.74423828125,99.89703985946471,0,0,0.0
weekly,expanded_unsupported,independent,observed,613.0293791691997,1869.5329109191887,3095.952901611327,2595.628056824207,4420.95361328125,2.5846980703978,0.12890625,0.0,0.8279024248745892,2.968013360402706,1.7425455729166668,100.38279371470708,0,0,0.0
weekly,zero_all_unsupported,published,matched,411.91459135657726,1384.113236618041,2644.0265701293933,2056.4374366551633,3427.5919799804688,0.0,0.0,0.0,0.8325066784762396,2.8442520406898835,1.7187825520833333,64.42067431957548,0,0,0.0
weekly,zero_all_unsupported,published,central,410.9653487194951,1384.1745586395252,2644.0265701293933,2055.6087181121106,3427.5919799804688,0.2519178382557356,0.1103515625,0.0,0.8347152819501646,2.8120938962200914,1.7250162760416667,64.10340979112516,0,0,0.0
weekly,zero_all_unsupported,published,robust,411.78909616908504,1389.0490341186521,2644.0265701293933,2057.3747362345453,3448.805969238281,0.6851432556255759,0.1357421875,0.0,0.8349095148526527,2.8256648438893444,1.7166829427083332,64.3402760562094,0,0,0.0
weekly,zero_all_unsupported,published,protected_0.001,411.35185733161427,1384.113236618041,2644.0265701293933,2055.908331289887,3427.5919799804688,0.03298713562890053,0.021484375,0.0908203125,0.8335710545907289,2.831023047746398,1.7195475260416666,64.24230878474918,0,0,0.0
weekly,zero_all_unsupported,independent,matched,397.3089262380295,1367.2843490600555,2584.241070251465,2013.872049212455,3295.1925354003906,0.0,0.0,0.0,0.8251216982299331,3.0084981138214957,1.7458170572916667,59.72216333356482,0,0,0.0
weekly,zero_all_unsupported,independent,central,397.2541815987428,1367.2838249206513,2584.241070251465,2013.5983411073678,3295.1925354003906,0.1329771138074423,0.0869140625,0.0,0.8283099875124108,2.972075025027036,1.7410807291666668,59.702344238903606,0,0,0.0
weekly,zero_all_unsupported,independent,robust,397.5298392814533,1367.2838249206513,2584.241070251465,2016.9983892738812,3295.1925354003906,0.40674309040639445,0.0830078125,0.0,0.8281748822747665,2.9741738463637946,1.7404622395833333,59.802893384308845,0,0,0.0
weekly,zero_all_unsupported,independent,protected_0.001,397.2307597864201,1367.2843490600555,2584.241070251465,2013.7770626544946,3295.1925354003906,0.02333889866713435,0.013671875,0.0439453125,0.825831081848188,3.000591538861939,1.74423828125,59.69768503498926,0,0,0.0
weekly,zero_all_unsupported,independent,observed,397.2725444767758,1367.2838249206513,2584.241070251465,2013.723647952079,3295.1925354003906,0.17557646297552776,0.09375,0.0,0.8279024248745892,2.968013360402706,1.7425455729166668,59.71164539577512,0,0,0.0
weekly,nonlinear_ood,published,matched,391.35167543710656,1330.343312263488,2548.70004333496,1978.5359647795553,3134.0987548828125,0.0,0.0,0.0,0.8325066784762396,2.8442520406898835,1.7187825520833333,51.473334862850606,0,0,0.0
weekly,nonlinear_ood,published,central,390.13623927925784,1330.343312263488,2548.70004333496,1977.1572848707433,3134.0987548828125,0.20039423001082657,0.1025390625,0.0,0.8347152819501646,2.8120938962200914,1.7250162760416667,51.1332058333719,0,0,0.0
weekly,nonlinear_ood,published,robust,390.8664327078475,1339.7714347839355,2548.70004333496,1978.2155782133336,3134.0987548828125,0.5306536620544363,0.1298828125,0.0,0.8349095148526527,2.8256648438893444,1.7166829427083332,51.336902188748354,0,0,0.0
weekly,nonlinear_ood,published,protected_0.001,390.63648980289884,1330.343312263488,2548.70004333496,1977.7799593955274,3134.0987548828125,0.019459415268809555,0.013671875,0.0908203125,0.8335710545907289,2.831023047746398,1.7195475260416666,51.296313877661305,0,0,0.0
weekly,nonlinear_ood,independent,matched,380.4802040823175,1316.0605102539027,2499.150724029541,1949.8029789254065,3083.7684631347656,0.0,0.0,0.0,0.8251216982299331,3.0084981138214957,1.7458170572916667,48.62794019640569,0,0,0.0
weekly,nonlinear_ood,independent,central,380.4108268648673,1315.038780593868,2499.150724029541,1949.6251407191153,3083.7684631347656,0.1591263116484271,0.091796875,0.0,0.8283099875124108,2.972075025027036,1.7410807291666668,48.60791494136356,0,0,0.0
weekly,nonlinear_ood,independent,robust,380.5229366040094,1315.038780593868,2499.150724029541,1951.198353014886,3083.7684631347656,0.28609780773787485,0.0810546875,0.0,0.8281748822747665,2.9741738463637946,1.7404622395833333,48.65081311753238,0,0,0.0
weekly,nonlinear_ood,independent,protected_0.001,380.37307818546503,1315.038780593868,2499.150724029541,1949.6463140770788,3083.7684631347656,0.023707967469309064,0.013671875,0.0439453125,0.825831081848188,3.000591538861939,1.74423828125,48.60168449655612,0,0,0.0
weekly,nonlinear_ood,independent,observed,380.50612831640706,1315.038780593868,2499.150724029541,1949.7335025593634,3083.7684631347656,0.28115600120987577,0.1064453125,0.0,0.8279024248745892,2.968013360402706,1.7425455729166668,48.59611815763492,0,0,0.0
weekly,electrical_stress,published,matched,7545.556377637843,35205.79432373044,56449.460219726556,47937.30414438246,66392.048828125,0.0,0.0,0.0,0.8328971196700097,2.849038431896732,1.7174479166666665,555.8011152048348,97,0,4783.039636969566
weekly,electrical_stress,published,central,7544.4596695520595,35205.79432373044,56449.460219726556,47929.25368356703,66392.048828125,6.6267361404522696,0.1435546875,0.0,0.8350373418061908,2.805177373004919,1.715869140625,555.7908026789592,96,0,4780.252378821373
weekly,electrical_stress,published,robust,7545.214169065591,35216.528479003886,56449.460219726556,47939.158379077904,66392.048828125,8.115342548985067,0.1611328125,0.0,0.8352110185171117,2.807865770196093,1.7113932291666667,555.9014287913378,97,0,4803.781735777855
weekly,electrical_stress,published,protected_0.001,7544.554041853228,35205.79432373044,56449.460219726556,47937.30414438246,66392.048828125,2.750077908798665,0.0419921875,0.1103515625,0.8337117790051768,2.8272128210024117,1.708154296875,555.6549191142767,96,0,4798.88474881649
weekly,electrical_stress,independent,matched,7495.213450310648,35095.51058349608,56471.97135742187,47824.567572116845,66559.9521484375,0.0,0.0,0.0,0.824841059814529,3.0113823713322967,1.7483886718750001,547.9837024542358,98,0,4737.534759879112
weekly,electrical_stress,independent,central,7496.083815589935,35095.51058349608,56471.97135742187,47821.52188920974,66536.8095703125,4.795091120196798,0.099609375,0.0,0.8281759122203622,2.9469601008727535,1.7408040364583333,548.7130034984439,98,0,4685.255051016808
weekly,electrical_stress,independent,robust,7504.076019607396,35095.51058349608,56633.248144531244,47822.86350870132,66593.478515625,13.739200492527035,0.12109375,0.0,0.8283176283695297,2.9409253120102896,1.7410970052083332,549.7378096077955,98,0,4683.618667960167
weekly,electrical_stress,independent,protected_0.001,7494.082094424963,35095.51058349608,56471.97135742187,47824.567572116845,66559.9521484375,0.6413713764167185,0.0244140625,0.05859375,0.8261552621052939,2.988657060667726,1.7424641927083333,548.0249193357013,99,0,4796.286830306053
weekly,electrical_stress,independent,observed,7501.96886191233,35224.17569580077,56471.97135742187,47822.65265989302,66536.8095703125,11.06183176754188,0.16015625,0.0,0.8281433404623677,2.927429362668617,1.7387044270833334,549.443763617659,98,0,4775.210950255394
